0000 00600000
I (28) boot:  3 storage          Unknown data     01 82 00610000 00300000
I (28) boot: End of partition table
I (28) esp_image: segment 0: paddr=00010020 vaddr=3c110020 size=7894ch (493900) map
I (102) esp_image: segment 1: paddr=00088974 vaddr=3fcb8d00 size=057cch ( 22476) load
I (106) esp_image: segment 2: paddr=0008e148 vaddr=40374000 size=01ed0h (  7888) load
I (108) esp_image: segment 3: paddr=00090020 vaddr=42000020 size=100758h (1050456) map
I (265) esp_image: segment 4: paddr=00190780 vaddr=40375ed0 size=32d80h (208256) load
I (304) esp_image: segment 5: paddr=001c3508 vaddr=50000000 size=00020h (    32) load
I (323) boot: Loaded app from partition at offset 0x10000
I (324) boot: Disabling RNG early entropy source...
I (325) octal_psram: vendor id    : 0x0d (AP)
I (325) octal_psram: dev id       : 0x02 (generation 3)
I (325) octal_psram: density      : 0x03 (64 Mbit)
I (325) octal_psram: good-die     : 0x01 (Pass)
I (326) octal_psram: Latency      : 0x01 (Fixed)
I (326) octal_psram: VCC          : 0x01 (3V)
I (326) octal_psram: SRF          : 0x01 (Fast Refresh)
I (326) octal_psram: BurstType    : 0x01 (Hybrid Wrap)
I (326) octal_psram: BurstLen     : 0x01 (32 Byte)
I (327) octal_psram: Readlatency  : 0x02 (10 cycles@Fixed)
I (327) octal_psram: DriveStrength: 0x00 (1/1)
I (327) MSPI Timing: Enter psram timing tuning
I (328) esp_psram: Found 8MB PSRAM device
I (328) esp_psram: Speed: 80MHz
I (357) mmu_psram: Read only data copied and mapped to SPIRAM
I (429) mmu_psram: Instructions copied and mapped to SPIRAM
I (430) cpu_start: Multicore app
I (659) esp_psram: SPI SRAM memory test OK
I (668) cpu_start: Pro cpu start user code
I (668) cpu_start: cpu freq: 240000000 Hz
I (668) app_init: Application information:
I (668) app_init: Project name:     Clare_S3
I (668) app_init: App version:      3e09a44-dirty
I (668) app_init: Compile time:     Aug 29 2026 07:02:39
I (669) app_init: ELF file SHA256:  a45f7f47b4f156d1...
I (669) app_init: ESP-IDF:          v5.5.3
I (669) efuse_init: Min chip rev:     v0.0
I (669) efuse_init: Max chip rev:     v0.99 
I (669) efuse_init: Chip rev:         v0.2
I (669) heap_init: Initializing. RAM available for dynamic allocation:
I (670) heap_init: At 3FCD1720 len 00017FF0 (95 KiB): RAM
I (670) heap_init: At 3FCE9710 len 00005724 (21 KiB): RAM
I (670) heap_init: At 3FCF0000 len 00008000 (32 KiB): DRAM
I (670) heap_init: At 600FE000 len 00001FE8 (7 KiB): RTCRAM
I (670) esp_psram: Adding pool of 6579K of PSRAM memory to heap allocator
I (670) esp_psram: Adding pool of 29K of PSRAM memory gap generated due to end address alignment of drom to the heap allocator
I (671) spi_flash: detected chip: gd
I (671) spi_flash: flash io: qio
I (671) sleep_gpio: Configure to isolate all GPIO pins in sleep state
I (672) sleep_gpio: Enable automatic switching of GPIO sleep configuration
I (672) main_task: Started on CPU0
I (673) esp_psram: Reserving pool of 32K of internal memory for DMA/internal allocations
I (673) main_task: Calling app_main()
I (673) clare_s3: Clare S3 starting
I (681) axp2101: Init PMU SUCCESS!
I (687) DisplayPort: SPI BUS init
I (688) DisplayPort: Install panel IO
I (688) co5300: version: 2.1.0
I (688) co5300_spi: LCD panel create success, version: 2.1.0
W (848) co5300_spi: The 3Ah command has been used and will be overwritten by external initialization sequence
I (2122) CST9217: Checkcode: 0x204ECACA
I (2124) CST9217: Resolution X: 466, Y: 466
I (2126) CST9217: Chip Type: 0x9217, ProjectID: 0x5734
I (2126) esp_lvgl:adapter: LVGL adapter initialized successfully
E (2128) esp_lvgl:disp: alloc primary buffer 46600 bytes failed

assert failed: void Lvgl_PortInit(DisplayPort&) lvgl_bsp.cpp:74 (disp != NULL)


Backtrace: 0x40399b4d:0x3fcd5bb0 0x40399b19:0x3fcd5bd0 0x403a26d1:0x3fcd5bf0 0x4200f619:0x3fcd5d10 0x4200b349:0x3fcd5da0 0x420ff9f7:0x3fcd5e20




ELF file SHA256: a45f7f47b4f156d1

Rebooting...
ESP-ROM:esp32s3-20210327
Build:Mar 27 2021
rst:0xc (RTC_SW_CPU_RST),boot:0xb (SPI_FAST_FLASH_BOOT)
Saved PC:0x40399cdc
SPIWP:0xee
mode:DIO, clock div:1
load:0x3fce2820,len:0x16a4
load:0x403c8700,len:0xe80
load:0x403cb700,len:0x3188
entry 0x403c8948
I (24) boot: ESP-IDF v5.5.3 2nd stage bootloader
I (24) boot: compile time Aug 29 2026 07:03:04
I (24) boot: Multicore bootloader
I (24) boot: chip revision: v0.2
I (24) boot: efuse block revision: v1.3
I (25) qio_mode: Enabling default flash chip QIO
I (25) boot.esp32s3: Boot SPI Speed : 80MHz
I (25) boot.esp32s3: SPI Mode       : QIO
I (25) boot.esp32s3: SPI Flash Size : 32MB
I (26) boot: Enabling RNG early entropy source...
I (26) boot: Partition Table:
I (26) boot: ## Label            Usage          Type ST Offset   Length
I (26) boot:  0 nvs              WiFi data        01 02 00009000 00006000
I (27) boot:  1 phy_init         RF data          01 01 0000f000 00001000
I (27) boot:  2 factory          factory app      00 00 00010000 00600000
I (27) boot:  3 storage          Unknown data     01 82 00610000 00300000
I (28) boot: End of partition table
I (28) esp_image: segment 0: paddr=00010020 vaddr=3c110020 size=7894ch (493900) map
I (102) esp_image: segment 1: paddr=00088974 vaddr=3fcb8d00 size=057cch ( 22476) load
I (106) esp_image: segment 2: paddr=0008e148 vaddr=40374000 size=01ed0h (  7888) load
I (108) esp_image: segment 3: paddr=00090020 vaddr=42000020 size=100758h (1050456) map
I (264) esp_image: segment 4: paddr=00190780 vaddr=40375ed0 size=32d80h (208256) load
I (303) esp_image: segment 5: paddr=001c3508 vaddr=50000000 size=00020h (    32) load
I (323) boot: Loaded app from partition at offset 0x10000
I (323) boot: Disabling RNG early entropy source...
I (324) octal_psram: vendor id    : 0x0d (AP)
I (324) octal_psram: dev id       : 0x02 (generation 3)
I (325) octal_psram: density      : 0x03 (64 Mbit)
I (325) octal_psram: good-die     : 0x01 (Pass)
I (325) octal_psram: Latency      : 0x01 (Fixed)
I (325) octal_psram: VCC          : 0x01 (3V)
I (325) octal_psram: SRF          : 0x01 (Fast Refresh)
I (326) octal_psram: BurstType    : 0x01 (Hybrid Wrap)
I (326) octal_psram: BurstLen     : 0x01 (32 Byte)
I (326) octal_psram: Readlatency  : 0x02 (10 cycles@Fixed)
I (326) octal_psram: DriveStrength: 0x00 (1/1)
I (327) MSPI Timing: Enter psram timing tuning
I (327) esp_psram: Found 8MB PSRAM device
I (328) esp_psram: Speed: 80MHz
I (357) mmu_psram: Read only data copied and mapped to SPIRAM
I (429) mmu_psram: Instructions copied and mapped to SPIRAM
I (429) cpu_start: Multicore app
I (659) esp_psram: SPI SRAM memory test OK
I (667) cpu_start: Pro cpu start user code
I (667) cpu_start: cpu freq: 240000000 Hz
I (668) app_init: Application information:
I (668) app_init: Project name:     Clare_S3
I (668) app_init: App version:      3e09a44-dirty
I (668) app_init: Compile time:     Aug 29 2026 07:02:39
I (668) app_init: ELF file SHA256:  a45f7f47b4f156d1...
I (668) app_init: ESP-IDF:          v5.5.3
I (668) efuse_init: Min chip rev:     v0.0
I (669) efuse_init: Max chip rev:     v0.99 
I (669) efuse_init: Chip rev:         v0.2
I (669) heap_init: Initializing. RAM available for dynamic allocation:
I (669) heap_init: At 3FCD1720 len 00017FF0 (95 KiB): RAM
I (669) heap_init: At 3FCE9710 len 00005724 (21 KiB): RAM
I (669) heap_init: At 3FCF0000 len 00008000 (32 KiB): DRAM
I (670) heap_init: At 600FE000 len 00001FE8 (7 KiB): RTCRAM
I (670) esp_psram: Adding pool of 6579K of PSRAM memory to heap allocator
I (670) esp_psram: Adding pool of 29K of PSRAM memory gap generated due to end address alignment of drom to the heap allocator
I (671) spi_flash: detected chip: gd
I (671) spi_flash: flash io: qio
I (671) sleep_gpio: Configure to isolate all GPIO pins in sleep state
I (671) sleep_gpio: Enable automatic switching of GPIO sleep configuration
I (672) main_task: Started on CPU0
I (673) esp_psram: Reserving pool of 32K of internal memory for DMA/internal allocations
I (673) main_task: Calling app_main()
I (673) clare_s3: Clare S3 starting
I (681) axp2101: Init PMU SUCCESS!
I (687) DisplayPort: SPI BUS init
I (688) DisplayPort: Install panel IO
I (688) co5300: version: 2.1.0
I (688) co5300_spi: LCD panel create success, version: 2.1.0
W (848) co5300_spi: The 3Ah command has been used and will be overwritten by external initialization sequence
I (2122) CST9217: Checkcode: 0x204ECACA
I (2124) CST9217: Resolution X: 466, Y: 466
I (2126) CST9217: Chip Type: 0x9217, ProjectID: 0x5734
I (2126) esp_lvgl:adapter: LVGL adapter initialized successfully
E (2128) esp_lvgl:disp: alloc primary buffer 46600 bytes failed

assert failed: void Lvgl_PortInit(DisplayPort&) lvgl_bsp.cpp:74 (disp != NULL)


Backtrace: 0x40399b4d:0x3fcd5bb0 0x40399b19:0x3fcd5bd0 0x403a26d1:0x3fcd5bf0 0x4200f619:0x3fcd5d10 0x4200b349:0x3fcd5da0 0x420ff9f7:0x3fcd5e20




ELF file SHA256: a45f7f47b4f156d1

Rebooting...
ESP-ROM:esp32s3-20210327
Build:Mar 27 2021
rst:0xc (RTC_SW_CPU_RST),boot:0xb (SPI_FAST_FLASH_BOOT)
Saved PC:0x40399cdc
SPIWP:0xee
mode:DIO, clock div:1
load:0x3fce2820,len:0x16a4
load:0x403c8700,len:0xe80
load:0x403cb700,len:0x3188
entry 0x403c8948
I (24) boot: ESP-IDF v5.5.3 2nd stage bootloader
I (24) boot: compile time Aug 29 2026 07:03:04
I (24) boot: Multicore bootloader
I (24) boot: chip revision: v0.2
I (24) boot: efuse block revision: v1.3
I (25) qio_mode: Enabling default flash chip QIO
I (25) boot.esp32s3: Boot SPI Speed : 80MHz
I (25) boot.esp32s3: SPI Mode       : QIO
I (25) boot.esp32s3: SPI Flash Size : 32MB
I (26) boot: Enabling RNG early entropy source...
I (26) boot: Partition Table:
I (26) boot: ## Label            Usage          Type ST Offset   Length
I (26) boot:  0 nvs              WiFi data        01 02 00009000 00006000
I (27) boot:  1 phy_init         RF data          01 01 0000f000 00001000
I (27) boot:  2 factory          factory app      00 00 00010000 00600000
I (27) boot:  3 storage          Unknown data     01 82 00610000 00300000
I (28) boot: End of partition table
I (28) esp_image: segment 0: paddr=00010020 vaddr=3c110020 size=7894ch (493900) map
I (102) esp_image: segment 1: paddr=00088974 vaddr=3fcb8d00 size=057cch ( 22476) load
I (106) esp_image: segment 2: paddr=0008e148 vaddr=40374000 size=01ed0h (  7888) load
I (108) esp_image: segment 3: paddr=00090020 vaddr=42000020 size=100758h (1050456) map
I (264) esp_image: segment 4: paddr=00190780 vaddr=40375ed0 size=32d80h (208256) load
I (303) esp_image: segment 5: paddr=001c3508 vaddr=50000000 size=00020h (    32) load
I (323) boot: Loaded app from partition at offset 0x10000
I (323) boot: Disabling RNG early entropy source...
I (324) octal_psram: vendor id    : 0x0d (AP)
I (325) octal_psram: dev id       : 0x02 (generation 3)
I (325) octal_psram: density      : 0x03 (64 Mbit)
I (325) octal_psram: good-die     : 0x01 (Pass)
I (325) octal_psram: Latency      : 0x01 (Fixed)
I (325) octal_psram: VCC          : 0x01 (3V)
I (326) octal_psram: SRF          : 0x01 (Fast Refresh)
I (326) octal_psram: BurstType    : 0x01 (Hybrid Wrap)
I (326) octal_psram: BurstLen     : 0x01 (32 Byte)
I (326) octal_psram: Readlatency  : 0x02 (10 cycles@Fixed)
I (327) octal_psram: DriveStrength: 0x00 (1/1)
I (327) MSPI Timing: Enter psram timing tuning
I (328) esp_psram: Found 8MB PSRAM device
I (328) esp_psram: Speed: 80MHz
I (357) mmu_psram: Read only data copied and mapped to SPIRAM
I (429) mmu_psram: Instructions copied and mapped to SPIRAM
I (429) cpu_start: Multicore app
I (659) esp_psram: SPI SRAM memory test OK
I (668) cpu_start: Pro cpu start user code
I (668) cpu_start: cpu freq: 240000000 Hz
I (668) app_init: Application information:
I (668) app_init: Project name:     Clare_S3
I (668) app_init: App version:      3e09a44-dirty
I (668) app_init: Compile time:     Aug 29 2026 07:02:39
I (668) app_init: ELF file SHA256:  a45f7f47b4f156d1...
I (668) app_init: ESP-IDF:          v5.5.3
I (669) efuse_init: Min chip rev:     v0.0
I (669) efuse_init: Max chip rev:     v0.99 
I (669) efuse_init: Chip rev:         v0.2
I (669) heap_init: Initializing. RAM available for dynamic allocation:
I (669) heap_init: At 3FCD1720 len 00017FF0 (95 KiB): RAM
I (669) heap_init: At 3FCE9710 len 00005724 (21 KiB): RAM
I (670) heap_init: At 3FCF0000 len 00008000 (32 KiB): DRAM
I (670) heap_init: At 600FE000 len 00001FE8 (7 KiB): RTCRAM
I (670) esp_psram: Adding pool of 6579K of PSRAM memory to heap allocator
I (670) esp_psram: Adding pool of 29K of PSRAM memory gap generated due to end address alignment of drom to the heap allocator
I (671) spi_flash: detected chip: gd
I (671) spi_flash: flash io: qio
I (671) sleep_gpio: Configure to isolate all GPIO pins in sleep state
I (671) sleep_gpio: Enable automatic switching of GPIO sleep configuration
I (672) main_task: Started on CPU0
I (673) esp_psram: Reserving pool of 32K of internal memory for DMA/internal allocations
I (673) main_task: Calling app_main()
I (673) clare_s3: Clare S3 starting
I (681) axp2101: Init PMU SUCCESS!
I (687) DisplayPort: SPI BUS init
I (688) DisplayPort: Install panel IO
I (688) co5300: version: 2.1.0
I (688) co5300_spi: LCD panel create success, version: 2.1.0
W (848) co5300_spi: The 3Ah command has been used and will be overwritten by external initialization sequence
I (2122) CST9217: Checkcode: 0x204ECACA
I (2124) CST9217: Resolution X: 466, Y: 466
I (2126) CST9217: Chip Type: 0x9217, ProjectID: 0x5734
I (2126) esp_lvgl:adapter: LVGL adapter initialized successfully
E (2128) esp_lvgl:disp: alloc primary buffer 46600 bytes failed

assert failed: void Lvgl_PortInit(DisplayPort&) lvgl_bsp.cpp:74 (disp != NULL)


Backtrace: 0x40399b4d:0x3fcd5bb0 0x40399b19:0x3fcd5bd0 0x403a26d1:0x3fcd5bf0 0x4200f619:0x3fcd5d10 0x4200b349:0x3fcd5da0 0x420ff9f7:0x3fcd5e20




ELF file SHA256: a45f7f47b4f156d1

Rebooting...
ESP-ROM:esp32s3-20210327
Build:Mar 27 2021
rst:0xc (RTC_SW_CPU_RST),boot:0xb (SPI_FAST_FLASH_BOOT)
Saved PC:0x40399cdc
SPIWP:0xee
mode:DIO, clock div:1
load:0x3fce2820,len:0x16a4
load:0x403c8700,len:0xe80
load:0x403cb700,len:0x3188
entry 0x403c8948
I (24) boot: ESP-IDF v5.5.3 2nd stage bootloader
I (24) boot: compile time Aug 29 2026 07:03:04
I (24) boot: Multicore bootloader
I (24) boot: chip revision: v0.2
I (24) boot: efuse block revision: v1.3
I (25) qio_mode: Enabling default flash chip QIO
I (25) boot.esp32s3: Boot SPI Speed : 80MHz
I (25) boot.esp32s3: SPI Mode       : QIO
I (25) boot.esp32s3: SPI Flash Size : 32MB
I (25) boot: Enabling RNG early entropy source...
I (26) boot: Partition Table:
I (26) boot: ## Label            Usage          Type ST Offset   Length
I (26) boot:  0 nvs              WiFi data        01 02 00009000 00006000
I (26) boot:  1 phy_init         RF data          01 01 0000f000 00001000
I (27) boot:  2 factory          factory app      00 00 00010000 00600000
I (27) boot:  3 storage          Unknown data     01 82 00610000 00300000
I (28) boot: End of partition table
I (28) esp_image: segment 0: paddr=00010020 vaddr=3c110020 size=7894ch (493900) map
I (102) esp_image: segment 1: paddr=00088974 vaddr=3fcb8d00 size=057cch ( 22476) load
I (106) esp_image: segment 2: paddr=0008e148 vaddr=40374000 size=01ed0h (  7888) load
I (108) esp_image: segment 3: paddr=00090020 vaddr=42000020 size=100758h (1050456) map
I (264) esp_image: segment 4: paddr=00190780 vaddr=40375ed0 size=32d80h (208256) load
I (303) esp_image: segment 5: paddr=001c3508 vaddr=50000000 size=00020h (    32) load
I (323) boot: Loaded app from partition at offset 0x10000
I (323) boot: Disabling RNG early entropy source...
I (324) octal_psram: vendor id    : 0x0d (AP)
I (325) octal_psram: dev id       : 0x02 (generation 3)
I (325) octal_psram: density      : 0x03 (64 Mbit)
I (325) octal_psram: good-die     : 0x01 (Pass)
I (325) octal_psram: Latency      : 0x01 (Fixed)
I (325) octal_psram: VCC          : 0x01 (3V)
I (326) octal_psram: SRF          : 0x01 (Fast Refresh)
I (326) octal_psram: BurstType    : 0x01 (Hybrid Wrap)
I (326) octal_psram: BurstLen     : 0x01 (32 Byte)
I (326) octal_psram: Readlatency  : 0x02 (10 cycles@Fixed)
I (326) octal_psram: DriveStrength: 0x00 (1/1)
I (327) MSPI Timing: Enter psram timing tuning
I (328) esp_psram: Found 8MB PSRAM device
I (328) esp_psram: Speed: 80MHz
I (357) mmu_psram: Read only data copied and mapped to SPIRAM
I (429) mmu_psram: Instructions copied and mapped to SPIRAM
I (429) cpu_start: Multicore app
I (659) esp_psram: SPI SRAM memory test OK
I (667) cpu_start: Pro cpu start user code
I (668) cpu_start: cpu freq: 240000000 Hz
I (668) app_init: Application information:
I (668) app_init: Project name:     Clare_S3
I (668) app_init: App version:      3e09a44-dirty
I (668) app_init: Compile time:     Aug 29 2026 07:02:39
I (668) app_init: ELF file SHA256:  a45f7f47b4f156d1...
I (668) app_init: ESP-IDF:          v5.5.3
I (668) efuse_init: Min chip rev:     v0.0
I (669) efuse_init: Max chip rev:     v0.99 
I (669) efuse_init: Chip rev:         v0.2
I (669) heap_init: Initializing. RAM available for dynamic allocation:
I (669) heap_init: At 3FCD1720 len 00017FF0 (95 KiB): RAM
I (669) heap_init: At 3FCE9710 len 00005724 (21 KiB): RAM
I (669) heap_init: At 3FCF0000 len 00008000 (32 KiB): DRAM
I (670) heap_init: At 600FE000 len 00001FE8 (7 KiB): RTCRAM
I (670) esp_psram: Adding pool of 6579K of PSRAM memory to heap allocator
I (670) esp_psram: Adding pool of 29K of PSRAM memory gap generated due to end address alignment of drom to the heap allocator
I (671) spi_flash: detected chip: gd
I (671) spi_flash: flash io: qio
I (671) sleep_gpio: Configure to isolate all GPIO pins in sleep state
I (671) sleep_gpio: Enable automatic switching of GPIO sleep configuration
I (672) main_task: Started on CPU0
I (673) esp_psram: Reserving pool of 32K of internal memory for DMA/internal allocations
I (673) main_task: Calling app_main()
I (673) clare_s3: Clare S3 starting
I (681) axp2101: Init PMU SUCCESS!
I (687) DisplayPort: SPI BUS init
I (688) DisplayPort: Install panel IO
I (688) co5300: version: 2.1.0
I (688) co5300_spi: LCD panel create success, version: 2.1.0
W (848) co5300_spi: The 3Ah command has been used and will be overwritten by external initialization sequence
I (2122) CST9217: Checkcode: 0x204ECACA
I (2124) CST9217: Resolution X: 466, Y: 466
I (2126) CST9217: Chip Type: 0x9217, ProjectID: 0x5734
I (2126) esp_lvgl:adapter: LVGL adapter initialized successfully
E (2128) esp_lvgl:disp: alloc primary buffer 46600 bytes failed

assert failed: void Lvgl_PortInit(DisplayPort&) lvgl_bsp.cpp:74 (disp != NULL)


Backtrace: 0x40399b4d:0x3fcd5bb0 0x40399b19:0x3fcd5bd0 0x403a26d1:0x3fcd5bf0 0x4200f619:0x3fcd5d10 0x4200b349:0x3fcd5da0 0x420ff9f7:0x3fcd5e20




ELF file SHA256: a45f7f47b4f156d1

Rebooting...
ESP-ROM:esp32s3-20210327
Build:Mar 27 2021
rst:0xc (RTC_SW_CPU_RST),boot:0xb (SPI_FAST_FLASH_BOOT)
Saved PC:0x40399cdc
SPIWP:0xee
mode:DIO, clock div:1
load:0x3fce2820,len:0x16a4
load:0x403c8700,len:0xe80
load:0x403cb700,len:0x3188
entry 0x403c8948
I (24) boot: ESP-IDF v5.5.3 2nd stage bootloader
I (24) boot: compile time Aug 29 2026 07:03:04
I (24) boot: Multicore bootloader
I (24) boot: chip revision: v0.2
I (24) boot: efuse block revision: v1.3
I (25) qio_mode: Enabling default flash chip QIO
I (25) boot.esp32s3: Boot SPI Speed : 80MHz
I (25) boot.esp32s3: SPI Mode       : QIO
I (25) boot.esp32s3: SPI Flash Size : 32MB
I (25) boot: Enabling RNG early entropy source...
I (26) boot: Partition Table:
I (26) boot: ## Label            Usage          Type ST Offset   Length
I (26) boot:  0 nvs              WiFi data        01 02 00009000 00006000
I (26) boot:  1 phy_init         RF data          01 01 0000f000 00001000
I (27) boot:  2 factory          factory app      00 00 00010000 00600000
I (27) boot:  3 storage          Unknown data     01 82 00610000 00300000
I (28) boot: End of partition table
I (28) esp_image: segment 0: paddr=00010020 vaddr=3c110020 size=7894ch (493900) map
I (102) esp_image: segment 1: paddr=00088974 vaddr=3fcb8d00 size=057cch ( 22476) load
I (106) esp_image: segment 2: paddr=0008e148 vaddr=40374000 size=01ed0h (  7888) load
I (108) esp_image: segment 3: paddr=00090020 vaddr=42000020 size=100758h (1050456) map
I (264) esp_image: segment 4: paddr=00190780 vaddr=40375ed0 size=32d80h (208256) load
I (303) esp_image: segment 5: paddr=001c3508 vaddr=50000000 size=00020h (    32) load
I (323) boot: Loaded app from partition at offset 0x10000
I (323) boot: Disabling RNG early entropy source...
I (324) octal_psram: vendor id    : 0x0d (AP)
I (324) octal_psram: dev id       : 0x02 (generation 3)
I (325) octal_psram: density      : 0x03 (64 Mbit)
I (325) octal_psram: good-die     : 0x01 (Pass)
I (325) octal_psram: Latency      : 0x01 (Fixed)
I (325) octal_psram: VCC          : 0x01 (3V)
I (325) octal_psram: SRF          : 0x01 (Fast Refresh)
I (326) octal_psram: BurstType    : 0x01 (Hybrid Wrap)
I (326) octal_psram: BurstLen     : 0x01 (32 Byte)
I (326) octal_psram: Readlatency  : 0x02 (10 cycles@Fixed)
I (326) octal_psram: DriveStrength: 0x00 (1/1)
I (326) MSPI Timing: Enter psram timing tuning
I (327) esp_psram: Found 8MB PSRAM device
I (327) esp_psram: Speed: 80MHz
I (357) mmu_psram: Read only data copied and mapped to SPIRAM
I (429) mmu_psram: Instructions copied and mapped to SPIRAM
I (429) cpu_start: Multicore app
I (659) esp_psram: SPI SRAM memory test OK
I (667) cpu_start: Pro cpu start user code
I (667) cpu_start: cpu freq: 240000000 Hz
I (667) app_init: Application information:
I (668) app_init: Project name:     Clare_S3
I (668) app_init: App version:      3e09a44-dirty
I (668) app_init: Compile time:     Aug 29 2026 07:02:39
I (668) app_init: ELF file SHA256:  a45f7f47b4f156d1...
I (668) app_init: ESP-IDF:          v5.5.3
I (668) efuse_init: Min chip rev:     v0.0
I (668) efuse_init: Max chip rev:     v0.99 
I (669) efuse_init: Chip rev:         v0.2
I (669) heap_init: Initializing. RAM available for dynamic allocation:
I (669) heap_init: At 3FCD1720 len 00017FF0 (95 KiB): RAM
I (669) heap_init: At 3FCE9710 len 00005724 (21 KiB): RAM
I (669) heap_init: At 3FCF0000 len 00008000 (32 KiB): DRAM
I (669) heap_init: At 600FE000 len 00001FE8 (7 KiB): RTCRAM
I (670) esp_psram: Adding pool of 6579K of PSRAM memory to heap allocator
I (670) esp_psram: Adding pool of 29K of PSRAM memory gap generated due to end address alignment of drom to the heap allocator
I (670) spi_flash: detected chip: gd
I (670) spi_flash: flash io: qio
I (671) sleep_gpio: Configure to isolate all GPIO pins in sleep state
I (671) sleep_gpio: Enable automatic switching of GPIO sleep configuration
I (672) main_task: Started on CPU0
I (673) esp_psram: Reserving pool of 32K of internal memory for DMA/internal allocations
I (673) main_task: Calling app_main()
I (673) clare_s3: Clare S3 starting
I (681) axp2101: Init PMU SUCCESS!
I (687) DisplayPort: SPI BUS init
I (688) DisplayPort: Install panel IO
I (688) co5300: version: 2.1.0
I (688) co5300_spi: LCD panel create success, version: 2.1.0
W (848) co5300_spi: The 3Ah command has been used and will be overwritten by external initialization sequence
I (2122) CST9217: Checkcode: 0x204ECACA
I (2124) CST9217: Resolution X: 466, Y: 466
I (2126) CST9217: Chip Type: 0x9217, ProjectID: 0x5734
I (2126) esp_lvgl:adapter: LVGL adapter initialized successfully
E (2128) esp_lvgl:disp: alloc primary buffer 46600 bytes failed

assert failed: void Lvgl_PortInit(DisplayPort&) lvgl_bsp.cpp:74 (disp != NULL)


Backtrace: 0x40399b4d:0x3fcd5bb0 0x40399b19:0x3fcd5bd0 0x403a26d1:0x3fcd5bf0 0x4200f619:0x3fcd5d10 0x4200b349:0x3fcd5da0 0x420ff9f7:0x3fcd5e20




ELF file SHA256: a45f7f47b4f156d1

Rebooting...
ESP-ROM:esp32s3-20210327
Build:Mar 27 2021
rst:0xc (RTC_SW_CPU_RST),boot:0xb (SPI_FAST_FLASH_BOOT)
Saved PC:0x40399cdc
SPIWP:0xee
mode:DIO, clock div:1
load:0x3fce2820,len:0x16a4
load:0x403c8700,len:0xe80
load:0x403cb700,len:0x3188
entry 0x403c8948
I (24) boot: ESP-IDF v5.5.3 2nd stage bootloader
I (24) boot: compile time Aug 29 2026 07:03:04
I (24) boot: Multicore bootloader
I (24) boot: chip revision: v0.2
I (24) boot: efuse block revision: v1.3
I (25) qio_mode: Enabling default flash chip QIO
I (25) boot.esp32s3: Boot SPI Speed : 80MHz
I (25) boot.esp32s3: SPI Mode       : QIO
I (25) boot.esp32s3: SPI Flash Size : 32MB
I (25) boot: Enabling RNG early entropy source...
I (26) boot: Partition Table:
I (26) boot: ## Label            Usage          Type ST Offset   Length
I (26) boot:  0 nvs              WiFi data        01 02 00009000 00006000
I (26) boot:  1 phy_init         RF data          01 01 0000f000 00001000
I (27) boot:  2 factory          factory app      00 00 00010000 00600000
I (27) boot:  3 storage          Unknown data     01 82 00610000 00300000
I (28) boot: End of partition table
I (28) esp_image: segment 0: paddr=00010020 vaddr=3c110020 size=7894ch (493900) map
I (102) esp_image: segment 1: paddr=00088974 vaddr=3fcb8d00 size=057cch ( 22476) load
I (106) esp_image: segment 2: paddr=0008e148 vaddr=40374000 size=01ed0h (  7888) load
I (108) esp_image: segment 3: paddr=00090020 vaddr=42000020 size=100758h (1050456) map
I (264) esp_image: segment 4: paddr=00190780 vaddr=40375ed0 size=32d80h (208256) load
I (303) esp_image: segment 5: paddr=001c3508 vaddr=50000000 size=00020h (    32) load
I (323) boot: Loaded app from partition at offset 0x10000
I (323) boot: Disabling RNG early entropy source...
I (324) octal_psram: vendor id    : 0x0d (AP)
I (324) octal_psram: dev id       : 0x02 (generation 3)
I (325) octal_psram: density      : 0x03 (64 Mbit)
I (325) octal_psram: good-die     : 0x01 (Pass)
I (325) octal_psram: Latency      : 0x01 (Fixed)
I (325) octal_psram: VCC          : 0x01 (3V)
I (325) octal_psram: SRF          : 0x01 (Fast Refresh)
I (326) octal_psram: BurstType    : 0x01 (Hybrid Wrap)
I (326) octal_psram: BurstLen     : 0x01 (32 Byte)
I (326) octal_psram: Readlatency  : 0x02 (10 cycles@Fixed)
I (326) octal_psram: DriveStrength: 0x00 (1/1)
I (326) MSPI Timing: Enter psram timing tuning
I (327) esp_psram: Found 8MB PSRAM device
I (327) esp_psram: Speed: 80MHz
I (357) mmu_psram: Read only data copied and mapped to SPIRAM
I (429) mmu_psram: Instructions copied and mapped to SPIRAM
I (429) cpu_start: Multicore app
I (659) esp_psram: SPI SRAM memory test OK
I (667) cpu_start: Pro cpu start user code
I (667) cpu_start: cpu freq: 240000000 Hz
I (668) app_init: Application information:
I (668) app_init: Project name:     Clare_S3
I (668) app_init: App version:      3e09a44-dirty
I (668) app_init: Compile time:     Aug 29 2026 07:02:39
I (668) app_init: ELF file SHA256:  a45f7f47b4f156d1...
I (668) app_init: ESP-IDF:          v5.5.3
I (668) efuse_init: Min chip rev:     v0.0
I (669) efuse_init: Max chip rev:     v0.99 
I (669) efuse_init: Chip rev:         v0.2
I (669) heap_init: Initializing. RAM available for dynamic allocation:
I (669) heap_init: At 3FCD1720 len 00017FF0 (95 KiB): RAM
I (669) heap_init: At 3FCE9710 len 00005724 (21 KiB): RAM
I (669) heap_init: At 3FCF0000 len 00008000 (32 KiB): DRAM
I (670) heap_init: At 600FE000 len 00001FE8 (7 KiB): RTCRAM
I (670) esp_psram: Adding pool of 6579K of PSRAM memory to heap allocator
I (670) esp_psram: Adding pool of 29K of PSRAM memory gap generated due to end address alignment of drom to the heap allocator
I (670) spi_flash: detected chip: gd
I (670) spi_flash: flash io: qio
I (671) sleep_gpio: Configure to isolate all GPIO pins in sleep state
I (671) sleep_gpio: Enable automatic switching of GPIO sleep configuration
I (672) main_task: Started on CPU0
I (673) esp_psram: Reserving pool of 32K of internal memory for DMA/internal allocations
I (673) main_task: Calling app_main()
I (673) clare_s3: Clare S3 starting
I (681) axp2101: Init PMU SUCCESS!
I (687) DisplayPort: SPI BUS init
I (688) DisplayPort: Install panel IO
I (688) co5300: version: 2.1.0
I (688) co5300_spi: LCD panel create success, version: 2.1.0
W (848) co5300_spi: The 3Ah command has been used and will be overwritten by external initialization sequence
I (2122) CST9217: Checkcode: 0x204ECACA
I (2124) CST9217: Resolution X: 466, Y: 466
I (2126) CST9217: Chip Type: 0x9217, ProjectID: 0x5734
I (2126) esp_lvgl:adapter: LVGL adapter initialized successfully
E (2128) esp_lvgl:disp: alloc primary buffer 46600 bytes failed

assert failed: void Lvgl_PortInit(DisplayPort&) lvgl_bsp.cpp:74 (disp != NULL)


Backtrace: 0x40399b4d:0x3fcd5bb0 0x40399b19:0x3fcd5bd0 0x403a26d1:0x3fcd5bf0 0x4200f619:0x3fcd5d10 0x4200b349:0x3fcd5da0 0x420ff9f7:0x3fcd5e20




ELF file SHA256: a45f7f47b4f156d1

Rebooting...
ESP-ROM:esp32s3-20210327
Build:Mar 27 2021
rst:0xc (RTC_SW_CPU_RST),boot:0xb (SPI_FAST_FLASH_BOOT)
Saved PC:0x40399cdc
SPIWP:0xee
mode:DIO, clock div:1
load:0x3fce2820,len:0x16a4
load:0x403c8700,len:0xe80
load:0x403cb700,len:0x3188
entry 0x403c8948
I (24) boot: ESP-IDF v5.5.3 2nd stage bootloader
I (24) boot: compile time Aug 29 2026 07:03:04
I (24) boot: Multicore bootloader
I (24) boot: chip revision: v0.2
I (24) boot: efuse block revision: v1.3
I (25) qio_mode: Enabling default flash chip QIO
I (25) boot.esp32s3: Boot SPI Speed : 80MHz
I (25) boot.esp32s3: SPI Mode       : QIO
I (25) boot.esp32s3: SPI Flash Size : 32MB
I (25) boot: Enabling RNG early entropy source...
I (26) boot: Partition Table:
I (26) boot: ## Label            Usage          Type ST Offset   Length
I (26) boot:  0 nvs              WiFi data        01 02 00009000 00006000
I (26) boot:  1 phy_init         RF data          01 01 0000f000 00001000
I (27) boot:  2 factory          factory app      00 00 00010000 00600000
I (27) boot:  3 storage          Unknown data     01 82 00610000 00300000
I (28) boot: End of partition table
I (28) esp_image: segment 0: paddr=00010020 vaddr=3c110020 size=7894ch (493900) map
I (102) esp_image: segment 1: paddr=00088974 vaddr=3fcb8d00 size=057cch ( 22476) load
I (106) esp_image: segment 2: paddr=0008e148 vaddr=40374000 size=01ed0h (  7888) load
I (108) esp_image: segment 3: paddr=00090020 vaddr=42000020 size=100758h (1050456) map
I (264) esp_image: segment 4: paddr=00190780 vaddr=40375ed0 size=32d80h (208256) load
I (303) esp_image: segment 5: paddr=001c3508 vaddr=50000000 size=00020h (    32) load
I (323) boot: Loaded app from partition at offset 0x10000
I (323) boot: Disabling RNG early entropy source...
I (324) octal_psram: vendor id    : 0x0d (AP)
I (324) octal_psram: dev id       : 0x02 (generation 3)
I (325) octal_psram: density      : 0x03 (64 Mbit)
I (325) octal_psram: good-die     : 0x01 (Pass)
I (325) octal_psram: Latency      : 0x01 (Fixed)
I (325) octal_psram: VCC          : 0x01 (3V)
I (325) octal_psram: SRF          : 0x01 (Fast Refresh)
I (326) octal_psram: BurstType    : 0x01 (Hybrid Wrap)
I (326) octal_psram: BurstLen     : 0x01 (32 Byte)
I (326) octal_psram: Readlatency  : 0x02 (10 cycles@Fixed)
I (326) octal_psram: DriveStrength: 0x00 (1/1)
I (326) MSPI Timing: Enter psram timing tuning
I (327) esp_psram: Found 8MB PSRAM device
I (327) esp_psram: Speed: 80MHz
I (357) mmu_psram: Read only data copied and mapped to SPIRAM
I (429) mmu_psram: Instructions copied and mapped to SPIRAM
I (429) cpu_start: Multicore app
I (659) esp_psram: SPI SRAM memory test OK
I (667) cpu_start: Pro cpu start user code
I (667) cpu_start: cpu freq: 240000000 Hz
I (667) app_init: Application information:
I (668) app_init: Project name:     Clare_S3
I (668) app_init: App version:      3e09a44-dirty
I (668) app_init: Compile time:     Aug 29 2026 07:02:39
I (668) app_init: ELF file SHA256:  a45f7f47b4f156d1...
I (668) app_init: ESP-IDF:          v5.5.3
I (668) efuse_init: Min chip rev:     v0.0
I (668) efuse_init: Max chip rev:     v0.99 
I (669) efuse_init: Chip rev:         v0.2
I (669) heap_init: Initializing. RAM available for dynamic allocation:
I (669) heap_init: At 3FCD1720 len 00017FF0 (95 KiB): RAM
I (669) heap_init: At 3FCE9710 len 00005724 (21 KiB): RAM
I (669) heap_init: At 3FCF0000 len 00008000 (32 KiB): DRAM
I (669) heap_init: At 600FE000 len 00001FE8 (7 KiB): RTCRAM
I (670) esp_psram: Adding pool of 6579K of PSRAM memory to heap allocator
I (670) esp_psram: Adding pool of 29K of PSRAM memory gap generated due to end address alignment of drom to the heap allocator
I (670) spi_flash: detected chip: gd
I (670) spi_flash: flash io: qio
I (671) sleep_gpio: Configure to isolate all GPIO pins in sleep state
I (671) sleep_gpio: Enable automatic switching of GPIO sleep configuration
I (672) main_task: Started on CPU0
I (673) esp_psram: Reserving pool of 32K of internal memory for DMA/internal allocations
I (673) main_task: Calling app_main()
I (673) clare_s3: Clare S3 starting
I (681) axp2101: Init PMU SUCCESS!
I (687) DisplayPort: SPI BUS init
I (688) DisplayPort: Install panel IO
I (688) co5300: version: 2.1.0
I (688) co5300_spi: LCD panel create success, version: 2.1.0
W (848) co5300_spi: The 3Ah command has been used and will be overwritten by external initialization sequence
I (2122) CST9217: Checkcode: 0x204ECACA
I (2124) CST9217: Resolution X: 466, Y: 466
I (2126) CST9217: Chip Type: 0x9217, ProjectID: 0x5734
I (2126) esp_lvgl:adapter: LVGL adapter initialized successfully
E (2128) esp_lvgl:disp: alloc primary buffer 46600 bytes failed

assert failed: void Lvgl_PortInit(DisplayPort&) lvgl_bsp.cpp:74 (disp != NULL)


Backtrace: 0x40399b4d:0x3fcd5bb0 0x40399b19:0x3fcd5bd0 0x403a26d1:0x3fcd5bf0 0x4200f619:0x3fcd5d10 0x4200b349:0x3fcd5da0 0x420ff9f7:0x3fcd5e20




ELF file SHA256: a45f7f47b4f156d1

Rebooting...
ESP-ROM:esp32s3-20210327
Build:Mar 27 2021
rst:0xc (RTC_SW_CPU_RST),boot:0xb (SPI_FAST_FLASH_BOOT)
Saved PC:0x40399cdc
SPIWP:0xee
mode:DIO, clock div:1
load:0x3fce2820,len:0x16a4
load:0x403c8700,len:0xe80
load:0x403cb700,len:0x3188
entry 0x403c8948
I (24) boot: ESP-IDF v5.5.3 2nd stage bootloader
I (24) boot: compile time Aug 29 2026 07:03:04
I (24) boot: Multicore bootloader
I (24) boot: chip revision: v0.2
I (24) boot: efuse block revision: v1.3
I (25) qio_mode: Enabling default flash chip QIO
I (25) boot.esp32s3: Boot SPI Speed : 80MHz
I (25) boot.esp32s3: SPI Mode       : QIO
I (25) boot.esp32s3: SPI Flash Size : 32MB
I (25) boot: Enabling RNG early entropy source...
I (26) boot: Partition Table:
I (26) boot: ## Label            Usage          Type ST Offset   Length
I (26) boot:  0 nvs              WiFi data        01 02 00009000 00006000
I (26) boot:  1 phy_init         RF data          01 01 0000f000 00001000
I (27) boot:  2 factory          factory app      00 00 00010000 00600000
I (27) boot:  3 storage          Unknown data     01 82 00610000 00300000
I (28) boot: End of partition table
I (28) esp_image: segment 0: paddr=00010020 vaddr=3c110020 size=7894ch (493900) map
I (102) esp_image: segment 1: paddr=00088974 vaddr=3fcb8d00 size=057cch ( 22476) load
I (106) esp_image: segment 2: paddr=0008e148 vaddr=40374000 size=01ed0h (  7888) load
I (108) esp_image: segment 3: paddr=00090020 vaddr=42000020 size=100758h (1050456) map
I (264) esp_image: segment 4: paddr=00190780 vaddr=40375ed0 size=32d80h (208256) load
I (303) esp_image: segment 5: paddr=001c3508 vaddr=50000000 size=00020h (    32) load
I (323) boot: Loaded app from partition at offset 0x10000
I (323) boot: Disabling RNG early entropy source...
I (324) octal_psram: vendor id    : 0x0d (AP)
I (324) octal_psram: dev id       : 0x02 (generation 3)
I (325) octal_psram: density      : 0x03 (64 Mbit)
I (325) octal_psram: good-die     : 0x01 (Pass)
I (325) octal_psram: Latency      : 0x01 (Fixed)
I (325) octal_psram: VCC          : 0x01 (3V)
I (325) octal_psram: SRF          : 0x01 (Fast Refresh)
I (326) octal_psram: BurstType    : 0x01 (Hybrid Wrap)
I (326) octal_psram: BurstLen     : 0x01 (32 Byte)
I (326) octal_psram: Readlatency  : 0x02 (10 cycles@Fixed)
I (326) octal_psram: DriveStrength: 0x00 (1/1)
I (326) MSPI Timing: Enter psram timing tuning
I (327) esp_psram: Found 8MB PSRAM device
I (327) esp_psram: Speed: 80MHz
I (357) mmu_psram: Read only data copied and mapped to SPIRAM
I (429) mmu_psram: Instructions copied and mapped to SPIRAM
I (429) cpu_start: Multicore app
I (659) esp_psram: SPI SRAM memory test OK
I (667) cpu_start: Pro cpu start user code
I (667) cpu_start: cpu freq: 240000000 Hz
I (667) app_init: Application information:
I (668) app_init: Project name:     Clare_S3
I (668) app_init: App version:      3e09a44-dirty
I (668) app_init: Compile time:     Aug 29 2026 07:02:39
I (668) app_init: ELF file SHA256:  a45f7f47b4f156d1...
I (668) app_init: ESP-IDF:          v5.5.3
I (668) efuse_init: Min chip rev:     v0.0
I (668) efuse_init: Max chip rev:     v0.99 
I (669) efuse_init: Chip rev:         v0.2
I (669) heap_init: Initializing. RAM available for dynamic allocation:
I (669) heap_init: At 3FCD1720 len 00017FF0 (95 KiB): RAM
I (669) heap_init: At 3FCE9710 len 00005724 (21 KiB): RAM
I (669) heap_init: At 3FCF0000 len 00008000 (32 KiB): DRAM
I (669) heap_init: At 600FE000 len 00001FE8 (7 KiB): RTCRAM
I (670) esp_psram: Adding pool of 6579K of PSRAM memory to heap allocator
I (670) esp_psram: Adding pool of 29K of PSRAM memory gap generated due to end address alignment of drom to the heap allocator
I (670) spi_flash: detected chip: gd
I (670) spi_flash: flash io: qio
I (671) sleep_gpio: Configure to isolate all GPIO pins in sleep state
I (671) sleep_gpio: Enable automatic switching of GPIO sleep configuration
I (672) main_task: Started on CPU0
I (673) esp_psram: Reserving pool of 32K of internal memory for DMA/internal allocations
I (673) main_task: Calling app_main()
I (673) clare_s3: Clare S3 starting
I (681) axp2101: Init PMU SUCCESS!
I (687) DisplayPort: SPI BUS init
I (688) DisplayPort: Install panel IO
I (688) co5300: version: 2.1.0
I (688) co5300_spi: LCD panel create success, version: 2.1.0
W (848) co5300_spi: The 3Ah command has been used and will be overwritten by external initialization sequence
I (2122) CST9217: Checkcode: 0x204ECACA
I (2124) CST9217: Resolution X: 466, Y: 466
I (2126) CST9217: Chip Type: 0x9217, ProjectID: 0x5734
I (2126) esp_lvgl:adapter: LVGL adapter initialized successfully
E (2128) esp_lvgl:disp: alloc primary buffer 46600 bytes failed

assert failed: void Lvgl_PortInit(DisplayPort&) lvgl_bsp.cpp:74 (disp != NULL)


Backtrace: 0x40399b4d:0x3fcd5bb0 0x40399b19:0x3fcd5bd0 0x403a26d1:0x3fcd5bf0 0x4200f619:0x3fcd5d10 0x4200b349:0x3fcd5da0 0x420ff9f7:0x3fcd5e20




ELF file SHA256: a45f7f47b4f156d1

Rebooting...
ESP-ROM:esp32s3-20210327
Build:Mar 27 2021
rst:0xc (RTC_SW_CPU_RST),boot:0xb (SPI_FAST_FLASH_BOOT)
Saved PC:0x40399cdc
SPIWP:0xee
mode:DIO, clock div:1
load:0x3fce2820,len:0x16a4
load:0x403c8700,len:0xe80
load:0x403cb700,len:0x3188
entry 0x403c8948
I (24) boot: ESP-IDF v5.5.3 2nd stage bootloader
I (24) boot: compile time Aug 29 2026 07:03:04
I (24) boot: Multicore bootloader
I (24) boot: chip revision: v0.2
I (24) boot: efuse block revision: v1.3
I (25) qio_mode: Enabling default flash chip QIO
I (25) boot.esp32s3: Boot SPI Speed : 80MHz
I (25) boot.esp32s3: SPI Mode       : QIO
I (25) boot.esp32s3: SPI Flash Size : 32MB
I (25) boot: Enabling RNG early entropy source...
I (26) boot: Partition Table:
I (26) boot: ## Label            Usage          Type ST Offset   Length
I (26) boot:  0 nvs              WiFi data        01 02 00009000 00006000
I (26) boot:  1 phy_init         RF data          01 01 0000f000 00001000
I (27) boot:  2 factory          factory app      00 00 00010000 00600000
I (27) boot:  3 storage          Unknown data     01 82 00610000 00300000
I (28) boot: End of partition table
I (28) esp_image: segment 0: paddr=00010020 vaddr=3c110020 size=7894ch (493900) map
I (102) esp_image: segment 1: paddr=00088974 vaddr=3fcb8d00 size=057cch ( 22476) load
I (106) esp_image: segment 2: paddr=0008e148 vaddr=40374000 size=01ed0h (  7888) load
I (108) esp_image: segment 3: paddr=00090020 vaddr=42000020 size=100758h (1050456) map
I (264) esp_image: segment 4: paddr=00190780 vaddr=40375ed0 size=32d80h (208256) load
I (303) esp_image: segment 5: paddr=001c3508 vaddr=50000000 size=00020h (    32) load
I (323) boot: Loaded app from partition at offset 0x10000
I (323) boot: Disabling RNG early entropy source...
I (324) octal_psram: vendor id    : 0x0d (AP)
I (324) octal_psram: dev id       : 0x02 (generation 3)
I (325) octal_psram: density      : 0x03 (64 Mbit)
I (325) octal_psram: good-die     : 0x01 (Pass)
I (325) octal_psram: Latency      : 0x01 (Fixed)
I (325) octal_psram: VCC          : 0x01 (3V)
I (325) octal_psram: SRF          : 0x01 (Fast Refresh)
I (326) octal_psram: BurstType    : 0x01 (Hybrid Wrap)
I (326) octal_psram: BurstLen     : 0x01 (32 Byte)
I (326) octal_psram: Readlatency  : 0x02 (10 cycles@Fixed)
I (326) octal_psram: DriveStrength: 0x00 (1/1)
I (326) MSPI Timing: Enter psram timing tuning
I (327) esp_psram: Found 8MB PSRAM device
I (327) esp_psram: Speed: 80MHz
I (357) mmu_psram: Read only data copied and mapped to SPIRAM
I (429) mmu_psram: Instructions copied and mapped to SPIRAM
I (429) cpu_start: Multicore app
I (659) esp_psram: SPI SRAM memory test OK
I (667) cpu_start: Pro cpu start user code
I (667) cpu_start: cpu freq: 240000000 Hz
I (667) app_init: Application information:
I (668) app_init: Project name:     Clare_S3
I (668) app_init: App version:      3e09a44-dirty
I (668) app_init: Compile time:     Aug 29 2026 07:02:39
I (668) app_init: ELF file SHA256:  a45f7f47b4f156d1...
I (668) app_init: ESP-IDF:          v5.5.3
I (668) efuse_init: Min chip rev:     v0.0
I (668) efuse_init: Max chip rev:     v0.99 
I (669) efuse_init: Chip rev:         v0.2
I (669) heap_init: Initializing. RAM available for dynamic allocation:
I (669) heap_init: At 3FCD1720 len 00017FF0 (95 KiB): RAM
I (669) heap_init: At 3FCE9710 len 00005724 (21 KiB): RAM
I (669) heap_init: At 3FCF0000 len 00008000 (32 KiB): DRAM
I (669) heap_init: At 600FE000 len 00001FE8 (7 KiB): RTCRAM
I (670) esp_psram: Adding pool of 6579K of PSRAM memory to heap allocator
I (670) esp_psram: Adding pool of 29K of PSRAM memory gap generated due to end address alignment of drom to the heap allocator
I (670) spi_flash: detected chip: gd
I (670) spi_flash: flash io: qio
I (671) sleep_gpio: Configure to isolate all GPIO pins in sleep state
I (671) sleep_gpio: Enable automatic switching of GPIO sleep configuration
I (672) main_task: Started on CPU0
I (673) esp_psram: Reserving pool of 32K of internal memory for DMA/internal allocations
I (673) main_task: Calling app_main()
I (674) clare_s3: Clare S3 starting
I (681) axp2101: Init PMU SUCCESS!
I (688) DisplayPort: SPI BUS init
I (688) DisplayPort: Install panel IO
I (688) co5300: version: 2.1.0
I (688) co5300_spi: LCD panel create success, version: 2.1.0
W (848) co5300_spi: The 3Ah command has been used and will be overwritten by external initialization sequence
I (2122) CST9217: Checkcode: 0x204ECACA
I (2124) CST9217: Resolution X: 466, Y: 466
I (2126) CST9217: Chip Type: 0x9217, ProjectID: 0x5734
I (2126) esp_lvgl:adapter: LVGL adapter initialized successfully
E (2128) esp_lvgl:disp: alloc primary buffer 46600 bytes failed

assert failed: void Lvgl_PortInit(DisplayPort&) lvgl_bsp.cpp:74 (disp != NULL)


Backtrace: 0x40399b4d:0x3fcd5bb0 0x40399b19:0x3fcd5bd0 0x403a26d1:0x3fcd5bf0 0x4200f619:0x3fcd5d10 0x4200b349:0x3fcd5da0 0x420ff9f7:0x3fcd5e20




ELF file SHA256: a45f7f47b4f156d1

Rebooting...
ESP-ROM:esp32s3-20210327
Build:Mar 27 2021
rst:0xc (RTC_SW_CPU_RST),boot:0xb (SPI_FAST_FLASH_BOOT)
Saved PC:0x40399cdc
SPIWP:0xee
mode:DIO, clock div:1
load:0x3fce2820,len:0x16a4
load:0x403c8700,len:0xe80
load:0x403cb700,len:0x3188
entry 0x403c8948
I (24) boot: ESP-IDF v5.5.3 2nd stage bootloader
I (24) boot: compile time Aug 29 2026 07:03:04
I (24) boot: Multicore bootloader
I (24) boot: chip revision: v0.2
I (24) boot: efuse block revision: v1.3
I (25) qio_mode: Enabling default flash chip QIO
I (25) boot.esp32s3: Boot SPI Speed : 80MHz
I (25) boot.esp32s3: SPI Mode       : QIO
I (25) boot.esp32s3: SPI Flash Size : 32MB
I (25) boot: Enabling RNG early entropy source...
I (26) boot: Partition Table:
I (26) boot: ## Label            Usage          Type ST Offset   Length
I (26) boot:  0 nvs              WiFi data        01 02 00009000 00006000
I (26) boot:  1 phy_init         RF data          01 01 0000f000 00001000
I (27) boot:  2 factory          factory app      00 00 00010000 00600000
I (27) boot:  3 storage          Unknown data     01 82 00610000 00300000
I (28) boot: End of partition table
I (28) esp_image: segment 0: paddr=00010020 vaddr=3c110020 size=7894ch (493900) map
I (102) esp_image: segment 1: paddr=00088974 vaddr=3fcb8d00 size=057cch ( 22476) load
I (106) esp_image: segment 2: paddr=0008e148 vaddr=40374000 size=01ed0h (  7888) load
I (108) esp_image: segment 3: paddr=00090020 vaddr=42000020 size=100758h (1050456) map
I (264) esp_image: segment 4: paddr=00190780 vaddr=40375ed0 size=32d80h (208256) load
I (303) esp_image: segment 5: paddr=001c3508 vaddr=50000000 size=00020h (    32) load
I (323) boot: Loaded app from partition at offset 0x10000
I (323) boot: Disabling RNG early entropy source...
I (324) octal_psram: vendor id    : 0x0d (AP)
I (324) octal_psram: dev id       : 0x02 (generation 3)
I (325) octal_psram: density      : 0x03 (64 Mbit)
I (325) octal_psram: good-die     : 0x01 (Pass)
I (325) octal_psram: Latency      : 0x01 (Fixed)
I (325) octal_psram: VCC          : 0x01 (3V)
I (325) octal_psram: SRF          : 0x01 (Fast Refresh)
I (326) octal_psram: BurstType    : 0x01 (Hybrid Wrap)
I (326) octal_psram: BurstLen     : 0x01 (32 Byte)
I (326) octal_psram: Readlatency  : 0x02 (10 cycles@Fixed)
I (326) octal_psram: DriveStrength: 0x00 (1/1)
I (326) MSPI Timing: Enter psram timing tuning
I (327) esp_psram: Found 8MB PSRAM device
I (327) esp_psram: Speed: 80MHz
I (357) mmu_psram: Read only data copied and mapped to SPIRAM
I (429) mmu_psram: Instructions copied and mapped to SPIRAM
I (429) cpu_start: Multicore app
I (659) esp_psram: SPI SRAM memory test OK
I (667) cpu_start: Pro cpu start user code
I (667) cpu_start: cpu freq: 240000000 Hz
I (667) app_init: Application information:
I (668) app_init: Project name:     Clare_S3
I (668) app_init: App version:      3e09a44-dirty
I (668) app_init: Compile time:     Aug 29 2026 07:02:39
I (668) app_init: ELF file SHA256:  a45f7f47b4f156d1...
I (668) app_init: ESP-IDF:          v5.5.3
I (668) efuse_init: Min chip rev:     v0.0
I (668) efuse_init: Max chip rev:     v0.99 
I (669) efuse_init: Chip rev:         v0.2
I (669) heap_init: Initializing. RAM available for dynamic allocation:
I (669) heap_init: At 3FCD1720 len 00017FF0 (95 KiB): RAM
I (669) heap_init: At 3FCE9710 len 00005724 (21 KiB): RAM
I (669) heap_init: At 3FCF0000 len 00008000 (32 KiB): DRAM
I (669) heap_init: At 600FE000 len 00001FE8 (7 KiB): RTCRAM
I (670) esp_psram: Adding pool of 6579K of PSRAM memory to heap allocator
I (670) esp_psram: Adding pool of 29K of PSRAM memory gap generated due to end address alignment of drom to the heap allocator
I (670) spi_flash: detected chip: gd
I (670) spi_flash: flash io: qio
I (671) sleep_gpio: Configure to isolate all GPIO pins in sleep state
I (671) sleep_gpio: Enable automatic switching of GPIO sleep configuration
I (672) main_task: Started on CPU0
I (673) esp_psram: Reserving pool of 32K of internal memory for DMA/internal allocations
I (673) main_task: Calling app_main()
I (673) clare_s3: Clare S3 starting
I (681) axp2101: Init PMU SUCCESS!
I (687) DisplayPort: SPI BUS init
I (688) DisplayPort: Install panel IO
I (688) co5300: version: 2.1.0
I (688) co5300_spi: LCD panel create success, version: 2.1.0
W (848) co5300_spi: The 3Ah command has been used and will be overwritten by external initialization sequence
I (2122) CST9217: Checkcode: 0x204ECACA
I (2124) CST9217: Resolution X: 466, Y: 466
I (2126) CST9217: Chip Type: 0x9217, ProjectID: 0x5734
I (2126) esp_lvgl:adapter: LVGL adapter initialized successfully
E (2128) esp_lvgl:disp: alloc primary buffer 46600 bytes failed

assert failed: void Lvgl_PortInit(DisplayPort&) lvgl_bsp.cpp:74 (disp != NULL)


Backtrace: 0x40399b4d:0x3fcd5bb0 0x40399b19:0x3fcd5bd0 0x403a26d1:0x3fcd5bf0 0x4200f619:0x3fcd5d10 0x4200b349:0x3fcd5da0 0x420ff9f7:0x3fcd5e20




ELF file SHA256: a45f7f47b4f156d1

Rebooting...
ESP-ROM:esp32s3-20210327
Build:Mar 27 2021
rst:0xc (RTC_SW_CPU_RST),boot:0xb (SPI_FAST_FLASH_BOOT)
Saved PC:0x40399cdc
SPIWP:0xee
mode:DIO, clock div:1
load:0x3fce2820,len:0x16a4
load:0x403c8700,len:0xe80
load:0x403cb700,len:0x3188
entry 0x403c8948
I (24) boot: ESP-IDF v5.5.3 2nd stage bootloader
I (24) boot: compile time Aug 29 2026 07:03:04
I (24) boot: Multicore bootloader
I (24) boot: chip revision: v0.2
I (24) boot: efuse block revision: v1.3
I (25) qio_mode: Enabling default flash chip QIO
I (25) boot.esp32s3: Boot SPI Speed : 80MHz
I (25) boot.esp32s3: SPI Mode       : QIO
I (25) boot.esp32s3: SPI Flash Size : 32MB
I (25) boot: Enabling RNG early entropy source...
I (26) boot: Partition Table:
I (26) boot: ## Label            Usage          Type ST Offset   Length
I (26) boot:  0 nvs              WiFi data        01 02 00009000 00006000
I (26) boot:  1 phy_init         RF data          01 01 0000f000 00001000
I (27) boot:  2 factory          factory app      00 00 00010000 00600000
I (27) boot:  3 storage          Unknown data     01 82 00610000 00300000
I (28) boot: End of partition table
I (28) esp_image: segment 0: paddr=00010020 vaddr=3c110020 size=7894ch (493900) map
I (102) esp_image: segment 1: paddr=00088974 vaddr=3fcb8d00 size=057cch ( 22476) load
I (106) esp_image: segment 2: paddr=0008e148 vaddr=40374000 size=01ed0h (  7888) load
I (108) esp_image: segment 3: paddr=00090020 vaddr=42000020 size=100758h (1050456) map
I (264) esp_image: segment 4: paddr=00190780 vaddr=40375ed0 size=32d80h (208256) load
I (303) esp_image: segment 5: paddr=001c3508 vaddr=50000000 size=00020h (    32) load
I (323) boot: Loaded app from partition at offset 0x10000
I (323) boot: Disabling RNG early entropy source...
I (324) octal_psram: vendor id    : 0x0d (AP)
I (324) octal_psram: dev id       : 0x02 (generation 3)
I (325) octal_psram: density      : 0x03 (64 Mbit)
I (325) octal_psram: good-die     : 0x01 (Pass)
I (325) octal_psram: Latency      : 0x01 (Fixed)
I (325) octal_psram: VCC          : 0x01 (3V)
I (325) octal_psram: SRF          : 0x01 (Fast Refresh)
I (326) octal_psram: BurstType    : 0x01 (Hybrid Wrap)
I (326) octal_psram: BurstLen     : 0x01 (32 Byte)
I (326) octal_psram: Readlatency  : 0x02 (10 cycles@Fixed)
I (326) octal_psram: DriveStrength: 0x00 (1/1)
I (326) MSPI Timing: Enter psram timing tuning
I (327) esp_psram: Found 8MB PSRAM device
I (327) esp_psram: Speed: 80MHz
I (357) mmu_psram: Read only data copied and mapped to SPIRAM
I (429) mmu_psram: Instructions copied and mapped to SPIRAM
I (429) cpu_start: Multicore app
I (659) esp_psram: SPI SRAM memory test OK
I (667) cpu_start: Pro cpu start user code
I (667) cpu_start: cpu freq: 240000000 Hz
I (667) app_init: Application information:
I (668) app_init: Project name:     Clare_S3
I (668) app_init: App version:      3e09a44-dirty
I (668) app_init: Compile time:     Aug 29 2026 07:02:39
I (668) app_init: ELF file SHA256:  a45f7f47b4f156d1...
I (668) app_init: ESP-IDF:          v5.5.3
I (668) efuse_init: Min chip rev:     v0.0
I (668) efuse_init: Max chip rev:     v0.99 
I (669) efuse_init: Chip rev:         v0.2
I (669) heap_init: Initializing. RAM available for dynamic allocation:
I (669) heap_init: At 3FCD1720 len 00017FF0 (95 KiB): RAM
I (669) heap_init: At 3FCE9710 len 00005724 (21 KiB): RAM
I (669) heap_init: At 3FCF0000 len 00008000 (32 KiB): DRAM
I (669) heap_init: At 600FE000 len 00001FE8 (7 KiB): RTCRAM
I (670) esp_psram: Adding pool of 6579K of PSRAM memory to heap allocator
I (670) esp_psram: Adding pool of 29K of PSRAM memory gap generated due to end address alignment of drom to the heap allocator
I (670) spi_flash: detected chip: gd
I (670) spi_flash: flash io: qio
I (671) sleep_gpio: Configure to isolate all GPIO pins in sleep state
I (671) sleep_gpio: Enable automatic switching of GPIO sleep configuration
I (672) main_task: Started on CPU0
I (673) esp_psram: Reserving pool of 32K of internal memory for DMA/internal allocations
I (673) main_task: Calling app_main()
I (673) clare_s3: Clare S3 starting
I (681) axp2101: Init PMU SUCCESS!
I (687) DisplayPort: SPI BUS init
I (688) DisplayPort: Install panel IO
I (688) co5300: version: 2.1.0
I (688) co5300_spi: LCD panel create success, version: 2.1.0
W (848) co5300_spi: The 3Ah command has been used and will be overwritten by external initialization sequence
I (2122) CST9217: Checkcode: 0x204ECACA
I (2124) CST9217: Resolution X: 466, Y: 466
I (2126) CST9217: Chip Type: 0x9217, ProjectID: 0x5734
I (2126) esp_lvgl:adapter: LVGL adapter initialized successfully
E (2128) esp_lvgl:disp: alloc primary buffer 46600 bytes failed

assert failed: void Lvgl_PortInit(DisplayPort&) lvgl_bsp.cpp:74 (disp != NULL)


Backtrace: 0x40399b4d:0x3fcd5bb0 0x40399b19:0x3fcd5bd0 0x403a26d1:0x3fcd5bf0 0x4200f619:0x3fcd5d10 0x4200b349:0x3fcd5da0 0x420ff9f7:0x3fcd5e20




ELF file SHA256: a45f7f47b4f156d1

Rebooting...
ESP-ROM:esp32s3-20210327
Build:Mar 27 2021
rst:0xc (RTC_SW_CPU_RST),boot:0xb (SPI_FAST_FLASH_BOOT)
Saved PC:0x40399cdc
SPIWP:0xee
mode:DIO, clock div:1
load:0x3fce2820,len:0x16a4
load:0x403c8700,len:0xe80
load:0x403cb700,len:0x3188
entry 0x403c8948
I (24) boot: ESP-IDF v5.5.3 2nd stage bootloader
I (24) boot: compile time Aug 29 2026 07:03:04
I (24) boot: Multicore bootloader
I (24) boot: chip revision: v0.2
I (24) boot: efuse block revision: v1.3
I (25) qio_mode: Enabling default flash chip QIO
I (25) boot.esp32s3: Boot SPI Speed : 80MHz
I (25) boot.esp32s3: SPI Mode       : QIO
I (25) boot.esp32s3: SPI Flash Size : 32MB
I (25) boot: Enabling RNG early entropy source...
I (26) boot: Partition Table:
I (26) boot: ## Label            Usage          Type ST Offset   Length
I (26) boot:  0 nvs              WiFi data        01 02 00009000 00006000
I (27) boot:  1 phy_init         RF data          01 01 0000f000 00001000
I (27) boot:  2 factory          factory app      00 00 00010000 00600000
I (27) boot:  3 storage          Unknown data     01 82 00610000 00300000
I (28) boot: End of partition table
I (28) esp_image: segment 0: paddr=00010020 vaddr=3c110020 size=7894ch (493900) map
I (102) esp_image: segment 1: paddr=00088974 vaddr=3fcb8d00 size=057cch ( 22476) load
I (106) esp_image: segment 2: paddr=0008e148 vaddr=40374000 size=01ed0h (  7888) load
I (108) esp_image: segment 3: paddr=00090020 vaddr=42000020 size=100758h (1050456) map
I (264) esp_image: segment 4: paddr=00190780 vaddr=40375ed0 size=32d80h (208256) load
I (303) esp_image: segment 5: paddr=001c3508 vaddr=50000000 size=00020h (    32) load
I (323) boot: Loaded app from partition at offset 0x10000
I (323) boot: Disabling RNG early entropy source...
I (324) octal_psram: vendor id    : 0x0d (AP)
I (325) octal_psram: dev id       : 0x02 (generation 3)
I (325) octal_psram: density      : 0x03 (64 Mbit)
I (325) octal_psram: good-die     : 0x01 (Pass)
I (325) octal_psram: Latency      : 0x01 (Fixed)
I (325) octal_psram: VCC          : 0x01 (3V)
I (326) octal_psram: SRF          : 0x01 (Fast Refresh)
I (326) octal_psram: BurstType    : 0x01 (Hybrid Wrap)
I (326) octal_psram: BurstLen     : 0x01 (32 Byte)
I (326) octal_psram: Readlatency  : 0x02 (10 cycles@Fixed)
I (326) octal_psram: DriveStrength: 0x00 (1/1)
I (327) MSPI Timing: Enter psram timing tuning
I (328) esp_psram: Found 8MB PSRAM device
I (328) esp_psram: Speed: 80MHz
I (357) mmu_psram: Read only data copied and mapped to SPIRAM
I (429) mmu_psram: Instructions copied and mapped to SPIRAM
I (429) cpu_start: Multicore app
I (659) esp_psram: SPI SRAM memory test OK
I (667) cpu_start: Pro cpu start user code
I (668) cpu_start: cpu freq: 240000000 Hz
I (668) app_init: Application information:
I (668) app_init: Project name:     Clare_S3
I (668) app_init: App version:      3e09a44-dirty
I (668) app_init: Compile time:     Aug 29 2026 07:02:39
I (668) app_init: ELF file SHA256:  a45f7f47b4f156d1...
I (668) app_init: ESP-IDF:          v5.5.3
I (668) efuse_init: Min chip rev:     v0.0
I (669) efuse_init: Max chip rev:     v0.99 
I (669) efuse_init: Chip rev:         v0.2
I (669) heap_init: Initializing. RAM available for dynamic allocation:
I (669) heap_init: At 3FCD1720 len 00017FF0 (95 KiB): RAM
I (669) heap_init: At 3FCE9710 len 00005724 (21 KiB): RAM
I (669) heap_init: At 3FCF0000 len 00008000 (32 KiB): DRAM
I (670) heap_init: At 600FE000 len 00001FE8 (7 KiB): RTCRAM
I (670) esp_psram: Adding pool of 6579K of PSRAM memory to heap allocator
I (670) esp_psram: Adding pool of 29K of PSRAM memory gap generated due to end address alignment of drom to the heap allocator
I (671) spi_flash: detected chip: gd
I (671) spi_flash: flash io: qio
I (671) sleep_gpio: Configure to isolate all GPIO pins in sleep state
I (671) sleep_gpio: Enable automatic switching of GPIO sleep configuration
I (672) main_task: Started on CPU0
I (673) esp_psram: Reserving pool of 32K of internal memory for DMA/internal allocations
I (673) main_task: Calling app_main()
I (673) clare_s3: Clare S3 starting
I (681) axp2101: Init PMU SUCCESS!
I (688) DisplayPort: SPI BUS init
I (688) DisplayPort: Install panel IO
I (688) co5300: version: 2.1.0
I (688) co5300_spi: LCD panel create success, version: 2.1.0
W (848) co5300_spi: The 3Ah command has been used and will be overwritten by external initialization sequence
I (2122) CST9217: Checkcode: 0x204ECACA
I (2124) CST9217: Resolution X: 466, Y: 466
I (2126) CST9217: Chip Type: 0x9217, ProjectID: 0x5734
I (2126) esp_lvgl:adapter: LVGL adapter initialized successfully
E (2128) esp_lvgl:disp: alloc primary buffer 46600 bytes failed

assert failed: void Lvgl_PortInit(DisplayPort&) lvgl_bsp.cpp:74 (disp != NULL)


Backtrace: 0x40399b4d:0x3fcd5bb0 0x40399b19:0x3fcd5bd0 0x403a26d1:0x3fcd5bf0 0x4200f619:0x3fcd5d10 0x4200b349:0x3fcd5da0 0x420ff9f7:0x3fcd5e20




ELF file SHA256: a45f7f47b4f156d1

Rebooting...
ESP-ROM:esp32s3-20210327
Build:Mar 27 2021
rst:0xc (RTC_SW_CPU_RST),boot:0xb (SPI_FAST_FLASH_BOOT)
Saved PC:0x40399cdc
SPIWP:0xee
mode:DIO, clock div:1
load:0x3fce2820,len:0x16a4
load:0x403c8700,len:0xe80
load:0x403cb700,len:0x3188
entry 0x403c8948
I (24) boot: ESP-IDF v5.5.3 2nd stage bootloader
I (24) boot: compile time Aug 29 2026 07:03:04
I (24) boot: Multicore bootloader
I (24) boot: chip revision: v0.2
I (24) boot: efuse block revision: v1.3
I (25) qio_mode: Enabling default flash chip QIO
I (25) boot.esp32s3: Boot SPI Speed : 80MHz
I (25) boot.esp32s3: SPI Mode       : QIO
I (25) boot.esp32s3: SPI Flash Size : 32MB
I (25) boot: Enabling RNG early entropy source...
I (26) boot: Partition Table:
I (26) boot: ## Label            Usage          Type ST Offset   Length
I (26) boot:  0 nvs              WiFi data        01 02 00009000 00006000
I (26) boot:  1 phy_init         RF data          01 01 0000f000 00001000
I (27) boot:  2 factory          factory app      00 00 00010000 00600000
I (27) boot:  3 storage          Unknown data     01 82 00610000 00300000
I (28) boot: End of partition table
I (28) esp_image: segment 0: paddr=00010020 vaddr=3c110020 size=7894ch (493900) map
I (102) esp_image: segment 1: paddr=00088974 vaddr=3fcb8d00 size=057cch ( 22476) load
I (106) esp_image: segment 2: paddr=0008e148 vaddr=40374000 size=01ed0h (  7888) load
I (108) esp_image: segment 3: paddr=00090020 vaddr=42000020 size=100758h (1050456) map
I (264) esp_image: segment 4: paddr=00190780 vaddr=40375ed0 size=32d80h (208256) load
I (303) esp_image: segment 5: paddr=001c3508 vaddr=50000000 size=00020h (    32) load
I (323) boot: Loaded app from partition at offset 0x10000
I (323) boot: Disabling RNG early entropy source...
I (324) octal_psram: vendor id    : 0x0d (AP)
I (324) octal_psram: dev id       : 0x02 (generation 3)
I (325) octal_psram: density      : 0x03 (64 Mbit)
I (325) octal_psram: good-die     : 0x01 (Pass)
I (325) octal_psram: Latency      : 0x01 (Fixed)
I (325) octal_psram: VCC          : 0x01 (3V)
I (325) octal_psram: SRF          : 0x01 (Fast Refresh)
I (326) octal_psram: BurstType    : 0x01 (Hybrid Wrap)
I (326) octal_psram: BurstLen     : 0x01 (32 Byte)
I (326) octal_psram: Readlatency  : 0x02 (10 cycles@Fixed)
I (326) octal_psram: DriveStrength: 0x00 (1/1)
I (326) MSPI Timing: Enter psram timing tuning
I (327) esp_psram: Found 8MB PSRAM device
I (327) esp_psram: Speed: 80MHz
I (357) mmu_psram: Read only data copied and mapped to SPIRAM
I (429) mmu_psram: Instructions copied and mapped to SPIRAM
I (429) cpu_start: Multicore app
I (659) esp_psram: SPI SRAM memory test OK
I (667) cpu_start: Pro cpu start user code
I (667) cpu_start: cpu freq: 240000000 Hz
I (667) app_init: Application information:
I (668) app_init: Project name:     Clare_S3
I (668) app_init: App version:      3e09a44-dirty
I (668) app_init: Compile time:     Aug 29 2026 07:02:39
I (668) app_init: ELF file SHA256:  a45f7f47b4f156d1...
I (668) app_init: ESP-IDF:          v5.5.3
I (668) efuse_init: Min chip rev:     v0.0
I (668) efuse_init: Max chip rev:     v0.99 
I (669) efuse_init: Chip rev:         v0.2
I (669) heap_init: Initializing. RAM available for dynamic allocation:
I (669) heap_init: At 3FCD1720 len 00017FF0 (95 KiB): RAM
I (669) heap_init: At 3FCE9710 len 00005724 (21 KiB): RAM
I (669) heap_init: At 3FCF0000 len 00008000 (32 KiB): DRAM
I (669) heap_init: At 600FE000 len 00001FE8 (7 KiB): RTCRAM
I (670) esp_psram: Adding pool of 6579K of PSRAM memory to heap allocator
I (670) esp_psram: Adding pool of 29K of PSRAM memory gap generated due to end address alignment of drom to the heap allocator
I (670) spi_flash: detected chip: gd
I (670) spi_flash: flash io: qio
I (671) sleep_gpio: Configure to isolate all GPIO pins in sleep state
I (671) sleep_gpio: Enable automatic switching of GPIO sleep configuration
I (672) main_task: Started on CPU0
I (673) esp_psram: Reserving pool of 32K of internal memory for DMA/internal allocations
I (673) main_task: Calling app_main()
I (674) clare_s3: Clare S3 starting
I (681) axp2101: Init PMU SUCCESS!
I (688) DisplayPort: SPI BUS init
I (688) DisplayPort: Install panel IO
I (688) co5300: version: 2.1.0
I (688) co5300_spi: LCD panel create success, version: 2.1.0
W (848) co5300_spi: The 3Ah command has been used and will be overwritten by external initialization sequence
I (2122) CST9217: Checkcode: 0x204ECACA
I (2124) CST9217: Resolution X: 466, Y: 466
I (2126) CST9217: Chip Type: 0x9217, ProjectID: 0x5734
I (2126) esp_lvgl:adapter: LVGL adapter initialized successfully
E (2128) esp_lvgl:disp: alloc primary buffer 46600 bytes failed

assert failed: void Lvgl_PortInit(DisplayPort&) lvgl_bsp.cpp:74 (disp != NULL)


Backtrace: 0x40399b4d:0x3fcd5bb0 0x40399b19:0x3fcd5bd0 0x403a26d1:0x3fcd5bf0 0x4200f619:0x3fcd5d10 0x4200b349:0x3fcd5da0 0x420ff9f7:0x3fcd5e20




ELF file SHA256: a45f7f47b4f156d1

Rebooting...
ESP-ROM:esp32s3-20210327
Build:Mar 27 2021
rst:0xc (RTC_SW_CPU_RST),boot:0xb (SPI_FAST_FLASH_BOOT)
Saved PC:0x40399cdc
SPIWP:0xee
mode:DIO, clock div:1
load:0x3fce2820,len:0x16a4
load:0x403c8700,len:0xe80
load:0x403cb700,len:0x3188
entry 0x403c8948
I (24) boot: ESP-IDF v5.5.3 2nd stage bootloader
I (24) boot: compile time Aug 29 2026 07:03:04
I (24) boot: Multicore bootloader
I (24) boot: chip revision: v0.2
I (24) boot: efuse block revision: v1.3
I (25) qio_mode: Enabling default flash chip QIO
I (25) boot.esp32s3: Boot SPI Speed : 80MHz
I (25) boot.esp32s3: SPI Mode       : QIO
I (25) boot.esp32s3: SPI Flash Size : 32MB
I (25) boot: Enabling RNG early entropy source...
I (26) boot: Partition Table:
I (26) boot: ## Label            Usage          Type ST Offset   Length
I (26) boot:  0 nvs              WiFi data        01 02 00009000 00006000
I (26) boot:  1 phy_init         RF data          01 01 0000f000 00001000
I (27) boot:  2 factory          factory app      00 00 00010000 00600000
I (27) boot:  3 storage          Unknown data     01 82 00610000 00300000
I (28) boot: End of partition table
I (28) esp_image: segment 0: paddr=00010020 vaddr=3c110020 size=7894ch (493900) map
I (102) esp_image: segment 1: paddr=00088974 vaddr=3fcb8d00 size=057cch ( 22476) load
I (106) esp_image: segment 2: paddr=0008e148 vaddr=40374000 size=01ed0h (  7888) load
I (108) esp_image: segment 3: paddr=00090020 vaddr=42000020 size=100758h (1050456) map
I (264) esp_image: segment 4: paddr=00190780 vaddr=40375ed0 size=32d80h (208256) load
I (303) esp_image: segment 5: paddr=001c3508 vaddr=50000000 size=00020h (    32) load
I (323) boot: Loaded app from partition at offset 0x10000
I (323) boot: Disabling RNG early entropy source...
I (324) octal_psram: vendor id    : 0x0d (AP)
I (324) octal_psram: dev id       : 0x02 (generation 3)
I (325) octal_psram: density      : 0x03 (64 Mbit)
I (325) octal_psram: good-die     : 0x01 (Pass)
I (325) octal_psram: Latency      : 0x01 (Fixed)
I (325) octal_psram: VCC          : 0x01 (3V)
I (325) octal_psram: SRF          : 0x01 (Fast Refresh)
I (326) octal_psram: BurstType    : 0x01 (Hybrid Wrap)
I (326) octal_psram: BurstLen     : 0x01 (32 Byte)
I (326) octal_psram: Readlatency  : 0x02 (10 cycles@Fixed)
I (326) octal_psram: DriveStrength: 0x00 (1/1)
I (326) MSPI Timing: Enter psram timing tuning
I (327) esp_psram: Found 8MB PSRAM device
I (327) esp_psram: Speed: 80MHz
I (357) mmu_psram: Read only data copied and mapped to SPIRAM
I (429) mmu_psram: Instructions copied and mapped to SPIRAM
I (429) cpu_start: Multicore app
I (659) esp_psram: SPI SRAM memory test OK
I (667) cpu_start: Pro cpu start user code
I (667) cpu_start: cpu freq: 240000000 Hz
I (667) app_init: Application information:
I (668) app_init: Project name:     Clare_S3
I (668) app_init: App version:      3e09a44-dirty
I (668) app_init: Compile time:     Aug 29 2026 07:02:39
I (668) app_init: ELF file SHA256:  a45f7f47b4f156d1...
I (668) app_init: ESP-IDF:          v5.5.3
I (668) efuse_init: Min chip rev:     v0.0
I (668) efuse_init: Max chip rev:     v0.99 
I (669) efuse_init: Chip rev:         v0.2
I (669) heap_init: Initializing. RAM available for dynamic allocation:
I (669) heap_init: At 3FCD1720 len 00017FF0 (95 KiB): RAM
I (669) heap_init: At 3FCE9710 len 00005724 (21 KiB): RAM
I (669) heap_init: At 3FCF0000 len 00008000 (32 KiB): DRAM
I (669) heap_init: At 600FE000 len 00001FE8 (7 KiB): RTCRAM
I (670) esp_psram: Adding pool of 6579K of PSRAM memory to heap allocator
I (670) esp_psram: Adding pool of 29K of PSRAM memory gap generated due to end address alignment of drom to the heap allocator
I (670) spi_flash: detected chip: gd
I (670) spi_flash: flash io: qio
I (671) sleep_gpio: Configure to isolate all GPIO pins in sleep state
I (671) sleep_gpio: Enable automatic switching of GPIO sleep configuration
I (672) main_task: Started on CPU0
I (673) esp_psram: Reserving pool of 32K of internal memory for DMA/internal allocations
I (673) main_task: Calling app_main()
I (673) clare_s3: Clare S3 starting
I (681) axp2101: Init PMU SUCCESS!
I (687) DisplayPort: SPI BUS init
I (688) DisplayPort: Install panel IO
I (688) co5300: version: 2.1.0
I (688) co5300_spi: LCD panel create success, version: 2.1.0
W (848) co5300_spi: The 3Ah command has been used and will be overwritten by external initialization sequence
I (2122) CST9217: Checkcode: 0x204ECACA
I (2124) CST9217: Resolution X: 466, Y: 466
I (2126) CST9217: Chip Type: 0x9217, ProjectID: 0x5734
I (2126) esp_lvgl:adapter: LVGL adapter initialized successfully
E (2128) esp_lvgl:disp: alloc primary buffer 46600 bytes failed

assert failed: void Lvgl_PortInit(DisplayPort&) lvgl_bsp.cpp:74 (disp != NULL)


Backtrace: 0x40399b4d:0x3fcd5bb0 0x40399b19:0x3fcd5bd0 0x403a26d1:0x3fcd5bf0 0x4200f619:0x3fcd5d10 0x4200b349:0x3fcd5da0 0x420ff9f7:0x3fcd5e20




ELF file SHA256: a45f7f47b4f156d1

Rebooting...
ESP-ROM:esp32s3-20210327
Build:Mar 27 2021
rst:0xc (RTC_SW_CPU_RST),boot:0xb (SPI_FAST_FLASH_BOOT)
Saved PC:0x40399cdc
SPIWP:0xee
mode:DIO, clock div:1
load:0x3fce2820,len:0x16a4
load:0x403c8700,len:0xe80
load:0x403cb700,len:0x3188
entry 0x403c8948
I (24) boot: ESP-IDF v5.5.3 2nd stage bootloader
I (24) boot: compile time Aug 29 2026 07:03:04
I (24) boot: Multicore bootloader
I (24) boot: chip revision: v0.2
I (24) boot: efuse block revision: v1.3
I (25) qio_mode: Enabling default flash chip QIO
I (25) boot.esp32s3: Boot SPI Speed : 80MHz
I (25) boot.esp32s3: SPI Mode       : QIO
I (25) boot.esp32s3: SPI Flash Size : 32MB
I (25) boot: Enabling RNG early entropy source...
I (26) boot: Partition Table:
I (26) boot: ## Label            Usage          Type ST Offset   Length
I (26) boot:  0 nvs              WiFi data        01 02 00009000 00006000
I (26) boot:  1 phy_init         RF data          01 01 0000f000 00001000
I (27) boot:  2 factory          factory app      00 00 00010000 00600000
I (27) boot:  3 storage          Unknown data     01 82 00610000 00300000
I (28) boot: End of partition table
I (28) esp_image: segment 0: paddr=00010020 vaddr=3c110020 size=7894ch (493900) map
I (102) esp_image: segment 1: paddr=00088974 vaddr=3fcb8d00 size=057cch ( 22476) load
I (106) esp_image: segment 2: paddr=0008e148 vaddr=40374000 size=01ed0h (  7888) load
I (108) esp_image: segment 3: paddr=00090020 vaddr=42000020 size=100758h (1050456) map
I (264) esp_image: segment 4: paddr=00190780 vaddr=40375ed0 size=32d80h (208256) load
I (303) esp_image: segment 5: paddr=001c3508 vaddr=50000000 size=00020h (    32) load
I (323) boot: Loaded app from partition at offset 0x10000
I (323) boot: Disabling RNG early entropy source...
I (324) octal_psram: vendor id    : 0x0d (AP)
I (324) octal_psram: dev id       : 0x02 (generation 3)
I (325) octal_psram: density      : 0x03 (64 Mbit)
I (325) octal_psram: good-die     : 0x01 (Pass)
I (325) octal_psram: Latency      : 0x01 (Fixed)
I (325) octal_psram: VCC          : 0x01 (3V)
I (325) octal_psram: SRF          : 0x01 (Fast Refresh)
I (326) octal_psram: BurstType    : 0x01 (Hybrid Wrap)
I (326) octal_psram: BurstLen     : 0x01 (32 Byte)
I (326) octal_psram: Readlatency  : 0x02 (10 cycles@Fixed)
I (326) octal_psram: DriveStrength: 0x00 (1/1)
I (326) MSPI Timing: Enter psram timing tuning
I (327) esp_psram: Found 8MB PSRAM device
I (327) esp_psram: Speed: 80MHz
I (357) mmu_psram: Read only data copied and mapped to SPIRAM
I (429) mmu_psram: Instructions copied and mapped to SPIRAM
I (429) cpu_start: Multicore app
I (659) esp_psram: SPI SRAM memory test OK
I (667) cpu_start: Pro cpu start user code
I (667) cpu_start: cpu freq: 240000000 Hz
I (667) app_init: Application information:
I (668) app_init: Project name:     Clare_S3
I (668) app_init: App version:      3e09a44-dirty
I (668) app_init: Compile time:     Aug 29 2026 07:02:39
I (668) app_init: ELF file SHA256:  a45f7f47b4f156d1...
I (668) app_init: ESP-IDF:          v5.5.3
I (668) efuse_init: Min chip rev:     v0.0
I (668) efuse_init: Max chip rev:     v0.99 
I (669) efuse_init: Chip rev:         v0.2
I (669) heap_init: Initializing. RAM available for dynamic allocation:
I (669) heap_init: At 3FCD1720 len 00017FF0 (95 KiB): RAM
I (669) heap_init: At 3FCE9710 len 00005724 (21 KiB): RAM
I (669) heap_init: At 3FCF0000 len 00008000 (32 KiB): DRAM
I (669) heap_init: At 600FE000 len 00001FE8 (7 KiB): RTCRAM
I (670) esp_psram: Adding pool of 6579K of PSRAM memory to heap allocator
I (670) esp_psram: Adding pool of 29K of PSRAM memory gap generated due to end address alignment of drom to the heap allocator
I (670) spi_flash: detected chip: gd
I (670) spi_flash: flash io: qio
I (671) sleep_gpio: Configure to isolate all GPIO pins in sleep state
I (671) sleep_gpio: Enable automatic switching of GPIO sleep configuration
I (672) main_task: Started on CPU0
I (673) esp_psram: Reserving pool of 32K of internal memory for DMA/internal allocations
I (673) main_task: Calling app_main()
I (673) clare_s3: Clare S3 starting
I (681) axp2101: Init PMU SUCCESS!
I (687) DisplayPort: SPI BUS init
I (688) DisplayPort: Install panel IO
I (688) co5300: version: 2.1.0
I (688) co5300_spi: LCD panel create success, version: 2.1.0
W (848) co5300_spi: The 3Ah command has been used and will be overwritten by external initialization sequence
I (2122) CST9217: Checkcode: 0x204ECACA
I (2124) CST9217: Resolution X: 466, Y: 466
I (2126) CST9217: Chip Type: 0x9217, ProjectID: 0x5734
I (2126) esp_lvgl:adapter: LVGL adapter initialized successfully
E (2128) esp_lvgl:disp: alloc primary buffer 46600 bytes failed

assert failed: void Lvgl_PortInit(DisplayPort&) lvgl_bsp.cpp:74 (disp != NULL)


Backtrace: 0x40399b4d:0x3fcd5bb0 0x40399b19:0x3fcd5bd0 0x403a26d1:0x3fcd5bf0 0x4200f619:0x3fcd5d10 0x4200b349:0x3fcd5da0 0x420ff9f7:0x3fcd5e20




ELF file SHA256: a45f7f47b4f156d1

Rebooting...
ESP-ROM:esp32s3-20210327
Build:Mar 27 2021
rst:0xc (RTC_SW_CPU_RST),boot:0xb (SPI_FAST_FLASH_BOOT)
Saved PC:0x40399cdc
SPIWP:0xee
mode:DIO, clock div:1
load:0x3fce2820,len:0x16a4
load:0x403c8700,len:0xe80
load:0x403cb700,len:0x3188
entry 0x403c8948
I (24) boot: ESP-IDF v5.5.3 2nd stage bootloader
I (24) boot: compile time Aug 29 2026 07:03:04
I (24) boot: Multicore bootloader
I (24) boot: chip revision: v0.2
I (24) boot: efuse block revision: v1.3
I (25) qio_mode: Enabling default flash chip QIO
I (25) boot.esp32s3: Boot SPI Speed : 80MHz
I (25) boot.esp32s3: SPI Mode       : QIO
I (25) boot.esp32s3: SPI Flash Size : 32MB
I (25) boot: Enabling RNG early entropy source...
I (26) boot: Partition Table:
I (26) boot: ## Label            Usage          Type ST Offset   Length
I (26) boot:  0 nvs              WiFi data        01 02 00009000 00006000
I (27) boot:  1 phy_init         RF data          01 01 0000f000 00001000
I (27) boot:  2 factory          factory app      00 00 00010000 00600000
I (27) boot:  3 storage          Unknown data     01 82 00610000 00300000
I (28) boot: End of partition table
I (28) esp_image: segment 0: paddr=00010020 vaddr=3c110020 size=7894ch (493900) map
I (102) esp_image: segment 1: paddr=00088974 vaddr=3fcb8d00 size=057cch ( 22476) load
I (106) esp_image: segment 2: paddr=0008e148 vaddr=40374000 size=01ed0h (  7888) load
I (108) esp_image: segment 3: paddr=00090020 vaddr=42000020 size=100758h (1050456) map
I (264) esp_image: segment 4: paddr=00190780 vaddr=40375ed0 size=32d80h (208256) load
I (303) esp_image: segment 5: paddr=001c3508 vaddr=50000000 size=00020h (    32) load
I (323) boot: Loaded app from partition at offset 0x10000
I (323) boot: Disabling RNG early entropy source...
I (324) octal_psram: vendor id    : 0x0d (AP)
I (325) octal_psram: dev id       : 0x02 (generation 3)
I (325) octal_psram: density      : 0x03 (64 Mbit)
I (325) octal_psram: good-die     : 0x01 (Pass)
I (325) octal_psram: Latency      : 0x01 (Fixed)
I (325) octal_psram: VCC          : 0x01 (3V)
I (326) octal_psram: SRF          : 0x01 (Fast Refresh)
I (326) octal_psram: BurstType    : 0x01 (Hybrid Wrap)
I (326) octal_psram: BurstLen     : 0x01 (32 Byte)
I (326) octal_psram: Readlatency  : 0x02 (10 cycles@Fixed)
I (326) octal_psram: DriveStrength: 0x00 (1/1)
I (327) MSPI Timing: Enter psram timing tuning
I (328) esp_psram: Found 8MB PSRAM device
I (328) esp_psram: Speed: 80MHz
I (357) mmu_psram: Read only data copied and mapped to SPIRAM
I (429) mmu_psram: Instructions copied and mapped to SPIRAM
I (429) cpu_start: Multicore app
I (659) esp_psram: SPI SRAM memory test OK
I (667) cpu_start: Pro cpu start user code
I (668) cpu_start: cpu freq: 240000000 Hz
I (668) app_init: Application information:
I (668) app_init: Project name:     Clare_S3
I (668) app_init: App version:      3e09a44-dirty
I (668) app_init: Compile time:     Aug 29 2026 07:02:39
I (668) app_init: ELF file SHA256:  a45f7f47b4f156d1...
I (668) app_init: ESP-IDF:          v5.5.3
I (668) efuse_init: Min chip rev:     v0.0
I (669) efuse_init: Max chip rev:     v0.99 
I (669) efuse_init: Chip rev:         v0.2
I (669) heap_init: Initializing. RAM available for dynamic allocation:
I (669) heap_init: At 3FCD1720 len 00017FF0 (95 KiB): RAM
I (669) heap_init: At 3FCE9710 len 00005724 (21 KiB): RAM
I (669) heap_init: At 3FCF0000 len 00008000 (32 KiB): DRAM
I (670) heap_init: At 600FE000 len 00001FE8 (7 KiB): RTCRAM
I (670) esp_psram: Adding pool of 6579K of PSRAM memory to heap allocator
I (670) esp_psram: Adding pool of 29K of PSRAM memory gap generated due to end address alignment of drom to the heap allocator
I (671) spi_flash: detected chip: gd
I (671) spi_flash: flash io: qio
I (671) sleep_gpio: Configure to isolate all GPIO pins in sleep state
I (671) sleep_gpio: Enable automatic switching of GPIO sleep configuration
I (672) main_task: Started on CPU0
I (673) esp_psram: Reserving pool of 32K of internal memory for DMA/internal allocations
I (673) main_task: Calling app_main()
I (673) clare_s3: Clare S3 starting
I (681) axp2101: Init PMU SUCCESS!
I (688) DisplayPort: SPI BUS init
I (688) DisplayPort: Install panel IO
I (688) co5300: version: 2.1.0
I (688) co5300_spi: LCD panel create success, version: 2.1.0
W (848) co5300_spi: The 3Ah command has been used and will be overwritten by external initialization sequence
I (2122) CST9217: Checkcode: 0x204ECACA
I (2124) CST9217: Resolution X: 466, Y: 466
I (2126) CST9217: Chip Type: 0x9217, ProjectID: 0x5734
I (2126) esp_lvgl:adapter: LVGL adapter initialized successfully
E (2128) esp_lvgl:disp: alloc primary buffer 46600 bytes failed

assert failed: void Lvgl_PortInit(DisplayPort&) lvgl_bsp.cpp:74 (disp != NULL)


Backtrace: 0x40399b4d:0x3fcd5bb0 0x40399b19:0x3fcd5bd0 0x403a26d1:0x3fcd5bf0 0x4200f619:0x3fcd5d10 0x4200b349:0x3fcd5da0 0x420ff9f7:0x3fcd5e20




ELF file SHA256: a45f7f47b4f156d1

Rebooting...
ESP-ROM:esp32s3-20210327
Build:Mar 27 2021
rst:0xc (RTC_SW_CPU_RST),boot:0xb (SPI_FAST_FLASH_BOOT)
Saved PC:0x40399cdc
SPIWP:0xee
mode:DIO, clock div:1
load:0x3fce2820,len:0x16a4
load:0x403c8700,len:0xe80
load:0x403cb700,len:0x3188
entry 0x403c8948
I (24) boot: ESP-IDF v5.5.3 2nd stage bootloader
I (24) boot: compile time Aug 29 2026 07:03:04
I (24) boot: Multicore bootloader
I (24) boot: chip revision: v0.2
I (24) boot: efuse block revision: v1.3
I (25) qio_mode: Enabling default flash chip QIO
I (25) boot.esp32s3: Boot SPI Speed : 80MHz
I (25) boot.esp32s3: SPI Mode       : QIO
I (25) boot.esp32s3: SPI Flash Size : 32MB
I (25) boot: Enabling RNG early entropy source...
I (26) boot: Partition Table:
I (26) boot: ## Label            Usage          Type ST Offset   Length
I (26) boot:  0 nvs              WiFi data        01 02 00009000 00006000
I (27) boot:  1 phy_init         RF data          01 01 0000f000 00001000
I (27) boot:  2 factory          factory app      00 00 00010000 00600000
I (27) boot:  3 storage          Unknown data     01 82 00610000 00300000
I (28) boot: End of partition table
I (28) esp_image: segment 0: paddr=00010020 vaddr=3c110020 size=7894ch (493900) map
I (102) esp_image: segment 1: paddr=00088974 vaddr=3fcb8d00 size=057cch ( 22476) load
I (106) esp_image: segment 2: paddr=0008e148 vaddr=40374000 size=01ed0h (  7888) load
I (108) esp_image: segment 3: paddr=00090020 vaddr=42000020 size=100758h (1050456) map
I (264) esp_image: segment 4: paddr=00190780 vaddr=40375ed0 size=32d80h (208256) load
I (303) esp_image: segment 5: paddr=001c3508 vaddr=50000000 size=00020h (    32) load
I (323) boot: Loaded app from partition at offset 0x10000
I (323) boot: Disabling RNG early entropy source...
I (324) octal_psram: vendor id    : 0x0d (AP)
I (324) octal_psram: dev id       : 0x02 (generation 3)
I (325) octal_psram: density      : 0x03 (64 Mbit)
I (325) octal_psram: good-die     : 0x01 (Pass)
I (325) octal_psram: Latency      : 0x01 (Fixed)
I (325) octal_psram: VCC          : 0x01 (3V)
I (325) octal_psram: SRF          : 0x01 (Fast Refresh)
I (326) octal_psram: BurstType    : 0x01 (Hybrid Wrap)
I (326) octal_psram: BurstLen     : 0x01 (32 Byte)
I (326) octal_psram: Readlatency  : 0x02 (10 cycles@Fixed)
I (326) octal_psram: DriveStrength: 0x00 (1/1)
I (327) MSPI Timing: Enter psram timing tuning
I (327) esp_psram: Found 8MB PSRAM device
I (328) esp_psram: Speed: 80MHz
I (357) mmu_psram: Read only data copied and mapped to SPIRAM
I (429) mmu_psram: Instructions copied and mapped to SPIRAM
I (429) cpu_start: Multicore app
I (659) esp_psram: SPI SRAM memory test OK
I (667) cpu_start: Pro cpu start user code
I (667) cpu_start: cpu freq: 240000000 Hz
I (668) app_init: Application information:
I (668) app_init: Project name:     Clare_S3
I (668) app_init: App version:      3e09a44-dirty
I (668) app_init: Compile time:     Aug 29 2026 07:02:39
I (668) app_init: ELF file SHA256:  a45f7f47b4f156d1...
I (668) app_init: ESP-IDF:          v5.5.3
I (668) efuse_init: Min chip rev:     v0.0
I (669) efuse_init: Max chip rev:     v0.99 
I (669) efuse_init: Chip rev:         v0.2
I (669) heap_init: Initializing. RAM available for dynamic allocation:
I (669) heap_init: At 3FCD1720 len 00017FF0 (95 KiB): RAM
I (669) heap_init: At 3FCE9710 len 00005724 (21 KiB): RAM
I (669) heap_init: At 3FCF0000 len 00008000 (32 KiB): DRAM
I (670) heap_init: At 600FE000 len 00001FE8 (7 KiB): RTCRAM
I (670) esp_psram: Adding pool of 6579K of PSRAM memory to heap allocator
I (670) esp_psram: Adding pool of 29K of PSRAM memory gap generated due to end address alignment of drom to the heap allocator
I (671) spi_flash: detected chip: gd
I (671) spi_flash: flash io: qio
I (671) sleep_gpio: Configure to isolate all GPIO pins in sleep state
I (671) sleep_gpio: Enable automatic switching of GPIO sleep configuration
I (672) main_task: Started on CPU0
I (673) esp_psram: Reserving pool of 32K of internal memory for DMA/internal allocations
I (673) main_task: Calling app_main()
I (673) clare_s3: Clare S3 starting
I (681) axp2101: Init PMU SUCCESS!
I (687) DisplayPort: SPI BUS init
I (688) DisplayPort: Install panel IO
I (688) co5300: version: 2.1.0
I (688) co5300_spi: LCD panel create success, version: 2.1.0
W (848) co5300_spi: The 3Ah command has been used and will be overwritten by external initialization sequence
I (2122) CST9217: Checkcode: 0x204ECACA
I (2124) CST9217: Resolution X: 466, Y: 466
I (2126) CST9217: Chip Type: 0x9217, ProjectID: 0x5734
I (2126) esp_lvgl:adapter: LVGL adapter initialized successfully
E (2128) esp_lvgl:disp: alloc primary buffer 46600 bytes failed

assert failed: void Lvgl_PortInit(DisplayPort&) lvgl_bsp.cpp:74 (disp != NULL)


Backtrace: 0x40399b4d:0x3fcd5bb0 0x40399b19:0x3fcd5bd0 0x403a26d1:0x3fcd5bf0 0x4200f619:0x3fcd5d10 0x4200b349:0x3fcd5da0 0x420ff9f7:0x3fcd5e20




ELF file SHA256: a45f7f47b4f156d1

Rebooting...
ESP-ROM:esp32s3-20210327
Build:Mar 27 2021
rst:0xc (RTC_SW_CPU_RST),boot:0xb (SPI_FAST_FLASH_BOOT)
Saved PC:0x40399cdc
SPIWP:0xee
mode:DIO, clock div:1
load:0x3fce2820,len:0x16a4
load:0x403c8700,len:0xe80
load:0x403cb700,len:0x3188
entry 0x403c8948
I (24) boot: ESP-IDF v5.5.3 2nd stage bootloader
I (24) boot: compile time Aug 29 2026 07:03:04
I (24) boot: Multicore bootloader
I (24) boot: chip revision: v0.2
I (24) boot: efuse block revision: v1.3
I (25) qio_mode: Enabling default flash chip QIO
I (25) boot.esp32s3: Boot SPI Speed : 80MHz
I (25) boot.esp32s3: SPI Mode       : QIO
I (25) boot.esp32s3: SPI Flash Size : 32MB
I (26) boot: Enabling RNG early entropy source...
I (26) boot: Partition Table:
I (26) boot: ## Label            Usage          Type ST Offset   Length
I (26) boot:  0 nvs              WiFi data        01 02 00009000 00006000
I (27) boot:  1 phy_init         RF data          01 01 0000f000 00001000
I (27) boot:  2 factory          factory app      00 00 00010000 00600000
I (27) boot:  3 storage          Unknown data     01 82 00610000 00300000
I (28) boot: End of partition table
I (28) esp_image: segment 0: paddr=00010020 vaddr=3c110020 size=7894ch (493900) map
I (102) esp_image: segment 1: paddr=00088974 vaddr=3fcb8d00 size=057cch ( 22476) load
I (106) esp_image: segment 2: paddr=0008e148 vaddr=40374000 size=01ed0h (  7888) load
I (108) esp_image: segment 3: paddr=00090020 vaddr=42000020 size=100758h (1050456) map
I (264) esp_image: segment 4: paddr=00190780 vaddr=40375ed0 size=32d80h (208256) load
I (303) esp_image: segment 5: paddr=001c3508 vaddr=50000000 size=00020h (    32) load
I (323) boot: Loaded app from partition at offset 0x10000
I (323) boot: Disabling RNG early entropy source...
I (324) octal_psram: vendor id    : 0x0d (AP)
I (324) octal_psram: dev id       : 0x02 (generation 3)
I (325) octal_psram: density      : 0x03 (64 Mbit)
I (325) octal_psram: good-die     : 0x01 (Pass)
I (325) octal_psram: Latency      : 0x01 (Fixed)
I (325) octal_psram: VCC          : 0x01 (3V)
I (325) octal_psram: SRF          : 0x01 (Fast Refresh)
I (326) octal_psram: BurstType    : 0x01 (Hybrid Wrap)
I (326) octal_psram: BurstLen     : 0x01 (32 Byte)
I (326) octal_psram: Readlatency  : 0x02 (10 cycles@Fixed)
I (326) octal_psram: DriveStrength: 0x00 (1/1)
I (327) MSPI Timing: Enter psram timing tuning
I (327) esp_psram: Found 8MB PSRAM device
I (328) esp_psram: Speed: 80MHz
I (357) mmu_psram: Read only data copied and mapped to SPIRAM
I (429) mmu_psram: Instructions copied and mapped to SPIRAM
I (429) cpu_start: Multicore app
I (659) esp_psram: SPI SRAM memory test OK
I (667) cpu_start: Pro cpu start user code
I (668) cpu_start: cpu freq: 240000000 Hz
I (668) app_init: Application information:
I (668) app_init: Project name:     Clare_S3
I (668) app_init: App version:      3e09a44-dirty
I (668) app_init: Compile time:     Aug 29 2026 07:02:39
I (668) app_init: ELF file SHA256:  a45f7f47b4f156d1...
I (668) app_init: ESP-IDF:          v5.5.3
I (668) efuse_init: Min chip rev:     v0.0
I (669) efuse_init: Max chip rev:     v0.99 
I (669) efuse_init: Chip rev:         v0.2
I (669) heap_init: Initializing. RAM available for dynamic allocation:
I (669) heap_init: At 3FCD1720 len 00017FF0 (95 KiB): RAM
I (669) heap_init: At 3FCE9710 len 00005724 (21 KiB): RAM
I (669) heap_init: At 3FCF0000 len 00008000 (32 KiB): DRAM
I (670) heap_init: At 600FE000 len 00001FE8 (7 KiB): RTCRAM
I (670) esp_psram: Adding pool of 6579K of PSRAM memory to heap allocator
I (670) esp_psram: Adding pool of 29K of PSRAM memory gap generated due to end address alignment of drom to the heap allocator
I (671) spi_flash: detected chip: gd
I (671) spi_flash: flash io: qio
I (671) sleep_gpio: Configure to isolate all GPIO pins in sleep state
I (671) sleep_gpio: Enable automatic switching of GPIO sleep configuration
I (672) main_task: Started on CPU0
I (673) esp_psram: Reserving pool of 32K of internal memory for DMA/internal allocations
I (673) main_task: Calling app_main()
I (673) clare_s3: Clare S3 starting
I (681) axp2101: Init PMU SUCCESS!
I (687) DisplayPort: SPI BUS init
I (688) DisplayPort: Install panel IO
I (688) co5300: version: 2.1.0
I (688) co5300_spi: LCD panel create success, version: 2.1.0
W (848) co5300_spi: The 3Ah command has been used and will be overwritten by external initialization sequence
I (2122) CST9217: Checkcode: 0x204ECACA
I (2124) CST9217: Resolution X: 466, Y: 466
I (2126) CST9217: Chip Type: 0x9217, ProjectID: 0x5734
I (2126) esp_lvgl:adapter: LVGL adapter initialized successfully
E (2128) esp_lvgl:disp: alloc primary buffer 46600 bytes failed

assert failed: void Lvgl_PortInit(DisplayPort&) lvgl_bsp.cpp:74 (disp != NULL)


Backtrace: 0x40399b4d:0x3fcd5bb0 0x40399b19:0x3fcd5bd0 0x403a26d1:0x3fcd5bf0 0x4200f619:0x3fcd5d10 0x4200b349:0x3fcd5da0 0x420ff9f7:0x3fcd5e20




ELF file SHA256: a45f7f47b4f156d1

Rebooting...
ESP-ROM:esp32s3-20210327
Build:Mar 27 2021
rst:0xc (RTC_SW_CPU_RST),boot:0xb (SPI_FAST_FLASH_BOOT)
Saved PC:0x40399cdc
SPIWP:0xee
mode:DIO, clock div:1
load:0x3fce2820,len:0x16a4
load:0x403c8700,len:0xe80
load:0x403cb700,len:0x3188
entry 0x403c8948
I (24) boot: ESP-IDF v5.5.3 2nd stage bootloader
I (24) boot: compile time Aug 29 2026 07:03:04
I (24) boot: Multicore bootloader
I (24) boot: chip revision: v0.2
I (24) boot: efuse block revision: v1.3
I (25) qio_mode: Enabling default flash chip QIO
I (25) boot.esp32s3: Boot SPI Speed : 80MHz
I (25) boot.esp32s3: SPI Mode       : QIO
I (25) boot.esp32s3: SPI Flash Size : 32MB
I (25) boot: Enabling RNG early entropy source...
I (26) boot: Partition Table:
I (26) boot: ## Label            Usage          Type ST Offset   Length
I (26) boot:  0 nvs              WiFi data        01 02 00009000 00006000
I (26) boot:  1 phy_init         RF data          01 01 0000f000 00001000
I (27) boot:  2 factory          factory app      00 00 00010000 00600000
I (27) boot:  3 storage          Unknown data     01 82 00610000 00300000
I (28) boot: End of partition table
I (28) esp_image: segment 0: paddr=00010020 vaddr=3c110020 size=7894ch (493900) map
I (102) esp_image: segment 1: paddr=00088974 vaddr=3fcb8d00 size=057cch ( 22476) load
I (106) esp_image: segment 2: paddr=0008e148 vaddr=40374000 size=01ed0h (  7888) load
I (108) esp_image: segment 3: paddr=00090020 vaddr=42000020 size=100758h (1050456) map
I (264) esp_image: segment 4: paddr=00190780 vaddr=40375ed0 size=32d80h (208256) load
I (303) esp_image: segment 5: paddr=001c3508 vaddr=50000000 size=00020h (    32) load
I (323) boot: Loaded app from partition at offset 0x10000
I (323) boot: Disabling RNG early entropy source...
I (324) octal_psram: vendor id    : 0x0d (AP)
I (324) octal_psram: dev id       : 0x02 (generation 3)
I (325) octal_psram: density      : 0x03 (64 Mbit)
I (325) octal_psram: good-die     : 0x01 (Pass)
I (325) octal_psram: Latency      : 0x01 (Fixed)
I (325) octal_psram: VCC          : 0x01 (3V)
I (325) octal_psram: SRF          : 0x01 (Fast Refresh)
I (326) octal_psram: BurstType    : 0x01 (Hybrid Wrap)
I (326) octal_psram: BurstLen     : 0x01 (32 Byte)
I (326) octal_psram: Readlatency  : 0x02 (10 cycles@Fixed)
I (326) octal_psram: DriveStrength: 0x00 (1/1)
I (326) MSPI Timing: Enter psram timing tuning
I (327) esp_psram: Found 8MB PSRAM device
I (327) esp_psram: Speed: 80MHz
I (357) mmu_psram: Read only data copied and mapped to SPIRAM
I (429) mmu_psram: Instructions copied and mapped to SPIRAM
I (429) cpu_start: Multicore app
I (659) esp_psram: SPI SRAM memory test OK
I (667) cpu_start: Pro cpu start user code
I (667) cpu_start: cpu freq: 240000000 Hz
I (667) app_init: Application information:
I (668) app_init: Project name:     Clare_S3
I (668) app_init: App version:      3e09a44-dirty
I (668) app_init: Compile time:     Aug 29 2026 07:02:39
I (668) app_init: ELF file SHA256:  a45f7f47b4f156d1...
I (668) app_init: ESP-IDF:          v5.5.3
I (668) efuse_init: Min chip rev:     v0.0
I (668) efuse_init: Max chip rev:     v0.99 
I (669) efuse_init: Chip rev:         v0.2
I (669) heap_init: Initializing. RAM available for dynamic allocation:
I (669) heap_init: At 3FCD1720 len 00017FF0 (95 KiB): RAM
I (669) heap_init: At 3FCE9710 len 00005724 (21 KiB): RAM
I (669) heap_init: At 3FCF0000 len 00008000 (32 KiB): DRAM
I (669) heap_init: At 600FE000 len 00001FE8 (7 KiB): RTCRAM
I (670) esp_psram: Adding pool of 6579K of PSRAM memory to heap allocator
I (670) esp_psram: Adding pool of 29K of PSRAM memory gap generated due to end address alignment of drom to the heap allocator
I (670) spi_flash: detected chip: gd
I (670) spi_flash: flash io: qio
I (671) sleep_gpio: Configure to isolate all GPIO pins in sleep state
I (671) sleep_gpio: Enable automatic switching of GPIO sleep configuration
I (672) main_task: Started on CPU0
I (673) esp_psram: Reserving pool of 32K of internal memory for DMA/internal allocations
I (673) main_task: Calling app_main()
I (673) clare_s3: Clare S3 starting
I (681) axp2101: Init PMU SUCCESS!
I (687) DisplayPort: SPI BUS init
I (688) DisplayPort: Install panel IO
I (688) co5300: version: 2.1.0
I (688) co5300_spi: LCD panel create success, version: 2.1.0
W (848) co5300_spi: The 3Ah command has been used and will be overwritten by external initialization sequence
I (2122) CST9217: Checkcode: 0x204ECACA
I (2124) CST9217: Resolution X: 466, Y: 466
I (2126) CST9217: Chip Type: 0x9217, ProjectID: 0x5734
I (2126) esp_lvgl:adapter: LVGL adapter initialized successfully
E (2128) esp_lvgl:disp: alloc primary buffer 46600 bytes failed

assert failed: void Lvgl_PortInit(DisplayPort&) lvgl_bsp.cpp:74 (disp != NULL)


Backtrace: 0x40399b4d:0x3fcd5bb0 0x40399b19:0x3fcd5bd0 0x403a26d1:0x3fcd5bf0 0x4200f619:0x3fcd5d10 0x4200b349:0x3fcd5da0 0x420ff9f7:0x3fcd5e20




ELF file SHA256: a45f7f47b4f156d1

Rebooting...
ESP-ROM:esp32s3-20210327
Build:Mar 27 2021
rst:0xc (RTC_SW_CPU_RST),boot:0xb (SPI_FAST_FLASH_BOOT)
Saved PC:0x40399cdc
SPIWP:0xee
mode:DIO, clock div:1
load:0x3fce2820,len:0x16a4
load:0x403c8700,len:0xe80
load:0x403cb700,len:0x3188
entry 0x403c8948
I (24) boot: ESP-IDF v5.5.3 2nd stage bootloader
I (24) boot: compile time Aug 29 2026 07:03:04
I (24) boot: Multicore bootloader
I (24) boot: chip revision: v0.2
I (24) boot: efuse block revision: v1.3
I (25) qio_mode: Enabling default flash chip QIO
I (25) boot.esp32s3: Boot SPI Speed : 80MHz
I (25) boot.esp32s3: SPI Mode       : QIO
I (25) boot.esp32s3: SPI Flash Size : 32MB
I (25) boot: Enabling RNG early entropy source...
I (26) boot: Partition Table:
I (26) boot: ## Label            Usage          Type ST Offset   Length
I (26) boot:  0 nvs              WiFi data        01 02 00009000 00006000
I (26) boot:  1 phy_init         RF data          01 01 0000f000 00001000
I (27) boot:  2 factory          factory app      00 00 00010000 00600000
I (27) boot:  3 storage          Unknown data     01 82 00610000 00300000
I (28) boot: End of partition table
I (28) esp_image: segment 0: paddr=00010020 vaddr=3c110020 size=7894ch (493900) map
I (102) esp_image: segment 1: paddr=00088974 vaddr=3fcb8d00 size=057cch ( 22476) load
I (106) esp_image: segment 2: paddr=0008e148 vaddr=40374000 size=01ed0h (  7888) load
I (108) esp_image: segment 3: paddr=00090020 vaddr=42000020 size=100758h (1050456) map
I (264) esp_image: segment 4: paddr=00190780 vaddr=40375ed0 size=32d80h (208256) load
I (303) esp_image: segment 5: paddr=001c3508 vaddr=50000000 size=00020h (    32) load
I (323) boot: Loaded app from partition at offset 0x10000
I (323) boot: Disabling RNG early entropy source...
I (324) octal_psram: vendor id    : 0x0d (AP)
I (324) octal_psram: dev id       : 0x02 (generation 3)
I (325) octal_psram: density      : 0x03 (64 Mbit)
I (325) octal_psram: good-die     : 0x01 (Pass)
I (325) octal_psram: Latency      : 0x01 (Fixed)
I (325) octal_psram: VCC          : 0x01 (3V)
I (325) octal_psram: SRF          : 0x01 (Fast Refresh)
I (326) octal_psram: BurstType    : 0x01 (Hybrid Wrap)
I (326) octal_psram: BurstLen     : 0x01 (32 Byte)
I (326) octal_psram: Readlatency  : 0x02 (10 cycles@Fixed)
I (326) octal_psram: DriveStrength: 0x00 (1/1)
I (326) MSPI Timing: Enter psram timing tuning
I (327) esp_psram: Found 8MB PSRAM device
I (327) esp_psram: Speed: 80MHz
I (357) mmu_psram: Read only data copied and mapped to SPIRAM
I (429) mmu_psram: Instructions copied and mapped to SPIRAM
I (429) cpu_start: Multicore app
I (659) esp_psram: SPI SRAM memory test OK
I (667) cpu_start: Pro cpu start user code
I (667) cpu_start: cpu freq: 240000000 Hz
I (667) app_init: Application information:
I (668) app_init: Project name:     Clare_S3
I (668) app_init: App version:      3e09a44-dirty
I (668) app_init: Compile time:     Aug 29 2026 07:02:39
I (668) app_init: ELF file SHA256:  a45f7f47b4f156d1...
I (668) app_init: ESP-IDF:          v5.5.3
I (668) efuse_init: Min chip rev:     v0.0
I (668) efuse_init: Max chip rev:     v0.99 
I (669) efuse_init: Chip rev:         v0.2
I (669) heap_init: Initializing. RAM available for dynamic allocation:
I (669) heap_init: At 3FCD1720 len 00017FF0 (95 KiB): RAM
I (669) heap_init: At 3FCE9710 len 00005724 (21 KiB): RAM
I (669) heap_init: At 3FCF0000 len 00008000 (32 KiB): DRAM
I (669) heap_init: At 600FE000 len 00001FE8 (7 KiB): RTCRAM
I (670) esp_psram: Adding pool of 6579K of PSRAM memory to heap allocator
I (670) esp_psram: Adding pool of 29K of PSRAM memory gap generated due to end address alignment of drom to the heap allocator
I (670) spi_flash: detected chip: gd
I (670) spi_flash: flash io: qio
I (671) sleep_gpio: Configure to isolate all GPIO pins in sleep state
I (671) sleep_gpio: Enable automatic switching of GPIO sleep configuration
I (672) main_task: Started on CPU0
I (673) esp_psram: Reserving pool of 32K of internal memory for DMA/internal allocations
I (673) main_task: Calling app_main()
I (673) clare_s3: Clare S3 starting
I (681) axp2101: Init PMU SUCCESS!
I (687) DisplayPort: SPI BUS init
I (688) DisplayPort: Install panel IO
I (688) co5300: version: 2.1.0
I (688) co5300_spi: LCD panel create success, version: 2.1.0
W (848) co5300_spi: The 3Ah command has been used and will be overwritten by external initialization sequence
I (2122) CST9217: Checkcode: 0x204ECACA
I (2124) CST9217: Resolution X: 466, Y: 466
I (2126) CST9217: Chip Type: 0x9217, ProjectID: 0x5734
I (2126) esp_lvgl:adapter: LVGL adapter initialized successfully
E (2128) esp_lvgl:disp: alloc primary buffer 46600 bytes failed

assert failed: void Lvgl_PortInit(DisplayPort&) lvgl_bsp.cpp:74 (disp != NULL)


Backtrace: 0x40399b4d:0x3fcd5bb0 0x40399b19:0x3fcd5bd0 0x403a26d1:0x3fcd5bf0 0x4200f619:0x3fcd5d10 0x4200b349:0x3fcd5da0 0x420ff9f7:0x3fcd5e20




ELF file SHA256: a45f7f47b4f156d1

Rebooting...
ESP-ROM:esp32s3-20210327
Build:Mar 27 2021
rst:0xc (RTC_SW_CPU_RST),boot:0xb (SPI_FAST_FLASH_BOOT)
Saved PC:0x40399cdc
SPIWP:0xee
mode:DIO, clock div:1
load:0x3fce2820,len:0x16a4
load:0x403c8700,len:0xe80
load:0x403cb700,len:0x3188
entry 0x403c8948
I (24) boot: ESP-IDF v5.5.3 2nd stage bootloader
I (24) boot: compile time Aug 29 2026 07:03:04
I (24) boot: Multicore bootloader
I (24) boot: chip revision: v0.2
I (24) boot: efuse block revision: v1.3
I (25) qio_mode: Enabling default flash chip QIO
I (25) boot.esp32s3: Boot SPI Speed : 80MHz
I (25) boot.esp32s3: SPI Mode       : QIO
I (25) boot.esp32s3: SPI Flash Size : 32MB
I (25) boot: Enabling RNG early entropy source...
I (26) boot: Partition Table:
I (26) boot: ## Label            Usage          Type ST Offset   Length
I (26) boot:  0 nvs              WiFi data        01 02 00009000 00006000
I (26) boot:  1 phy_init         RF data          01 01 0000f000 00001000
I (27) boot:  2 factory          factory app      00 00 00010000 00600000
I (27) boot:  3 storage          Unknown data     01 82 00610000 00300000
I (28) boot: End of partition table
I (28) esp_image: segment 0: paddr=00010020 vaddr=3c110020 size=7894ch (493900) map
I (102) esp_image: segment 1: paddr=00088974 vaddr=3fcb8d00 size=057cch ( 22476) load
I (106) esp_image: segment 2: paddr=0008e148 vaddr=40374000 size=01ed0h (  7888) load
I (108) esp_image: segment 3: paddr=00090020 vaddr=42000020 size=100758h (1050456) map
I (264) esp_image: segment 4: paddr=00190780 vaddr=40375ed0 size=32d80h (208256) load
I (303) esp_image: segment 5: paddr=001c3508 vaddr=50000000 size=00020h (    32) load
I (323) boot: Loaded app from partition at offset 0x10000
I (323) boot: Disabling RNG early entropy source...
I (324) octal_psram: vendor id    : 0x0d (AP)
I (324) octal_psram: dev id       : 0x02 (generation 3)
I (325) octal_psram: density      : 0x03 (64 Mbit)
I (325) octal_psram: good-die     : 0x01 (Pass)
I (325) octal_psram: Latency      : 0x01 (Fixed)
I (325) octal_psram: VCC          : 0x01 (3V)
I (325) octal_psram: SRF          : 0x01 (Fast Refresh)
I (326) octal_psram: BurstType    : 0x01 (Hybrid Wrap)
I (326) octal_psram: BurstLen     : 0x01 (32 Byte)
I (326) octal_psram: Readlatency  : 0x02 (10 cycles@Fixed)
I (326) octal_psram: DriveStrength: 0x00 (1/1)
I (326) MSPI Timing: Enter psram timing tuning
I (327) esp_psram: Found 8MB PSRAM device
I (327) esp_psram: Speed: 80MHz
I (357) mmu_psram: Read only data copied and mapped to SPIRAM
I (429) mmu_psram: Instructions copied and mapped to SPIRAM
I (429) cpu_start: Multicore app
I (659) esp_psram: SPI SRAM memory test OK
I (667) cpu_start: Pro cpu start user code
I (667) cpu_start: cpu freq: 240000000 Hz
I (667) app_init: Application information:
I (668) app_init: Project name:     Clare_S3
I (668) app_init: App version:      3e09a44-dirty
I (668) app_init: Compile time:     Aug 29 2026 07:02:39
I (668) app_init: ELF file SHA256:  a45f7f47b4f156d1...
I (668) app_init: ESP-IDF:          v5.5.3
I (668) efuse_init: Min chip rev:     v0.0
I (668) efuse_init: Max chip rev:     v0.99 
I (669) efuse_init: Chip rev:         v0.2
I (669) heap_init: Initializing. RAM available for dynamic allocation:
I (669) heap_init: At 3FCD1720 len 00017FF0 (95 KiB): RAM
I (669) heap_init: At 3FCE9710 len 00005724 (21 KiB): RAM
I (669) heap_init: At 3FCF0000 len 00008000 (32 KiB): DRAM
I (669) heap_init: At 600FE000 len 00001FE8 (7 KiB): RTCRAM
I (670) esp_psram: Adding pool of 6579K of PSRAM memory to heap allocator
I (670) esp_psram: Adding pool of 29K of PSRAM memory gap generated due to end address alignment of drom to the heap allocator
I (670) spi_flash: detected chip: gd
I (670) spi_flash: flash io: qio
I (671) sleep_gpio: Configure to isolate all GPIO pins in sleep state
I (671) sleep_gpio: Enable automatic switching of GPIO sleep configuration
I (672) main_task: Started on CPU0
I (673) esp_psram: Reserving pool of 32K of internal memory for DMA/internal allocations
I (673) main_task: Calling app_main()
I (674) clare_s3: Clare S3 starting
I (681) axp2101: Init PMU SUCCESS!
I (688) DisplayPort: SPI BUS init
I (688) DisplayPort: Install panel IO
I (688) co5300: version: 2.1.0
I (688) co5300_spi: LCD panel create success, version: 2.1.0
W (848) co5300_spi: The 3Ah command has been used and will be overwritten by external initialization sequence
I (2122) CST9217: Checkcode: 0x204ECACA
I (2124) CST9217: Resolution X: 466, Y: 466
I (2126) CST9217: Chip Type: 0x9217, ProjectID: 0x5734
I (2126) esp_lvgl:adapter: LVGL adapter initialized successfully
E (2128) esp_lvgl:disp: alloc primary buffer 46600 bytes failed

assert failed: void Lvgl_PortInit(DisplayPort&) lvgl_bsp.cpp:74 (disp != NULL)


Backtrace: 0x40399b4d:0x3fcd5bb0 0x40399b19:0x3fcd5bd0 0x403a26d1:0x3fcd5bf0 0x4200f619:0x3fcd5d10 0x4200b349:0x3fcd5da0 0x420ff9f7:0x3fcd5e20




ELF file SHA256: a45f7f47b4f156d1

Rebooting...
ESP-ROM:esp32s3-20210327
Build:Mar 27 2021
rst:0xc (RTC_SW_CPU_RST),boot:0xb (SPI_FAST_FLASH_BOOT)
Saved PC:0x40399cdc
SPIWP:0xee
mode:DIO, clock div:1
load:0x3fce2820,len:0x16a4
load:0x403c8700,len:0xe80
load:0x403cb700,len:0x3188
entry 0x403c8948
I (24) boot: ESP-IDF v5.5.3 2nd stage bootloader
I (24) boot: compile time Aug 29 2026 07:03:04
I (24) boot: Multicore bootloader
I (24) boot: chip revision: v0.2
I (24) boot: efuse block revision: v1.3
I (25) qio_mode: Enabling default flash chip QIO
I (25) boot.esp32s3: Boot SPI Speed : 80MHz
I (25) boot.esp32s3: SPI Mode       : QIO
I (25) boot.esp32s3: SPI Flash Size : 32MB
I (25) boot: Enabling RNG early entropy source...
I (26) boot: Partition Table:
I (26) boot: ## Label            Usage          Type ST Offset   Length
I (26) boot:  0 nvs              WiFi data        01 02 00009000 00006000
I (26) boot:  1 phy_init         RF data          01 01 0000f000 00001000
I (27) boot:  2 factory          factory app      00 00 00010000 00600000
I (27) boot:  3 storage          Unknown data     01 82 00610000 00300000
I (28) boot: End of partition table
I (28) esp_image: segment 0: paddr=00010020 vaddr=3c110020 size=7894ch (493900) map
I (102) esp_image: segment 1: paddr=00088974 vaddr=3fcb8d00 size=057cch ( 22476) load
I (106) esp_image: segment 2: paddr=0008e148 vaddr=40374000 size=01ed0h (  7888) load
I (108) esp_image: segment 3: paddr=00090020 vaddr=42000020 size=100758h (1050456) map
I (264) esp_image: segment 4: paddr=00190780 vaddr=40375ed0 size=32d80h (208256) load
I (303) esp_image: segment 5: paddr=001c3508 vaddr=50000000 size=00020h (    32) load
I (323) boot: Loaded app from partition at offset 0x10000
I (323) boot: Disabling RNG early entropy source...
I (324) octal_psram: vendor id    : 0x0d (AP)
I (324) octal_psram: dev id       : 0x02 (generation 3)
I (325) octal_psram: density      : 0x03 (64 Mbit)
I (325) octal_psram: good-die     : 0x01 (Pass)
I (325) octal_psram: Latency      : 0x01 (Fixed)
I (325) octal_psram: VCC          : 0x01 (3V)
I (325) octal_psram: SRF          : 0x01 (Fast Refresh)
I (326) octal_psram: BurstType    : 0x01 (Hybrid Wrap)
I (326) octal_psram: BurstLen     : 0x01 (32 Byte)
I (326) octal_psram: Readlatency  : 0x02 (10 cycles@Fixed)
I (326) octal_psram: DriveStrength: 0x00 (1/1)
I (326) MSPI Timing: Enter psram timing tuning
I (327) esp_psram: Found 8MB PSRAM device
I (327) esp_psram: Speed: 80MHz
I (357) mmu_psram: Read only data copied and mapped to SPIRAM
I (429) mmu_psram: Instructions copied and mapped to SPIRAM
I (429) cpu_start: Multicore app
I (659) esp_psram: SPI SRAM memory test OK
I (667) cpu_start: Pro cpu start user code
I (667) cpu_start: cpu freq: 240000000 Hz
I (667) app_init: Application information:
I (668) app_init: Project name:     Clare_S3
I (668) app_init: App version:      3e09a44-dirty
I (668) app_init: Compile time:     Aug 29 2026 07:02:39
I (668) app_init: ELF file SHA256:  a45f7f47b4f156d1...
I (668) app_init: ESP-IDF:          v5.5.3
I (668) efuse_init: Min chip rev:     v0.0
I (668) efuse_init: Max chip rev:     v0.99 
I (669) efuse_init: Chip rev:         v0.2
I (669) heap_init: Initializing. RAM available for dynamic allocation:
I (669) heap_init: At 3FCD1720 len 00017FF0 (95 KiB): RAM
I (669) heap_init: At 3FCE9710 len 00005724 (21 KiB): RAM
I (669) heap_init: At 3FCF0000 len 00008000 (32 KiB): DRAM
I (669) heap_init: At 600FE000 len 00001FE8 (7 KiB): RTCRAM
I (670) esp_psram: Adding pool of 6579K of PSRAM memory to heap allocator
I (670) esp_psram: Adding pool of 29K of PSRAM memory gap generated due to end address alignment of drom to the heap allocator
I (670) spi_flash: detected chip: gd
I (670) spi_flash: flash io: qio
I (671) sleep_gpio: Configure to isolate all GPIO pins in sleep state
I (671) sleep_gpio: Enable automatic switching of GPIO sleep configuration
I (672) main_task: Started on CPU0
I (673) esp_psram: Reserving pool of 32K of internal memory for DMA/internal allocations
I (673) main_task: Calling app_main()
I (673) clare_s3: Clare S3 starting
I (681) axp2101: Init PMU SUCCESS!
I (687) DisplayPort: SPI BUS init
I (688) DisplayPort: Install panel IO
I (688) co5300: version: 2.1.0
I (688) co5300_spi: LCD panel create success, version: 2.1.0
W (848) co5300_spi: The 3Ah command has been used and will be overwritten by external initialization sequence
I (2122) CST9217: Checkcode: 0x204ECACA
I (2124) CST9217: Resolution X: 466, Y: 466
I (2126) CST9217: Chip Type: 0x9217, ProjectID: 0x5734
I (2126) esp_lvgl:adapter: LVGL adapter initialized successfully
E (2128) esp_lvgl:disp: alloc primary buffer 46600 bytes failed

assert failed: void Lvgl_PortInit(DisplayPort&) lvgl_bsp.cpp:74 (disp != NULL)


Backtrace: 0x40399b4d:0x3fcd5bb0 0x40399b19:0x3fcd5bd0 0x403a26d1:0x3fcd5bf0 0x4200f619:0x3fcd5d10 0x4200b349:0x3fcd5da0 0x420ff9f7:0x3fcd5e20




ELF file SHA256: a45f7f47b4f156d1

Rebooting...
ESP-ROM:esp32s3-20210327
Build:Mar 27 2021
rst:0xc (RTC_SW_CPU_RST),boot:0xb (SPI_FAST_FLASH_BOOT)
Saved PC:0x40399cdc
SPIWP:0xee
mode:DIO, clock div:1
load:0x3fce2820,len:0x16a4
load:0x403c8700,len:0xe80
load:0x403cb700,len:0x3188
entry 0x403c8948
I (24) boot: ESP-IDF v5.5.3 2nd stage bootloader
I (24) boot: compile time Aug 29 2026 07:03:04
I (24) boot: Multicore bootloader
I (24) boot: chip revision: v0.2
I (24) boot: efuse block revision: v1.3
I (25) qio_mode: Enabling default flash chip QIO
I (25) boot.esp32s3: Boot SPI Speed : 80MHz
I (25) boot.esp32s3: SPI Mode       : QIO
I (25) boot.esp32s3: SPI Flash Size : 32MB
I (25) boot: Enabling RNG early entropy source...
I (26) boot: Partition Table:
I (26) boot: ## Label            Usage          Type ST Offset   Length
I (26) boot:  0 nvs              WiFi data        01 02 00009000 00006000
I (26) boot:  1 phy_init         RF data          01 01 0000f000 00001000
I (27) boot:  2 factory          factory app      00 00 00010000 00600000
I (27) boot:  3 storage          Unknown data     01 82 00610000 00300000
I (28) boot: End of partition table
I (28) esp_image: segment 0: paddr=00010020 vaddr=3c110020 size=7894ch (493900) map
I (102) esp_image: segment 1: paddr=00088974 vaddr=3fcb8d00 size=057cch ( 22476) load
I (106) esp_image: segment 2: paddr=0008e148 vaddr=40374000 size=01ed0h (  7888) load
I (108) esp_image: segment 3: paddr=00090020 vaddr=42000020 size=100758h (1050456) map
I (264) esp_image: segment 4: paddr=00190780 vaddr=40375ed0 size=32d80h (208256) load
I (303) esp_image: segment 5: paddr=001c3508 vaddr=50000000 size=00020h (    32) load
I (323) boot: Loaded app from partition at offset 0x10000
I (323) boot: Disabling RNG early entropy source...
I (324) octal_psram: vendor id    : 0x0d (AP)
I (324) octal_psram: dev id       : 0x02 (generation 3)
I (325) octal_psram: density      : 0x03 (64 Mbit)
I (325) octal_psram: good-die     : 0x01 (Pass)
I (325) octal_psram: Latency      : 0x01 (Fixed)
I (325) octal_psram: VCC          : 0x01 (3V)
I (325) octal_psram: SRF          : 0x01 (Fast Refresh)
I (326) octal_psram: BurstType    : 0x01 (Hybrid Wrap)
I (326) octal_psram: BurstLen     : 0x01 (32 Byte)
I (326) octal_psram: Readlatency  : 0x02 (10 cycles@Fixed)
I (326) octal_psram: DriveStrength: 0x00 (1/1)
I (326) MSPI Timing: Enter psram timing tuning
I (327) esp_psram: Found 8MB PSRAM device
I (327) esp_psram: Speed: 80MHz
I (357) mmu_psram: Read only data copied and mapped to SPIRAM
I (429) mmu_psram: Instructions copied and mapped to SPIRAM
I (429) cpu_start: Multicore app
I (659) esp_psram: SPI SRAM memory test OK
I (667) cpu_start: Pro cpu start user code
I (667) cpu_start: cpu freq: 240000000 Hz
I (667) app_init: Application information:
I (668) app_init: Project name:     Clare_S3
I (668) app_init: App version:      3e09a44-dirty
I (668) app_init: Compile time:     Aug 29 2026 07:02:39
I (668) app_init: ELF file SHA256:  a45f7f47b4f156d1...
I (668) app_init: ESP-IDF:          v5.5.3
I (668) efuse_init: Min chip rev:     v0.0
I (668) efuse_init: Max chip rev:     v0.99 
I (669) efuse_init: Chip rev:         v0.2
I (669) heap_init: Initializing. RAM available for dynamic allocation:
I (669) heap_init: At 3FCD1720 len 00017FF0 (95 KiB): RAM
I (669) heap_init: At 3FCE9710 len 00005724 (21 KiB): RAM
I (669) heap_init: At 3FCF0000 len 00008000 (32 KiB): DRAM
I (669) heap_init: At 600FE000 len 00001FE8 (7 KiB): RTCRAM
I (670) esp_psram: Adding pool of 6579K of PSRAM memory to heap allocator
I (670) esp_psram: Adding pool of 29K of PSRAM memory gap generated due to end address alignment of drom to the heap allocator
I (670) spi_flash: detected chip: gd
I (670) spi_flash: flash io: qio
I (671) sleep_gpio: Configure to isolate all GPIO pins in sleep state
I (671) sleep_gpio: Enable automatic switching of GPIO sleep configuration
I (672) main_task: Started on CPU0
I (673) esp_psram: Reserving pool of 32K of internal memory for DMA/internal allocations
I (673) main_task: Calling app_main()
I (673) clare_s3: Clare S3 starting
I (681) axp2101: Init PMU SUCCESS!
I (687) DisplayPort: SPI BUS init
I (688) DisplayPort: Install panel IO
I (688) co5300: version: 2.1.0
I (688) co5300_spi: LCD panel create success, version: 2.1.0
W (848) co5300_spi: The 3Ah command has been used and will be overwritten by external initialization sequence
I (2122) CST9217: Checkcode: 0x204ECACA
I (2124) CST9217: Resolution X: 466, Y: 466
I (2126) CST9217: Chip Type: 0x9217, ProjectID: 0x5734
I (2126) esp_lvgl:adapter: LVGL adapter initialized successfully
E (2128) esp_lvgl:disp: alloc primary buffer 46600 bytes failed

assert failed: void Lvgl_PortInit(DisplayPort&) lvgl_bsp.cpp:74 (disp != NULL)


Backtrace: 0x40399b4d:0x3fcd5bb0 0x40399b19:0x3fcd5bd0 0x403a26d1:0x3fcd5bf0 0x4200f619:0x3fcd5d10 0x4200b349:0x3fcd5da0 0x420ff9f7:0x3fcd5e20




ELF file SHA256: a45f7f47b4f156d1

Rebooting...
ESP-ROM:esp32s3-20210327
Build:Mar 27 2021
rst:0xc (RTC_SW_CPU_RST),boot:0xb (SPI_FAST_FLASH_BOOT)
Saved PC:0x40399cdc
SPIWP:0xee
mode:DIO, clock div:1
load:0x3fce2820,len:0x16a4
load:0x403c8700,len:0xe80
load:0x403cb700,len:0x3188
entry 0x403c8948
I (24) boot: ESP-IDF v5.5.3 2nd stage bootloader
I (24) boot: compile time Aug 29 2026 07:03:04
I (24) boot: Multicore bootloader
I (24) boot: chip revision: v0.2
I (24) boot: efuse block revision: v1.3
I (25) qio_mode: Enabling default flash chip QIO
I (25) boot.esp32s3: Boot SPI Speed : 80MHz
I (25) boot.esp32s3: SPI Mode       : QIO
I (25) boot.esp32s3: SPI Flash Size : 32MB
I (25) boot: Enabling RNG early entropy source...
I (26) boot: Partition Table:
I (26) boot: ## Label            Usage          Type ST Offset   Length
I (26) boot:  0 nvs              WiFi data        01 02 00009000 00006000
I (27) boot:  1 phy_init         RF data          01 01 0000f000 00001000
I (27) boot:  2 factory          factory app      00 00 00010000 00600000
I (27) boot:  3 storage          Unknown data     01 82 00610000 00300000
I (28) boot: End of partition table
I (28) esp_image: segment 0: paddr=00010020 vaddr=3c110020 size=7894ch (493900) map
I (102) esp_image: segment 1: paddr=00088974 vaddr=3fcb8d00 size=057cch ( 22476) load
I (106) esp_image: segment 2: paddr=0008e148 vaddr=40374000 size=01ed0h (  7888) load
I (108) esp_image: segment 3: paddr=00090020 vaddr=42000020 size=100758h (1050456) map
I (264) esp_image: segment 4: paddr=00190780 vaddr=40375ed0 size=32d80h (208256) load
I (303) esp_image: segment 5: paddr=001c3508 vaddr=50000000 size=00020h (    32) load
I (323) boot: Loaded app from partition at offset 0x10000
I (323) boot: Disabling RNG early entropy source...
I (324) octal_psram: vendor id    : 0x0d (AP)
I (325) octal_psram: dev id       : 0x02 (generation 3)
I (325) octal_psram: density      : 0x03 (64 Mbit)
I (325) octal_psram: good-die     : 0x01 (Pass)
I (325) octal_psram: Latency      : 0x01 (Fixed)
I (325) octal_psram: VCC          : 0x01 (3V)
I (326) octal_psram: SRF          : 0x01 (Fast Refresh)
I (326) octal_psram: BurstType    : 0x01 (Hybrid Wrap)
I (326) octal_psram: BurstLen     : 0x01 (32 Byte)
I (326) octal_psram: Readlatency  : 0x02 (10 cycles@Fixed)
I (326) octal_psram: DriveStrength: 0x00 (1/1)
I (327) MSPI Timing: Enter psram timing tuning
I (328) esp_psram: Found 8MB PSRAM device
I (328) esp_psram: Speed: 80MHz
I (357) mmu_psram: Read only data copied and mapped to SPIRAM
I (429) mmu_psram: Instructions copied and mapped to SPIRAM
I (429) cpu_start: Multicore app
I (659) esp_psram: SPI SRAM memory test OK
I (667) cpu_start: Pro cpu start user code
I (668) cpu_start: cpu freq: 240000000 Hz
I (668) app_init: Application information:
I (668) app_init: Project name:     Clare_S3
I (668) app_init: App version:      3e09a44-dirty
I (668) app_init: Compile time:     Aug 29 2026 07:02:39
I (668) app_init: ELF file SHA256:  a45f7f47b4f156d1...
I (668) app_init: ESP-IDF:          v5.5.3
I (668) efuse_init: Min chip rev:     v0.0
I (669) efuse_init: Max chip rev:     v0.99 
I (669) efuse_init: Chip rev:         v0.2
I (669) heap_init: Initializing. RAM available for dynamic allocation:
I (669) heap_init: At 3FCD1720 len 00017FF0 (95 KiB): RAM
I (669) heap_init: At 3FCE9710 len 00005724 (21 KiB): RAM
I (669) heap_init: At 3FCF0000 len 00008000 (32 KiB): DRAM
I (670) heap_init: At 600FE000 len 00001FE8 (7 KiB): RTCRAM
I (670) esp_psram: Adding pool of 6579K of PSRAM memory to heap allocator
I (670) esp_psram: Adding pool of 29K of PSRAM memory gap generated due to end address alignment of drom to the heap allocator
I (671) spi_flash: detected chip: gd
I (671) spi_flash: flash io: qio
I (671) sleep_gpio: Configure to isolate all GPIO pins in sleep state
I (671) sleep_gpio: Enable automatic switching of GPIO sleep configuration
I (672) main_task: Started on CPU0
I (673) esp_psram: Reserving pool of 32K of internal memory for DMA/internal allocations
I (673) main_task: Calling app_main()
I (673) clare_s3: Clare S3 starting
I (681) axp2101: Init PMU SUCCESS!
I (688) DisplayPort: SPI BUS init
I (688) DisplayPort: Install panel IO
I (688) co5300: version: 2.1.0
I (688) co5300_spi: LCD panel create success, version: 2.1.0
W (848) co5300_spi: The 3Ah command has been used and will be overwritten by external initialization sequence
I (2122) CST9217: Checkcode: 0x204ECACA
I (2124) CST9217: Resolution X: 466, Y: 466
I (2126) CST9217: Chip Type: 0x9217, ProjectID: 0x5734
I (2126) esp_lvgl:adapter: LVGL adapter initialized successfully
E (2128) esp_lvgl:disp: alloc primary buffer 46600 bytes failed

assert failed: void Lvgl_PortInit(DisplayPort&) lvgl_bsp.cpp:74 (disp != NULL)


Backtrace: 0x40399b4d:0x3fcd5bb0 0x40399b19:0x3fcd5bd0 0x403a26d1:0x3fcd5bf0 0x4200f619:0x3fcd5d10 0x4200b349:0x3fcd5da0 0x420ff9f7:0x3fcd5e20




ELF file SHA256: a45f7f47b4f156d1

Rebooting...
ESP-ROM:esp32s3-20210327
Build:Mar 27 2021
rst:0xc (RTC_SW_CPU_RST),boot:0xb (SPI_FAST_FLASH_BOOT)
Saved PC:0x40399cdc
SPIWP:0xee
mode:DIO, clock div:1
load:0x3fce2820,len:0x16a4
load:0x403c8700,len:0xe80
load:0x403cb700,len:0x3188
entry 0x403c8948
I (24) boot: ESP-IDF v5.5.3 2nd stage bootloader
I (24) boot: compile time Aug 29 2026 07:03:04
I (24) boot: Multicore bootloader
I (24) boot: chip revision: v0.2
I (24) boot: efuse block revision: v1.3
I (25) qio_mode: Enabling default flash chip QIO
I (25) boot.esp32s3: Boot SPI Speed : 80MHz
I (25) boot.esp32s3: SPI Mode       : QIO
I (25) boot.esp32s3: SPI Flash Size : 32MB
I (25) boot: Enabling RNG early entropy source...
I (26) boot: Partition Table:
I (26) boot: ## Label            Usage          Type ST Offset   Length
I (26) boot:  0 nvs              WiFi data        01 02 00009000 00006000
I (27) boot:  1 phy_init         RF data          01 01 0000f000 00001000
I (27) boot:  2 factory          factory app      00 00 00010000 00600000
I (27) boot:  3 storage          Unknown data     01 82 00610000 00300000
I (28) boot: End of partition table
I (28) esp_image: segment 0: paddr=00010020 vaddr=3c110020 size=7894ch (493900) map
I (102) esp_image: segment 1: paddr=00088974 vaddr=3fcb8d00 size=057cch ( 22476) load
I (106) esp_image: segment 2: paddr=0008e148 vaddr=40374000 size=01ed0h (  7888) load
I (108) esp_image: segment 3: paddr=00090020 vaddr=42000020 size=100758h (1050456) map
I (264) esp_image: segment 4: paddr=00190780 vaddr=40375ed0 size=32d80h (208256) load
I (303) esp_image: segment 5: paddr=001c3508 vaddr=50000000 size=00020h (    32) load
I (323) boot: Loaded app from partition at offset 0x10000
I (323) boot: Disabling RNG early entropy source...
I (324) octal_psram: vendor id    : 0x0d (AP)
I (324) octal_psram: dev id       : 0x02 (generation 3)
I (325) octal_psram: density      : 0x03 (64 Mbit)
I (325) octal_psram: good-die     : 0x01 (Pass)
I (325) octal_psram: Latency      : 0x01 (Fixed)
I (325) octal_psram: VCC          : 0x01 (3V)
I (325) octal_psram: SRF          : 0x01 (Fast Refresh)
I (326) octal_psram: BurstType    : 0x01 (Hybrid Wrap)
I (326) octal_psram: BurstLen     : 0x01 (32 Byte)
I (326) octal_psram: Readlatency  : 0x02 (10 cycles@Fixed)
I (326) octal_psram: DriveStrength: 0x00 (1/1)
I (327) MSPI Timing: Enter psram timing tuning
I (327) esp_psram: Found 8MB PSRAM device
I (328) esp_psram: Speed: 80MHz
I (357) mmu_psram: Read only data copied and mapped to SPIRAM
I (429) mmu_psram: Instructions copied and mapped to SPIRAM
I (429) cpu_start: Multicore app
I (659) esp_psram: SPI SRAM memory test OK
I (667) cpu_start: Pro cpu start user code
I (667) cpu_start: cpu freq: 240000000 Hz
I (668) app_init: Application information:
I (668) app_init: Project name:     Clare_S3
I (668) app_init: App version:      3e09a44-dirty
I (668) app_init: Compile time:     Aug 29 2026 07:02:39
I (668) app_init: ELF file SHA256:  a45f7f47b4f156d1...
I (668) app_init: ESP-IDF:          v5.5.3
I (668) efuse_init: Min chip rev:     v0.0
I (669) efuse_init: Max chip rev:     v0.99 
I (669) efuse_init: Chip rev:         v0.2
I (669) heap_init: Initializing. RAM available for dynamic allocation:
I (669) heap_init: At 3FCD1720 len 00017FF0 (95 KiB): RAM
I (669) heap_init: At 3FCE9710 len 00005724 (21 KiB): RAM
I (669) heap_init: At 3FCF0000 len 00008000 (32 KiB): DRAM
I (670) heap_init: At 600FE000 len 00001FE8 (7 KiB): RTCRAM
I (670) esp_psram: Adding pool of 6579K of PSRAM memory to heap allocator
I (670) esp_psram: Adding pool of 29K of PSRAM memory gap generated due to end address alignment of drom to the heap allocator
I (671) spi_flash: detected chip: gd
I (671) spi_flash: flash io: qio
I (671) sleep_gpio: Configure to isolate all GPIO pins in sleep state
I (671) sleep_gpio: Enable automatic switching of GPIO sleep configuration
I (672) main_task: Started on CPU0
I (673) esp_psram: Reserving pool of 32K of internal memory for DMA/internal allocations
I (673) main_task: Calling app_main()
I (673) clare_s3: Clare S3 starting
I (681) axp2101: Init PMU SUCCESS!
I (687) DisplayPort: SPI BUS init
I (688) DisplayPort: Install panel IO
I (688) co5300: version: 2.1.0
I (688) co5300_spi: LCD panel create success, version: 2.1.0
W (848) co5300_spi: The 3Ah command has been used and will be overwritten by external initialization sequence
I (2122) CST9217: Checkcode: 0x204ECACA
I (2124) CST9217: Resolution X: 466, Y: 466
I (2126) CST9217: Chip Type: 0x9217, ProjectID: 0x5734
I (2126) esp_lvgl:adapter: LVGL adapter initialized successfully
E (2128) esp_lvgl:disp: alloc primary buffer 46600 bytes failed

assert failed: void Lvgl_PortInit(DisplayPort&) lvgl_bsp.cpp:74 (disp != NULL)


Backtrace: 0x40399b4d:0x3fcd5bb0 0x40399b19:0x3fcd5bd0 0x403a26d1:0x3fcd5bf0 0x4200f619:0x3fcd5d10 0x4200b349:0x3fcd5da0 0x420ff9f7:0x3fcd5e20




ELF file SHA256: a45f7f47b4f156d1

Rebooting...
ESP-ROM:esp32s3-20210327
Build:Mar 27 2021
rst:0xc (RTC_SW_CPU_RST),boot:0xb (SPI_FAST_FLASH_BOOT)
Saved PC:0x40399cdc
SPIWP:0xee
mode:DIO, clock div:1
load:0x3fce2820,len:0x16a4
load:0x403c8700,len:0xe80
load:0x403cb700,len:0x3188
entry 0x403c8948
I (24) boot: ESP-IDF v5.5.3 2nd stage bootloader
I (24) boot: compile time Aug 29 2026 07:03:04
I (24) boot: Multicore bootloader
I (24) boot: chip revision: v0.2
I (24) boot: efuse block revision: v1.3
I (25) qio_mode: Enabling default flash chip QIO
I (25) boot.esp32s3: Boot SPI Speed : 80MHz
I (25) boot.esp32s3: SPI Mode       : QIO
I (25) boot.esp32s3: SPI Flash Size : 32MB
I (26) boot: Enabling RNG early entropy source...
I (26) boot: Partition Table:
I (26) boot: ## Label            Usage          Type ST Offset   Length
I (26) boot:  0 nvs              WiFi data        01 02 00009000 00006000
I (27) boot:  1 phy_init         RF data          01 01 0000f000 00001000
I (27) boot:  2 factory          factory app      00 00 00010000 00600000
I (27) boot:  3 storage          Unknown data     01 82 00610000 00300000
I (28) boot: End of partition table
I (28) esp_image: segment 0: paddr=00010020 vaddr=3c110020 size=7894ch (493900) map
I (102) esp_image: segment 1: paddr=00088974 vaddr=3fcb8d00 size=057cch ( 22476) load
I (106) esp_image: segment 2: paddr=0008e148 vaddr=40374000 size=01ed0h (  7888) load
I (108) esp_image: segment 3: paddr=00090020 vaddr=42000020 size=100758h (1050456) map
I (264) esp_image: segment 4: paddr=00190780 vaddr=40375ed0 size=32d80h (208256) load
I (303) esp_image: segment 5: paddr=001c3508 vaddr=50000000 size=00020h (    32) load
I (323) boot: Loaded app from partition at offset 0x10000
I (323) boot: Disabling RNG early entropy source...
I (324) octal_psram: vendor id    : 0x0d (AP)
I (324) octal_psram: dev id       : 0x02 (generation 3)
I (325) octal_psram: density      : 0x03 (64 Mbit)
I (325) octal_psram: good-die     : 0x01 (Pass)
I (325) octal_psram: Latency      : 0x01 (Fixed)
I (325) octal_psram: VCC          : 0x01 (3V)
I (325) octal_psram: SRF          : 0x01 (Fast Refresh)
I (326) octal_psram: BurstType    : 0x01 (Hybrid Wrap)
I (326) octal_psram: BurstLen     : 0x01 (32 Byte)
I (326) octal_psram: Readlatency  : 0x02 (10 cycles@Fixed)
I (326) octal_psram: DriveStrength: 0x00 (1/1)
I (327) MSPI Timing: Enter psram timing tuning
I (327) esp_psram: Found 8MB PSRAM device
I (328) esp_psram: Speed: 80MHz
I (357) mmu_psram: Read only data copied and mapped to SPIRAM
I (429) mmu_psram: Instructions copied and mapped to SPIRAM
I (429) cpu_start: Multicore app
I (659) esp_psram: SPI SRAM memory test OK
I (667) cpu_start: Pro cpu start user code
I (668) cpu_start: cpu freq: 240000000 Hz
I (668) app_init: Application information:
I (668) app_init: Project name:     Clare_S3
I (668) app_init: App version:      3e09a44-dirty
I (668) app_init: Compile time:     Aug 29 2026 07:02:39
I (668) app_init: ELF file SHA256:  a45f7f47b4f156d1...
I (668) app_init: ESP-IDF:          v5.5.3
I (668) efuse_init: Min chip rev:     v0.0
I (669) efuse_init: Max chip rev:     v0.99 
I (669) efuse_init: Chip rev:         v0.2
I (669) heap_init: Initializing. RAM available for dynamic allocation:
I (669) heap_init: At 3FCD1720 len 00017FF0 (95 KiB): RAM
I (669) heap_init: At 3FCE9710 len 00005724 (21 KiB): RAM
I (669) heap_init: At 3FCF0000 len 00008000 (32 KiB): DRAM
I (670) heap_init: At 600FE000 len 00001FE8 (7 KiB): RTCRAM
I (670) esp_psram: Adding pool of 6579K of PSRAM memory to heap allocator
I (670) esp_psram: Adding pool of 29K of PSRAM memory gap generated due to end address alignment of drom to the heap allocator
I (671) spi_flash: detected chip: gd
I (671) spi_flash: flash io: qio
I (671) sleep_gpio: Configure to isolate all GPIO pins in sleep state
I (671) sleep_gpio: Enable automatic switching of GPIO sleep configuration
I (672) main_task: Started on CPU0
I (673) esp_psram: Reserving pool of 32K of internal memory for DMA/internal allocations
I (673) main_task: Calling app_main()
I (673) clare_s3: Clare S3 starting
I (681) axp2101: Init PMU SUCCESS!
I (687) DisplayPort: SPI BUS init
I (688) DisplayPort: Install panel IO
I (688) co5300: version: 2.1.0
I (688) co5300_spi: LCD panel create success, version: 2.1.0
W (848) co5300_spi: The 3Ah command has been used and will be overwritten by external initialization sequence
I (2122) CST9217: Checkcode: 0x204ECACA
I (2124) CST9217: Resolution X: 466, Y: 466
I (2126) CST9217: Chip Type: 0x9217, ProjectID: 0x5734
I (2126) esp_lvgl:adapter: LVGL adapter initialized successfully
E (2128) esp_lvgl:disp: alloc primary buffer 46600 bytes failed

assert failed: void Lvgl_PortInit(DisplayPort&) lvgl_bsp.cpp:74 (disp != NULL)


Backtrace: 0x40399b4d:0x3fcd5bb0 0x40399b19:0x3fcd5bd0 0x403a26d1:0x3fcd5bf0 0x4200f619:0x3fcd5d10 0x4200b349:0x3fcd5da0 0x420ff9f7:0x3fcd5e20




ELF file SHA256: a45f7f47b4f156d1

Rebooting...
ESP-ROM:esp32s3-20210327
Build:Mar 27 2021
rst:0xc (RTC_SW_CPU_RST),boot:0xb (SPI_FAST_FLASH_BOOT)
Saved PC:0x40399cdc
SPIWP:0xee
mode:DIO, clock div:1
load:0x3fce2820,len:0x16a4
load:0x403c8700,len:0xe80
load:0x403cb700,len:0x3188
entry 0x403c8948
I (24) boot: ESP-IDF v5.5.3 2nd stage bootloader
I (24) boot: compile time Aug 29 2026 07:03:04
I (24) boot: Multicore bootloader
I (24) boot: chip revision: v0.2
I (24) boot: efuse block revision: v1.3
I (25) qio_mode: Enabling default flash chip QIO
I (25) boot.esp32s3: Boot SPI Speed : 80MHz
I (25) boot.esp32s3: SPI Mode       : QIO
I (25) boot.esp32s3: SPI Flash Size : 32MB
I (25) boot: Enabling RNG early entropy source...
I (26) boot: Partition Table:
I (26) boot: ## Label            Usage          Type ST Offset   Length
I (26) boot:  0 nvs              WiFi data        01 02 00009000 00006000
I (26) boot:  1 phy_init         RF data          01 01 0000f000 00001000
I (27) boot:  2 factory          factory app      00 00 00010000 00600000
I (27) boot:  3 storage          Unknown data     01 82 00610000 00300000
I (28) boot: End of partition table
I (28) esp_image: segment 0: paddr=00010020 vaddr=3c110020 size=7894ch (493900) map
I (102) esp_image: segment 1: paddr=00088974 vaddr=3fcb8d00 size=057cch ( 22476) load
I (106) esp_image: segment 2: paddr=0008e148 vaddr=40374000 size=01ed0h (  7888) load
I (108) esp_image: segment 3: paddr=00090020 vaddr=42000020 size=100758h (1050456) map
I (264) esp_image: segment 4: paddr=00190780 vaddr=40375ed0 size=32d80h (208256) load
I (303) esp_image: segment 5: paddr=001c3508 vaddr=50000000 size=00020h (    32) load
I (323) boot: Loaded app from partition at offset 0x10000
I (323) boot: Disabling RNG early entropy source...
I (324) octal_psram: vendor id    : 0x0d (AP)
I (324) octal_psram: dev id       : 0x02 (generation 3)
I (325) octal_psram: density      : 0x03 (64 Mbit)
I (325) octal_psram: good-die     : 0x01 (Pass)
I (325) octal_psram: Latency      : 0x01 (Fixed)
I (325) octal_psram: VCC          : 0x01 (3V)
I (325) octal_psram: SRF          : 0x01 (Fast Refresh)
I (326) octal_psram: BurstType    : 0x01 (Hybrid Wrap)
I (326) octal_psram: BurstLen     : 0x01 (32 Byte)
I (326) octal_psram: Readlatency  : 0x02 (10 cycles@Fixed)
I (326) octal_psram: DriveStrength: 0x00 (1/1)
I (326) MSPI Timing: Enter psram timing tuning
I (327) esp_psram: Found 8MB PSRAM device
I (327) esp_psram: Speed: 80MHz
I (357) mmu_psram: Read only data copied and mapped to SPIRAM
I (429) mmu_psram: Instructions copied and mapped to SPIRAM
I (429) cpu_start: Multicore app
I (659) esp_psram: SPI SRAM memory test OK
I (667) cpu_start: Pro cpu start user code
I (667) cpu_start: cpu freq: 240000000 Hz
I (667) app_init: Application information:
I (668) app_init: Project name:     Clare_S3
I (668) app_init: App version:      3e09a44-dirty
I (668) app_init: Compile time:     Aug 29 2026 07:02:39
I (668) app_init: ELF file SHA256:  a45f7f47b4f156d1...
I (668) app_init: ESP-IDF:          v5.5.3
I (668) efuse_init: Min chip rev:     v0.0
I (668) efuse_init: Max chip rev:     v0.99 
I (669) efuse_init: Chip rev:         v0.2
I (669) heap_init: Initializing. RAM available for dynamic allocation:
I (669) heap_init: At 3FCD1720 len 00017FF0 (95 KiB): RAM
I (669) heap_init: At 3FCE9710 len 00005724 (21 KiB): RAM
I (669) heap_init: At 3FCF0000 len 00008000 (32 KiB): DRAM
I (669) heap_init: At 600FE000 len 00001FE8 (7 KiB): RTCRAM
I (670) esp_psram: Adding pool of 6579K of PSRAM memory to heap allocator
I (670) esp_psram: Adding pool of 29K of PSRAM memory gap generated due to end address alignment of drom to the heap allocator
I (670) spi_flash: detected chip: gd
I (670) spi_flash: flash io: qio
I (671) sleep_gpio: Configure to isolate all GPIO pins in sleep state
I (671) sleep_gpio: Enable automatic switching of GPIO sleep configuration
I (672) main_task: Started on CPU0
I (673) esp_psram: Reserving pool of 32K of internal memory for DMA/internal allocations
I (673) main_task: Calling app_main()
I (673) clare_s3: Clare S3 starting
I (681) axp2101: Init PMU SUCCESS!
I (687) DisplayPort: SPI BUS init
I (688) DisplayPort: Install panel IO
I (688) co5300: version: 2.1.0
I (688) co5300_spi: LCD panel create success, version: 2.1.0
W (848) co5300_spi: The 3Ah command has been used and will be overwritten by external initialization sequence
I (2122) CST9217: Checkcode: 0x204ECACA
I (2124) CST9217: Resolution X: 466, Y: 466
I (2126) CST9217: Chip Type: 0x9217, ProjectID: 0x5734
I (2126) esp_lvgl:adapter: LVGL adapter initialized successfully
E (2128) esp_lvgl:disp: alloc primary buffer 46600 bytes failed

assert failed: void Lvgl_PortInit(DisplayPort&) lvgl_bsp.cpp:74 (disp != NULL)


Backtrace: 0x40399b4d:0x3fcd5bb0 0x40399b19:0x3fcd5bd0 0x403a26d1:0x3fcd5bf0 0x4200f619:0x3fcd5d10 0x4200b349:0x3fcd5da0 0x420ff9f7:0x3fcd5e20




ELF file SHA256: a45f7f47b4f156d1

Rebooting...
ESP-ROM:esp32s3-20210327
Build:Mar 27 2021
rst:0xc (RTC_SW_CPU_RST),boot:0xb (SPI_FAST_FLASH_BOOT)
Saved PC:0x40399cdc
SPIWP:0xee
mode:DIO, clock div:1
load:0x3fce2820,len:0x16a4
load:0x403c8700,len:0xe80
load:0x403cb700,len:0x3188
entry 0x403c8948
I (24) boot: ESP-IDF v5.5.3 2nd stage bootloader
I (24) boot: compile time Aug 29 2026 07:03:04
I (24) boot: Multicore bootloader
I (24) boot: chip revision: v0.2
I (24) boot: efuse block revision: v1.3
I (25) qio_mode: Enabling default flash chip QIO
I (25) boot.esp32s3: Boot SPI Speed : 80MHz
I (25) boot.esp32s3: SPI Mode       : QIO
I (25) boot.esp32s3: SPI Flash Size : 32MB
I (25) boot: Enabling RNG early entropy source...
I (26) boot: Partition Table:
I (26) boot: ## Label            Usage          Type ST Offset   Length
I (26) boot:  0 nvs              WiFi data        01 02 00009000 00006000
I (26) boot:  1 phy_init         RF data          01 01 0000f000 00001000
I (27) boot:  2 factory          factory app      00 00 00010000 00600000
I (27) boot:  3 storage          Unknown data     01 82 00610000 00300000
I (28) boot: End of partition table
I (28) esp_image: segment 0: paddr=00010020 vaddr=3c110020 size=7894ch (493900) map
I (102) esp_image: segment 1: paddr=00088974 vaddr=3fcb8d00 size=057cch ( 22476) load
I (106) esp_image: segment 2: paddr=0008e148 vaddr=40374000 size=01ed0h (  7888) load
I (108) esp_image: segment 3: paddr=00090020 vaddr=42000020 size=100758h (1050456) map
I (264) esp_image: segment 4: paddr=00190780 vaddr=40375ed0 size=32d80h (208256) load
I (303) esp_image: segment 5: paddr=001c3508 vaddr=50000000 size=00020h (    32) load
I (323) boot: Loaded app from partition at offset 0x10000
I (323) boot: Disabling RNG early entropy source...
I (324) octal_psram: vendor id    : 0x0d (AP)
I (324) octal_psram: dev id       : 0x02 (generation 3)
I (325) octal_psram: density      : 0x03 (64 Mbit)
I (325) octal_psram: good-die     : 0x01 (Pass)
I (325) octal_psram: Latency      : 0x01 (Fixed)
I (325) octal_psram: VCC          : 0x01 (3V)
I (325) octal_psram: SRF          : 0x01 (Fast Refresh)
I (326) octal_psram: BurstType    : 0x01 (Hybrid Wrap)
I (326) octal_psram: BurstLen     : 0x01 (32 Byte)
I (326) octal_psram: Readlatency  : 0x02 (10 cycles@Fixed)
I (326) octal_psram: DriveStrength: 0x00 (1/1)
I (326) MSPI Timing: Enter psram timing tuning
I (327) esp_psram: Found 8MB PSRAM device
I (327) esp_psram: Speed: 80MHz
I (357) mmu_psram: Read only data copied and mapped to SPIRAM
I (429) mmu_psram: Instructions copied and mapped to SPIRAM
I (429) cpu_start: Multicore app
I (659) esp_psram: SPI SRAM memory test OK
I (667) cpu_start: Pro cpu start user code
I (667) cpu_start: cpu freq: 240000000 Hz
I (667) app_init: Application information:
I (668) app_init: Project name:     Clare_S3
I (668) app_init: App version:      3e09a44-dirty
I (668) app_init: Compile time:     Aug 29 2026 07:02:39
I (668) app_init: ELF file SHA256:  a45f7f47b4f156d1...
I (668) app_init: ESP-IDF:          v5.5.3
I (668) efuse_init: Min chip rev:     v0.0
I (668) efuse_init: Max chip rev:     v0.99 
I (669) efuse_init: Chip rev:         v0.2
I (669) heap_init: Initializing. RAM available for dynamic allocation:
I (669) heap_init: At 3FCD1720 len 00017FF0 (95 KiB): RAM
I (669) heap_init: At 3FCE9710 len 00005724 (21 KiB): RAM
I (669) heap_init: At 3FCF0000 len 00008000 (32 KiB): DRAM
I (669) heap_init: At 600FE000 len 00001FE8 (7 KiB): RTCRAM
I (670) esp_psram: Adding pool of 6579K of PSRAM memory to heap allocator
I (670) esp_psram: Adding pool of 29K of PSRAM memory gap generated due to end address alignment of drom to the heap allocator
I (670) spi_flash: detected chip: gd
I (670) spi_flash: flash io: qio
I (671) sleep_gpio: Configure to isolate all GPIO pins in sleep state
I (671) sleep_gpio: Enable automatic switching of GPIO sleep configuration
I (672) main_task: Started on CPU0
I (673) esp_psram: Reserving pool of 32K of internal memory for DMA/internal allocations
I (673) main_task: Calling app_main()
I (673) clare_s3: Clare S3 starting
I (681) axp2101: Init PMU SUCCESS!
I (687) DisplayPort: SPI BUS init
I (688) DisplayPort: Install panel IO
I (688) co5300: version: 2.1.0
I (688) co5300_spi: LCD panel create success, version: 2.1.0
W (848) co5300_spi: The 3Ah command has been used and will be overwritten by external initialization sequence
I (2122) CST9217: Checkcode: 0x204ECACA
I (2124) CST9217: Resolution X: 466, Y: 466
I (2126) CST9217: Chip Type: 0x9217, ProjectID: 0x5734
I (2126) esp_lvgl:adapter: LVGL adapter initialized successfully
E (2128) esp_lvgl:disp: alloc primary buffer 46600 bytes failed

assert failed: void Lvgl_PortInit(DisplayPort&) lvgl_bsp.cpp:74 (disp != NULL)


Backtrace: 0x40399b4d:0x3fcd5bb0 0x40399b19:0x3fcd5bd0 0x403a26d1:0x3fcd5bf0 0x4200f619:0x3fcd5d10 0x4200b349:0x3fcd5da0 0x420ff9f7:0x3fcd5e20




ELF file SHA256: a45f7f47b4f156d1

Rebooting...
ESP-ROM:esp32s3-20210327
Build:Mar 27 2021
rst:0xc (RTC_SW_CPU_RST),boot:0xb (SPI_FAST_FLASH_BOOT)
Saved PC:0x40399cdc
SPIWP:0xee
mode:DIO, clock div:1
load:0x3fce2820,len:0x16a4
load:0x403c8700,len:0xe80
load:0x403cb700,len:0x3188
entry 0x403c8948
I (24) boot: ESP-IDF v5.5.3 2nd stage bootloader
I (24) boot: compile time Aug 29 2026 07:03:04
I (24) boot: Multicore bootloader
I (24) boot: chip revision: v0.2
I (24) boot: efuse block revision: v1.3
I (25) qio_mode: Enabling default flash chip QIO
I (25) boot.esp32s3: Boot SPI Speed : 80MHz
I (25) boot.esp32s3: SPI Mode       : QIO
I (25) boot.esp32s3: SPI Flash Size : 32MB
I (25) boot: Enabling RNG early entropy source...
I (26) boot: Partition Table:
I (26) boot: ## Label            Usage          Type ST Offset   Length
I (26) boot:  0 nvs              WiFi data        01 02 00009000 00006000
I (26) boot:  1 phy_init         RF data          01 01 0000f000 00001000
I (27) boot:  2 factory          factory app      00 00 00010000 00600000
I (27) boot:  3 storage          Unknown data     01 82 00610000 00300000
I (28) boot: End of partition table
I (28) esp_image: segment 0: paddr=00010020 vaddr=3c110020 size=7894ch (493900) map
I (102) esp_image: segment 1: paddr=00088974 vaddr=3fcb8d00 size=057cch ( 22476) load
I (106) esp_image: segment 2: paddr=0008e148 vaddr=40374000 size=01ed0h (  7888) load
I (108) esp_image: segment 3: paddr=00090020 vaddr=42000020 size=100758h (1050456) map
I (264) esp_image: segment 4: paddr=00190780 vaddr=40375ed0 size=32d80h (208256) load
I (303) esp_image: segment 5: paddr=001c3508 vaddr=50000000 size=00020h (    32) load
I (323) boot: Loaded app from partition at offset 0x10000
I (323) boot: Disabling RNG early entropy source...
I (324) octal_psram: vendor id    : 0x0d (AP)
I (324) octal_psram: dev id       : 0x02 (generation 3)
I (325) octal_psram: density      : 0x03 (64 Mbit)
I (325) octal_psram: good-die     : 0x01 (Pass)
I (325) octal_psram: Latency      : 0x01 (Fixed)
I (325) octal_psram: VCC          : 0x01 (3V)
I (325) octal_psram: SRF          : 0x01 (Fast Refresh)
I (326) octal_psram: BurstType    : 0x01 (Hybrid Wrap)
I (326) octal_psram: BurstLen     : 0x01 (32 Byte)
I (326) octal_psram: Readlatency  : 0x02 (10 cycles@Fixed)
I (326) octal_psram: DriveStrength: 0x00 (1/1)
I (326) MSPI Timing: Enter psram timing tuning
I (327) esp_psram: Found 8MB PSRAM device
I (327) esp_psram: Speed: 80MHz
I (357) mmu_psram: Read only data copied and mapped to SPIRAM
I (429) mmu_psram: Instructions copied and mapped to SPIRAM
I (429) cpu_start: Multicore app
I (659) esp_psram: SPI SRAM memory test OK
I (667) cpu_start: Pro cpu start user code
I (667) cpu_start: cpu freq: 240000000 Hz
I (667) app_init: Application information:
I (668) app_init: Project name:     Clare_S3
I (668) app_init: App version:      3e09a44-dirty
I (668) app_init: Compile time:     Aug 29 2026 07:02:39
I (668) app_init: ELF file SHA256:  a45f7f47b4f156d1...
I (668) app_init: ESP-IDF:          v5.5.3
I (668) efuse_init: Min chip rev:     v0.0
I (668) efuse_init: Max chip rev:     v0.99 
I (669) efuse_init: Chip rev:         v0.2
I (669) heap_init: Initializing. RAM available for dynamic allocation:
I (669) heap_init: At 3FCD1720 len 00017FF0 (95 KiB): RAM
I (669) heap_init: At 3FCE9710 len 00005724 (21 KiB): RAM
I (669) heap_init: At 3FCF0000 len 00008000 (32 KiB): DRAM
I (669) heap_init: At 600FE000 len 00001FE8 (7 KiB): RTCRAM
I (670) esp_psram: Adding pool of 6579K of PSRAM memory to heap allocator
I (670) esp_psram: Adding pool of 29K of PSRAM memory gap generated due to end address alignment of drom to the heap allocator
I (670) spi_flash: detected chip: gd
I (670) spi_flash: flash io: qio
I (671) sleep_gpio: Configure to isolate all GPIO pins in sleep state
I (671) sleep_gpio: Enable automatic switching of GPIO sleep configuration
I (672) main_task: Started on CPU0
I (673) esp_psram: Reserving pool of 32K of internal memory for DMA/internal allocations
I (673) main_task: Calling app_main()
I (674) clare_s3: Clare S3 starting
I (681) axp2101: Init PMU SUCCESS!
I (688) DisplayPort: SPI BUS init
I (688) DisplayPort: Install panel IO
I (688) co5300: version: 2.1.0
I (688) co5300_spi: LCD panel create success, version: 2.1.0
W (848) co5300_spi: The 3Ah command has been used and will be overwritten by external initialization sequence
I (2122) CST9217: Checkcode: 0x204ECACA
I (2124) CST9217: Resolution X: 466, Y: 466
I (2126) CST9217: Chip Type: 0x9217, ProjectID: 0x5734
I (2126) esp_lvgl:adapter: LVGL adapter initialized successfully
E (2128) esp_lvgl:disp: alloc primary buffer 46600 bytes failed

assert failed: void Lvgl_PortInit(DisplayPort&) lvgl_bsp.cpp:74 (disp != NULL)


Backtrace: 0x40399b4d:0x3fcd5bb0 0x40399b19:0x3fcd5bd0 0x403a26d1:0x3fcd5bf0 0x4200f619:0x3fcd5d10 0x4200b349:0x3fcd5da0 0x420ff9f7:0x3fcd5e20




ELF file SHA256: a45f7f47b4f156d1

Rebooting...
ESP-ROM:esp32s3-20210327
Build:Mar 27 2021
rst:0xc (RTC_SW_CPU_RST),boot:0xb (SPI_FAST_FLASH_BOOT)
Saved PC:0x40399cdc
SPIWP:0xee
mode:DIO, clock div:1
load:0x3fce2820,len:0x16a4
load:0x403c8700,len:0xe80
load:0x403cb700,len:0x3188
entry 0x403c8948
I (24) boot: ESP-IDF v5.5.3 2nd stage bootloader
I (24) boot: compile time Aug 29 2026 07:03:04
I (24) boot: Multicore bootloader
I (24) boot: chip revision: v0.2
I (24) boot: efuse block revision: v1.3
I (25) qio_mode: Enabling default flash chip QIO
I (25) boot.esp32s3: Boot SPI Speed : 80MHz
I (25) boot.esp32s3: SPI Mode       : QIO
I (25) boot.esp32s3: SPI Flash Size : 32MB
I (25) boot: Enabling RNG early entropy source...
I (26) boot: Partition Table:
I (26) boot: ## Label            Usage          Type ST Offset   Length
I (26) boot:  0 nvs              WiFi data        01 02 00009000 00006000
I (27) boot:  1 phy_init         RF data          01 01 0000f000 00001000
I (27) boot:  2 factory          factory app      00 00 00010000 00600000
I (27) boot:  3 storage          Unknown data     01 82 00610000 00300000
I (28) boot: End of partition table
I (28) esp_image: segment 0: paddr=00010020 vaddr=3c110020 size=7894ch (493900) map
I (102) esp_image: segment 1: paddr=00088974 vaddr=3fcb8d00 size=057cch ( 22476) load
I (106) esp_image: segment 2: paddr=0008e148 vaddr=40374000 size=01ed0h (  7888) load
I (108) esp_image: segment 3: paddr=00090020 vaddr=42000020 size=100758h (1050456) map
I (264) esp_image: segment 4: paddr=00190780 vaddr=40375ed0 size=32d80h (208256) load
I (303) esp_image: segment 5: paddr=001c3508 vaddr=50000000 size=00020h (    32) load
I (323) boot: Loaded app from partition at offset 0x10000
I (323) boot: Disabling RNG early entropy source...
I (324) octal_psram: vendor id    : 0x0d (AP)
I (324) octal_psram: dev id       : 0x02 (generation 3)
I (325) octal_psram: density      : 0x03 (64 Mbit)
I (325) octal_psram: good-die     : 0x01 (Pass)
I (325) octal_psram: Latency      : 0x01 (Fixed)
I (325) octal_psram: VCC          : 0x01 (3V)
I (325) octal_psram: SRF          : 0x01 (Fast Refresh)
I (326) octal_psram: BurstType    : 0x01 (Hybrid Wrap)
I (326) octal_psram: BurstLen     : 0x01 (32 Byte)
I (326) octal_psram: Readlatency  : 0x02 (10 cycles@Fixed)
I (326) octal_psram: DriveStrength: 0x00 (1/1)
I (327) MSPI Timing: Enter psram timing tuning
I (327) esp_psram: Found 8MB PSRAM device
I (328) esp_psram: Speed: 80MHz
I (357) mmu_psram: Read only data copied and mapped to SPIRAM
I (429) mmu_psram: Instructions copied and mapped to SPIRAM
I (429) cpu_start: Multicore app
I (659) esp_psram: SPI SRAM memory test OK
I (667) cpu_start: Pro cpu start user code
I (667) cpu_start: cpu freq: 240000000 Hz
I (668) app_init: Application information:
I (668) app_init: Project name:     Clare_S3
I (668) app_init: App version:      3e09a44-dirty
I (668) app_init: Compile time:     Aug 29 2026 07:02:39
I (668) app_init: ELF file SHA256:  a45f7f47b4f156d1...
I (668) app_init: ESP-IDF:          v5.5.3
I (668) efuse_init: Min chip rev:     v0.0
I (669) efuse_init: Max chip rev:     v0.99 
I (669) efuse_init: Chip rev:         v0.2
I (669) heap_init: Initializing. RAM available for dynamic allocation:
I (669) heap_init: At 3FCD1720 len 00017FF0 (95 KiB): RAM
I (669) heap_init: At 3FCE9710 len 00005724 (21 KiB): RAM
I (669) heap_init: At 3FCF0000 len 00008000 (32 KiB): DRAM
I (670) heap_init: At 600FE000 len 00001FE8 (7 KiB): RTCRAM
I (670) esp_psram: Adding pool of 6579K of PSRAM memory to heap allocator
I (670) esp_psram: Adding pool of 29K of PSRAM memory gap generated due to end address alignment of drom to the heap allocator
I (671) spi_flash: detected chip: gd
I (671) spi_flash: flash io: qio
I (671) sleep_gpio: Configure to isolate all GPIO pins in sleep state
I (671) sleep_gpio: Enable automatic switching of GPIO sleep configuration
I (672) main_task: Started on CPU0
I (673) esp_psram: Reserving pool of 32K of internal memory for DMA/internal allocations
I (673) main_task: Calling app_main()
I (673) clare_s3: Clare S3 starting
I (681) axp2101: Init PMU SUCCESS!
I (687) DisplayPort: SPI BUS init
I (688) DisplayPort: Install panel IO
I (688) co5300: version: 2.1.0
I (688) co5300_spi: LCD panel create success, version: 2.1.0
W (848) co5300_spi: The 3Ah command has been used and will be overwritten by external initialization sequence
I (2122) CST9217: Checkcode: 0x204ECACA
I (2124) CST9217: Resolution X: 466, Y: 466
I (2126) CST9217: Chip Type: 0x9217, ProjectID: 0x5734
I (2126) esp_lvgl:adapter: LVGL adapter initialized successfully
E (2128) esp_lvgl:disp: alloc primary buffer 46600 bytes failed

assert failed: void Lvgl_PortInit(DisplayPort&) lvgl_bsp.cpp:74 (disp != NULL)


Backtrace: 0x40399b4d:0x3fcd5bb0 0x40399b19:0x3fcd5bd0 0x403a26d1:0x3fcd5bf0 0x4200f619:0x3fcd5d10 0x4200b349:0x3fcd5da0 0x420ff9f7:0x3fcd5e20




ELF file SHA256: a45f7f47b4f156d1

Rebooting...
ESP-ROM:esp32s3-20210327
Build:Mar 27 2021
rst:0xc (RTC_SW_CPU_RST),boot:0xb (SPI_FAST_FLASH_BOOT)
Saved PC:0x40399cdc
SPIWP:0xee
mode:DIO, clock div:1
load:0x3fce2820,len:0x16a4
load:0x403c8700,len:0xe80
load:0x403cb700,len:0x3188
entry 0x403c8948
I (24) boot: ESP-IDF v5.5.3 2nd stage bootloader
I (24) boot: compile time Aug 29 2026 07:03:04
I (24) boot: Multicore bootloader
I (24) boot: chip revision: v0.2
I (24) boot: efuse block revision: v1.3
I (25) qio_mode: Enabling default flash chip QIO
I (25) boot.esp32s3: Boot SPI Speed : 80MHz
I (25) boot.esp32s3: SPI Mode       : QIO
I (25) boot.esp32s3: SPI Flash Size : 32MB
I (25) boot: Enabling RNG early entropy source...
I (26) boot: Partition Table:
I (26) boot: ## Label            Usage          Type ST Offset   Length
I (26) boot:  0 nvs              WiFi data        01 02 00009000 00006000
I (27) boot:  1 phy_init         RF data          01 01 0000f000 00001000
I (27) boot:  2 factory          factory app      00 00 00010000 00600000
I (27) boot:  3 storage          Unknown data     01 82 00610000 00300000
I (28) boot: End of partition table
I (28) esp_image: segment 0: paddr=00010020 vaddr=3c110020 size=7894ch (493900) map
I (102) esp_image: segment 1: paddr=00088974 vaddr=3fcb8d00 size=057cch ( 22476) load
I (106) esp_image: segment 2: paddr=0008e148 vaddr=40374000 size=01ed0h (  7888) load
I (108) esp_image: segment 3: paddr=00090020 vaddr=42000020 size=100758h (1050456) map
I (264) esp_image: segment 4: paddr=00190780 vaddr=40375ed0 size=32d80h (208256) load
I (303) esp_image: segment 5: paddr=001c3508 vaddr=50000000 size=00020h (    32) load
I (323) boot: Loaded app from partition at offset 0x10000
I (323) boot: Disabling RNG early entropy source...
I (324) octal_psram: vendor id    : 0x0d (AP)
I (324) octal_psram: dev id       : 0x02 (generation 3)
I (325) octal_psram: density      : 0x03 (64 Mbit)
I (325) octal_psram: good-die     : 0x01 (Pass)
I (325) octal_psram: Latency      : 0x01 (Fixed)
I (325) octal_psram: VCC          : 0x01 (3V)
I (325) octal_psram: SRF          : 0x01 (Fast Refresh)
I (326) octal_psram: BurstType    : 0x01 (Hybrid Wrap)
I (326) octal_psram: BurstLen     : 0x01 (32 Byte)
I (326) octal_psram: Readlatency  : 0x02 (10 cycles@Fixed)
I (326) octal_psram: DriveStrength: 0x00 (1/1)
I (327) MSPI Timing: Enter psram timing tuning
I (327) esp_psram: Found 8MB PSRAM device
I (328) esp_psram: Speed: 80MHz
I (357) mmu_psram: Read only data copied and mapped to SPIRAM
I (429) mmu_psram: Instructions copied and mapped to SPIRAM
I (429) cpu_start: Multicore app
I (659) esp_psram: SPI SRAM memory test OK
I (667) cpu_start: Pro cpu start user code
I (667) cpu_start: cpu freq: 240000000 Hz
I (668) app_init: Application information:
I (668) app_init: Project name:     Clare_S3
I (668) app_init: App version:      3e09a44-dirty
I (668) app_init: Compile time:     Aug 29 2026 07:02:39
I (668) app_init: ELF file SHA256:  a45f7f47b4f156d1...
I (668) app_init: ESP-IDF:          v5.5.3
I (668) efuse_init: Min chip rev:     v0.0
I (669) efuse_init: Max chip rev:     v0.99 
I (669) efuse_init: Chip rev:         v0.2
I (669) heap_init: Initializing. RAM available for dynamic allocation:
I (669) heap_init: At 3FCD1720 len 00017FF0 (95 KiB): RAM
I (669) heap_init: At 3FCE9710 len 00005724 (21 KiB): RAM
I (669) heap_init: At 3FCF0000 len 00008000 (32 KiB): DRAM
I (670) heap_init: At 600FE000 len 00001FE8 (7 KiB): RTCRAM
I (670) esp_psram: Adding pool of 6579K of PSRAM memory to heap allocator
I (670) esp_psram: Adding pool of 29K of PSRAM memory gap generated due to end address alignment of drom to the heap allocator
I (670) spi_flash: detected chip: gd
I (670) spi_flash: flash io: qio
I (671) sleep_gpio: Configure to isolate all GPIO pins in sleep state
I (671) sleep_gpio: Enable automatic switching of GPIO sleep configuration
I (672) main_task: Started on CPU0
I (673) esp_psram: Reserving pool of 32K of internal memory for DMA/internal allocations
I (673) main_task: Calling app_main()
I (673) clare_s3: Clare S3 starting
I (681) axp2101: Init PMU SUCCESS!
I (687) DisplayPort: SPI BUS init
I (688) DisplayPort: Install panel IO
I (688) co5300: version: 2.1.0
I (688) co5300_spi: LCD panel create success, version: 2.1.0
W (848) co5300_spi: The 3Ah command has been used and will be overwritten by external initialization sequence
I (2122) CST9217: Checkcode: 0x204ECACA
I (2124) CST9217: Resolution X: 466, Y: 466
I (2126) CST9217: Chip Type: 0x9217, ProjectID: 0x5734
I (2126) esp_lvgl:adapter: LVGL adapter initialized successfully
E (2128) esp_lvgl:disp: alloc primary buffer 46600 bytes failed

assert failed: void Lvgl_PortInit(DisplayPort&) lvgl_bsp.cpp:74 (disp != NULL)


Backtrace: 0x40399b4d:0x3fcd5bb0 0x40399b19:0x3fcd5bd0 0x403a26d1:0x3fcd5bf0 0x4200f619:0x3fcd5d10 0x4200b349:0x3fcd5da0 0x420ff9f7:0x3fcd5e20




ELF file SHA256: a45f7f47b4f156d1

Rebooting...
ESP-ROM:esp32s3-20210327
Build:Mar 27 2021
rst:0xc (RTC_SW_CPU_RST),boot:0xb (SPI_FAST_FLASH_BOOT)
Saved PC:0x40399cdc
SPIWP:0xee
mode:DIO, clock div:1
load:0x3fce2820,len:0x16a4
load:0x403c8700,len:0xe80
load:0x403cb700,len:0x3188
entry 0x403c8948
I (24) boot: ESP-IDF v5.5.3 2nd stage bootloader
I (24) boot: compile time Aug 29 2026 07:03:04
I (24) boot: Multicore bootloader
I (24) boot: chip revision: v0.2
I (24) boot: efuse block revision: v1.3
I (25) qio_mode: Enabling default flash chip QIO
I (25) boot.esp32s3: Boot SPI Speed : 80MHz
I (25) boot.esp32s3: SPI Mode       : QIO
I (25) boot.esp32s3: SPI Flash Size : 32MB
I (25) boot: Enabling RNG early entropy source...
I (26) boot: Partition Table:
I (26) boot: ## Label            Usage          Type ST Offset   Length
I (26) boot:  0 nvs              WiFi data        01 02 00009000 00006000
I (26) boot:  1 phy_init         RF data          01 01 0000f000 00001000
I (27) boot:  2 factory          factory app      00 00 00010000 00600000
I (27) boot:  3 storage          Unknown data     01 82 00610000 00300000
I (28) boot: End of partition table
I (28) esp_image: segment 0: paddr=00010020 vaddr=3c110020 size=7894ch (493900) map
I (102) esp_image: segment 1: paddr=00088974 vaddr=3fcb8d00 size=057cch ( 22476) load
I (106) esp_image: segment 2: paddr=0008e148 vaddr=40374000 size=01ed0h (  7888) load
I (108) esp_image: segment 3: paddr=00090020 vaddr=42000020 size=100758h (1050456) map
I (264) esp_image: segment 4: paddr=00190780 vaddr=40375ed0 size=32d80h (208256) load
I (303) esp_image: segment 5: paddr=001c3508 vaddr=50000000 size=00020h (    32) load
I (323) boot: Loaded app from partition at offset 0x10000
I (323) boot: Disabling RNG early entropy source...
I (324) octal_psram: vendor id    : 0x0d (AP)
I (324) octal_psram: dev id       : 0x02 (generation 3)
I (325) octal_psram: density      : 0x03 (64 Mbit)
I (325) octal_psram: good-die     : 0x01 (Pass)
I (325) octal_psram: Latency      : 0x01 (Fixed)
I (325) octal_psram: VCC          : 0x01 (3V)
I (325) octal_psram: SRF          : 0x01 (Fast Refresh)
I (326) octal_psram: BurstType    : 0x01 (Hybrid Wrap)
I (326) octal_psram: BurstLen     : 0x01 (32 Byte)
I (326) octal_psram: Readlatency  : 0x02 (10 cycles@Fixed)
I (326) octal_psram: DriveStrength: 0x00 (1/1)
I (326) MSPI Timing: Enter psram timing tuning
I (327) esp_psram: Found 8MB PSRAM device
I (327) esp_psram: Speed: 80MHz
I (357) mmu_psram: Read only data copied and mapped to SPIRAM
I (429) mmu_psram: Instructions copied and mapped to SPIRAM
I (429) cpu_start: Multicore app
I (659) esp_psram: SPI SRAM memory test OK
I (667) cpu_start: Pro cpu start user code
I (667) cpu_start: cpu freq: 240000000 Hz
I (667) app_init: Application information:
I (668) app_init: Project name:     Clare_S3
I (668) app_init: App version:      3e09a44-dirty
I (668) app_init: Compile time:     Aug 29 2026 07:02:39
I (668) app_init: ELF file SHA256:  a45f7f47b4f156d1...
I (668) app_init: ESP-IDF:          v5.5.3
I (668) efuse_init: Min chip rev:     v0.0
I (668) efuse_init: Max chip rev:     v0.99 
I (669) efuse_init: Chip rev:         v0.2
I (669) heap_init: Initializing. RAM available for dynamic allocation:
I (669) heap_init: At 3FCD1720 len 00017FF0 (95 KiB): RAM
I (669) heap_init: At 3FCE9710 len 00005724 (21 KiB): RAM
I (669) heap_init: At 3FCF0000 len 00008000 (32 KiB): DRAM
I (670) heap_init: At 600FE000 len 00001FE8 (7 KiB): RTCRAM
I (670) esp_psram: Adding pool of 6579K of PSRAM memory to heap allocator
I (670) esp_psram: Adding pool of 29K of PSRAM memory gap generated due to end address alignment of drom to the heap allocator
I (670) spi_flash: detected chip: gd
I (670) spi_flash: flash io: qio
I (671) sleep_gpio: Configure to isolate all GPIO pins in sleep state
I (671) sleep_gpio: Enable automatic switching of GPIO sleep configuration
I (672) main_task: Started on CPU0
I (673) esp_psram: Reserving pool of 32K of internal memory for DMA/internal allocations
I (673) main_task: Calling app_main()
I (673) clare_s3: Clare S3 starting
I (681) axp2101: Init PMU SUCCESS!
I (687) DisplayPort: SPI BUS init
I (688) DisplayPort: Install panel IO
I (688) co5300: version: 2.1.0
I (688) co5300_spi: LCD panel create success, version: 2.1.0
W (848) co5300_spi: The 3Ah command has been used and will be overwritten by external initialization sequence
I (2122) CST9217: Checkcode: 0x204ECACA
I (2124) CST9217: Resolution X: 466, Y: 466
I (2126) CST9217: Chip Type: 0x9217, ProjectID: 0x5734
I (2126) esp_lvgl:adapter: LVGL adapter initialized successfully
E (2128) esp_lvgl:disp: alloc primary buffer 46600 bytes failed

assert failed: void Lvgl_PortInit(DisplayPort&) lvgl_bsp.cpp:74 (disp != NULL)


Backtrace: 0x40399b4d:0x3fcd5bb0 0x40399b19:0x3fcd5bd0 0x403a26d1:0x3fcd5bf0 0x4200f619:0x3fcd5d10 0x4200b349:0x3fcd5da0 0x420ff9f7:0x3fcd5e20




ELF file SHA256: a45f7f47b4f156d1

Rebooting...
ESP-ROM:esp32s3-20210327
Build:Mar 27 2021
rst:0xc (RTC_SW_CPU_RST),boot:0xb (SPI_FAST_FLASH_BOOT)
Saved PC:0x40399cdc
SPIWP:0xee
mode:DIO, clock div:1
load:0x3fce2820,len:0x16a4
load:0x403c8700,len:0xe80
load:0x403cb700,len:0x3188
entry 0x403c8948
I (24) boot: ESP-IDF v5.5.3 2nd stage bootloader
I (24) boot: compile time Aug 29 2026 07:03:04
I (24) boot: Multicore bootloader
I (24) boot: chip revision: v0.2
I (24) boot: efuse block revision: v1.3
I (25) qio_mode: Enabling default flash chip QIO
I (25) boot.esp32s3: Boot SPI Speed : 80MHz
I (25) boot.esp32s3: SPI Mode       : QIO
I (25) boot.esp32s3: SPI Flash Size : 32MB
I (25) boot: Enabling RNG early entropy source...
I (26) boot: Partition Table:
I (26) boot: ## Label            Usage          Type ST Offset   Length
I (26) boot:  0 nvs              WiFi data        01 02 00009000 00006000
I (26) boot:  1 phy_init         RF data          01 01 0000f000 00001000
I (27) boot:  2 factory          factory app      00 00 00010000 00600000
I (27) boot:  3 storage          Unknown data     01 82 00610000 00300000
I (28) boot: End of partition table
I (28) esp_image: segment 0: paddr=00010020 vaddr=3c110020 size=7894ch (493900) map
I (102) esp_image: segment 1: paddr=00088974 vaddr=3fcb8d00 size=057cch ( 22476) load
I (106) esp_image: segment 2: paddr=0008e148 vaddr=40374000 size=01ed0h (  7888) load
I (108) esp_image: segment 3: paddr=00090020 vaddr=42000020 size=100758h (1050456) map
I (264) esp_image: segment 4: paddr=00190780 vaddr=40375ed0 size=32d80h (208256) load
I (303) esp_image: segment 5: paddr=001c3508 vaddr=50000000 size=00020h (    32) load
I (323) boot: Loaded app from partition at offset 0x10000
I (323) boot: Disabling RNG early entropy source...
I (324) octal_psram: vendor id    : 0x0d (AP)
I (324) octal_psram: dev id       : 0x02 (generation 3)
I (325) octal_psram: density      : 0x03 (64 Mbit)
I (325) octal_psram: good-die     : 0x01 (Pass)
I (325) octal_psram: Latency      : 0x01 (Fixed)
I (325) octal_psram: VCC          : 0x01 (3V)
I (325) octal_psram: SRF          : 0x01 (Fast Refresh)
I (326) octal_psram: BurstType    : 0x01 (Hybrid Wrap)
I (326) octal_psram: BurstLen     : 0x01 (32 Byte)
I (326) octal_psram: Readlatency  : 0x02 (10 cycles@Fixed)
I (326) octal_psram: DriveStrength: 0x00 (1/1)
I (326) MSPI Timing: Enter psram timing tuning
I (327) esp_psram: Found 8MB PSRAM device
I (327) esp_psram: Speed: 80MHz
I (357) mmu_psram: Read only data copied and mapped to SPIRAM
I (429) mmu_psram: Instructions copied and mapped to SPIRAM
I (429) cpu_start: Multicore app
I (659) esp_psram: SPI SRAM memory test OK
I (667) cpu_start: Pro cpu start user code
I (667) cpu_start: cpu freq: 240000000 Hz
I (667) app_init: Application information:
I (668) app_init: Project name:     Clare_S3
I (668) app_init: App version:      3e09a44-dirty
I (668) app_init: Compile time:     Aug 29 2026 07:02:39
I (668) app_init: ELF file SHA256:  a45f7f47b4f156d1...
I (668) app_init: ESP-IDF:          v5.5.3
I (668) efuse_init: Min chip rev:     v0.0
I (668) efuse_init: Max chip rev:     v0.99 
I (669) efuse_init: Chip rev:         v0.2
I (669) heap_init: Initializing. RAM available for dynamic allocation:
I (669) heap_init: At 3FCD1720 len 00017FF0 (95 KiB): RAM
I (669) heap_init: At 3FCE9710 len 00005724 (21 KiB): RAM
I (669) heap_init: At 3FCF0000 len 00008000 (32 KiB): DRAM
I (669) heap_init: At 600FE000 len 00001FE8 (7 KiB): RTCRAM
I (670) esp_psram: Adding pool of 6579K of PSRAM memory to heap allocator
I (670) esp_psram: Adding pool of 29K of PSRAM memory gap generated due to end address alignment of drom to the heap allocator
I (670) spi_flash: detected chip: gd
I (670) spi_flash: flash io: qio
I (671) sleep_gpio: Configure to isolate all GPIO pins in sleep state
I (671) sleep_gpio: Enable automatic switching of GPIO sleep configuration
I (672) main_task: Started on CPU0
I (673) esp_psram: Reserving pool of 32K of internal memory for DMA/internal allocations
I (673) main_task: Calling app_main()
I (673) clare_s3: Clare S3 starting
I (681) axp2101: Init PMU SUCCESS!
I (687) DisplayPort: SPI BUS init
I (688) DisplayPort: Install panel IO
I (688) co5300: version: 2.1.0
I (688) co5300_spi: LCD panel create success, version: 2.1.0
W (848) co5300_spi: The 3Ah command has been used and will be overwritten by external initialization sequence
I (2122) CST9217: Checkcode: 0x204ECACA
I (2124) CST9217: Resolution X: 466, Y: 466
I (2126) CST9217: Chip Type: 0x9217, ProjectID: 0x5734
I (2126) esp_lvgl:adapter: LVGL adapter initialized successfully
E (2128) esp_lvgl:disp: alloc primary buffer 46600 bytes failed

assert failed: void Lvgl_PortInit(DisplayPort&) lvgl_bsp.cpp:74 (disp != NULL)


Backtrace: 0x40399b4d:0x3fcd5bb0 0x40399b19:0x3fcd5bd0 0x403a26d1:0x3fcd5bf0 0x4200f619:0x3fcd5d10 0x4200b349:0x3fcd5da0 0x420ff9f7:0x3fcd5e20




ELF file SHA256: a45f7f47b4f156d1

Rebooting...
ESP-ROM:esp32s3-20210327
Build:Mar 27 2021
rst:0xc (RTC_SW_CPU_RST),boot:0xb (SPI_FAST_FLASH_BOOT)
Saved PC:0x40399cdc
SPIWP:0xee
mode:DIO, clock div:1
load:0x3fce2820,len:0x16a4
load:0x403c8700,len:0xe80
load:0x403cb700,len:0x3188
entry 0x403c8948
I (24) boot: ESP-IDF v5.5.3 2nd stage bootloader
I (24) boot: compile time Aug 29 2026 07:03:04
I (24) boot: Multicore bootloader
I (24) boot: chip revision: v0.2
I (24) boot: efuse block revision: v1.3
I (25) qio_mode: Enabling default flash chip QIO
I (25) boot.esp32s3: Boot SPI Speed : 80MHz
I (25) boot.esp32s3: SPI Mode       : QIO
I (25) boot.esp32s3: SPI Flash Size : 32MB
I (25) boot: Enabling RNG early entropy source...
I (26) boot: Partition Table:
I (26) boot: ## Label            Usage          Type ST Offset   Length
I (26) boot:  0 nvs              WiFi data        01 02 00009000 00006000
I (26) boot:  1 phy_init         RF data          01 01 0000f000 00001000
I (27) boot:  2 factory          factory app      00 00 00010000 00600000
I (27) boot:  3 storage          Unknown data     01 82 00610000 00300000
I (28) boot: End of partition table
I (28) esp_image: segment 0: paddr=00010020 vaddr=3c110020 size=7894ch (493900) map
I (102) esp_image: segment 1: paddr=00088974 vaddr=3fcb8d00 size=057cch ( 22476) load
I (106) esp_image: segment 2: paddr=0008e148 vaddr=40374000 size=01ed0h (  7888) load
I (108) esp_image: segment 3: paddr=00090020 vaddr=42000020 size=100758h (1050456) map
I (264) esp_image: segment 4: paddr=00190780 vaddr=40375ed0 size=32d80h (208256) load
I (303) esp_image: segment 5: paddr=001c3508 vaddr=50000000 size=00020h (    32) load
I (323) boot: Loaded app from partition at offset 0x10000
I (323) boot: Disabling RNG early entropy source...
