10000 00600000
I (28) boot:  3 storage          Unknown data     01 82 00610000 00300000
I (28) boot: End of partition table
I (29) esp_image: segment 0: paddr=00010020 vaddr=3c110020 size=12f21ch (1241628) map
I (213) esp_image: segment 1: paddr=0013f244 vaddr=3fcb4400 size=00dd4h (  3540) load
I (214) esp_image: segment 2: paddr=00140020 vaddr=42000020 size=102d78h (1060216) map
I (372) esp_image: segment 3: paddr=00242da0 vaddr=3fcb51d4 size=049f8h ( 18936) load
I (376) esp_image: segment 4: paddr=002477a0 vaddr=40374000 size=30310h (197392) load
I (413) esp_image: segment 5: paddr=00277ab8 vaddr=50000000 size=00020h (    32) load
I (431) boot: Loaded app from partition at offset 0x10000
I (431) boot: Disabling RNG early entropy source...
I (432) octal_psram: vendor id    : 0x0d (AP)
I (432) octal_psram: dev id       : 0x02 (generation 3)
I (433) octal_psram: density      : 0x03 (64 Mbit)
I (433) octal_psram: good-die     : 0x01 (Pass)
I (433) octal_psram: Latency      : 0x01 (Fixed)
I (433) octal_psram: VCC          : 0x01 (3V)
I (433) octal_psram: SRF          : 0x01 (Fast Refresh)
I (434) octal_psram: BurstType    : 0x01 (Hybrid Wrap)
I (434) octal_psram: BurstLen     : 0x01 (32 Byte)
I (434) octal_psram: Readlatency  : 0x02 (10 cycles@Fixed)
I (434) octal_psram: DriveStrength: 0x00 (1/1)
I (435) MSPI Timing: Enter psram timing tuning
I (435) esp_psram: Found 8MB PSRAM device
I (436) esp_psram: Speed: 80MHz
I (505) mmu_psram: Read only data copied and mapped to SPIRAM
I (577) mmu_psram: Instructions copied and mapped to SPIRAM
I (577) cpu_start: Multicore app
I (782) esp_psram: SPI SRAM memory test OK
I (791) cpu_start: Pro cpu start user code
I (791) cpu_start: cpu freq: 240000000 Hz
I (791) app_init: Application information:
I (791) app_init: Project name:     Clare_S3
I (791) app_init: App version:      3e09a44-dirty
I (791) app_init: Compile time:     Aug 29 2026 12:58:24
I (792) app_init: ELF file SHA256:  28a14366213352dd...
I (792) app_init: ESP-IDF:          v5.5.3
I (792) efuse_init: Min chip rev:     v0.0
I (792) efuse_init: Max chip rev:     v0.99 
I (792) efuse_init: Chip rev:         v0.2
I (792) heap_init: Initializing. RAM available for dynamic allocation:
I (793) heap_init: At 3FCBCE00 len 0002C910 (178 KiB): RAM
I (793) heap_init: At 3FCE9710 len 00005724 (21 KiB): RAM
I (793) heap_init: At 3FCF0000 len 00008000 (32 KiB): DRAM
I (793) heap_init: At 600FE000 len 00001FE8 (7 KiB): RTCRAM
I (793) esp_psram: Adding pool of 5875K of PSRAM memory to heap allocator
I (793) esp_psram: Adding pool of 3K of PSRAM memory gap generated due to end address alignment of drom to the heap allocator
I (794) spi_flash: detected chip: gd
I (794) spi_flash: flash io: qio
I (795) sleep_gpio: Configure to isolate all GPIO pins in sleep state
I (795) sleep_gpio: Enable automatic switching of GPIO sleep configuration
I (796) main_task: Started on CPU0
I (797) esp_psram: Reserving pool of 32K of internal memory for DMA/internal allocations
I (797) main_task: Calling app_main()
I (797) clare_s3: Clare S3 starting
I (804) axp2101: Init PMU SUCCESS!
I (811) DisplayPort: SPI BUS init
I (811) DisplayPort: Install panel IO
I (812) co5300: version: 2.1.0
I (812) co5300_spi: LCD panel create success, version: 2.1.0
W (972) co5300_spi: The 3Ah command has been used and will be overwritten by external initialization sequence
I (2246) CST9217: Checkcode: 0x204ECACA
I (2248) CST9217: Resolution X: 466, Y: 466
I (2250) CST9217: Chip Type: 0x9217, ProjectID: 0x5734
I (2250) esp_lvgl:adapter: LVGL adapter initialized successfully
I (2253) esp_lvgl:touch: Touch input device registered successfully (IRQ mode: enabled)
I (2284) esp_lvgl:adapter: LVGL task started successfully
i2c: {sda: 15, scl: 14}
i2s: {mclk: 16, bclk: 9, ws: 45, din: 10, dout: 8}
out: {codec: ES8311, pa: 46, pa_gain: 6, use_mclk: 1}
Codec 0 dir 2 type:1
in: {codec: ES7210}
Codec 1 dir 1 type:2
I (2285) CODEC_INIT: in:1 out:1 port: 1
I (2285) CODEC_INIT: Success to int i2c: 0
I (2285) CODEC_INIT: Init i2s 0 type: 3 mclk:16 bclk:9 ws:45 din:10 dout:8
I (2285) CODEC_INIT: tx:0x3c246100 rx:0x3c2462bc
W (2286) i2s_tdm: the current mclk multiple is too small, adjust the mclk multiple to 384
I (2286) CODEC_INIT: output init tdm ret 0
W (2287) i2s_tdm: the current mclk multiple is too small, adjust the mclk multiple to 384
I (2287) CODEC_INIT: Input init tdm ret 0
I (2287) CODEC_INIT: Init i2s 0 ok
I (2287) CODEC_INIT: Success to init i2s: 0
I (2287) CODEC_INIT: Success to int i2c: 0
I (2288) CODEC_INIT: Success to init i2s: 0
I (2288) CODEC_INIT: Get out handle 0x3c246100 port 0
I (2293) ES8311: Work in Slave mode
I (2299) ES7210: Work in Slave mode
I (2305) ES7210: Enable ES7210_INPUT_MIC1
I (2308) ES7210: Enable ES7210_INPUT_MIC2
I (2311) ES7210: Enable ES7210_INPUT_MIC3
I (2314) ES7210: Enable ES7210_INPUT_MIC4
I (2317) ES7210: Enable TDM mode
I (2324) I2S_IF: channel mode 2 bits:16/16 channel:2 mask:3
I (2325) I2S_IF: TDM Mode 1 bits:16/16 channel:2 sample_rate:16000 mask:3
I (2340) Adev_Codec: Open codec device OK
I (2340) I2S_IF: channel mode 2 bits:16/16 channel:2 mask:3
I (2340) I2S_IF: TDM Mode 0 bits:16/16 channel:2 sample_rate:16000 mask:3
I (2341) ES7210: Bits 8
I (2349) ES7210: Enable ES7210_INPUT_MIC1
I (2351) ES7210: Enable ES7210_INPUT_MIC2
I (2354) ES7210: Enable ES7210_INPUT_MIC3
I (2357) ES7210: Enable ES7210_INPUT_MIC4
I (2360) ES7210: Enable TDM mode
I (2366) ES7210: Unmuted
I (2366) Adev_Codec: Open codec device OK
I (2366) Adev_Codec: Input already open
I (2366) Adev_Codec: Input already open
I (2375) clare_audio: ALC ready: 16000 Hz mono PCM16, gain 6 dB
I (2475) pp: pp rom version: e7ae62f
I (2475) net80211: net80211 rom version: e7ae62f
I (2476) wifi:wifi driver task: 3fcdcf24, prio:23, stack:6656, core=0
I (2480) wifi:wifi firmware version: 4df78f2
I (2480) wifi:wifi certification version: v7.0
I (2480) wifi:config NVS flash: enabled
I (2480) wifi:config nano formatting: disabled
I (2480) wifi:Init data frame dynamic rx buffer num: 32
I (2480) wifi:Init dynamic rx mgmt buffer num: 5
I (2481) wifi:Init management short buffer num: 32
I (2481) wifi:Init static tx buffer num: 16
I (2482) wifi:Init tx cache buffer num: 32
I (2482) wifi:Init static tx FG buffer num: 2
I (2482) wifi:Init static rx buffer size: 1600
I (2482) wifi:Init static rx buffer num: 16
I (2482) wifi:Init dynamic rx buffer num: 32
I (2483) wifi_init: rx ba win: 6
I (2483) wifi_init: accept mbox: 6
I (2483) wifi_init: tcpip mbox: 32
I (2483) wifi_init: udp mbox: 6
I (2483) wifi_init: tcp mbox: 10
I (2483) wifi_init: tcp tx win: 65535
I (2484) wifi_init: tcp rx win: 5760
I (2484) wifi_init: tcp mss: 1440
I (2484) wifi_init: WiFi/LWIP prefer SPIRAM
W (2484) wifi:Password length matches WPA2 standards, authmode threshold changes from OPEN to WPA2
I (2485) phy_init: phy_version 711,97bcf0a2,Aug 25 2025,19:04:10
I (2519) wifi:mode : sta (10:20:ba:3d:34:b8)
I (2520) wifi:enable tsf
I (2522) clare_net: Wi-Fi protocols limited to 11b/g/n mask=0x07
I (2522) wifi:Set ps type: 0, coexist: 0

I (2523) clare_s3: Clare UI ready; touch the Clare tile
I (2523) main_task: Returned from app_main()
I (2530) wifi:new:<6,1>, old:<1,0>, ap:<255,255>, sta:<6,1>, prof:1, snd_ch_cfg:0x0
I (2530) wifi:state: init -> auth (0xb0)
I (2536) wifi:state: auth -> assoc (0x0)
I (2543) wifi:state: assoc -> run (0x10)
I (2562) wifi:connected with LDKJ, aid = 2, channel 6, 40U, bssid = 50:fe:39:e6:47:92
I (2562) wifi:security: WPA2-PSK, phy: bgn, rssi: -35
I (2563) wifi:pm start, type: 0

I (2563) wifi:dp: 1, bi: 102400, li: 3, scale listen interval from 307200 us to 307200 us
I (2564) wifi:set rx beacon pti, rx_bcn_pti: 0, bcn_timeout: 25000, mt_pti: 0, mt_time: 10000
I (2573) wifi:<ba-add>idx:0 (ifx:0, 50:fe:39:e6:47:92), tid:0, ssn:0, winSize:64
I (2596) wifi:AP's beacon interval = 102400 us, DTIM period = 1
I (3608) esp_netif_handlers: sta ip: 192.168.31.124, mask: 255.255.255.0, gw: 192.168.31.1
I (3608) clare_net: DHCP DNS main=192.168.31.1
I (7652) wifi:<ba-add>idx:1 (ifx:0, 50:fe:39:e6:47:92), tid:6, ssn:2, winSize:64
I (10523) clare_s3: Boot network self-test begin
I (10523) clare_net: Create session URL ready=1
I (10523) clare_net: HTTP before init free8=6000295 largest8=5898240 free_internal=74551 largest_internal=31744
I (14156) clare_net: HTTP response status=200 bytes=82 truncated=0
I (14158) clare_net: HTTP after cleanup free8=5999455 largest8=5898240
I (14159) clare_s3: Boot network self-test session err=0 (attempt 1/4)
I (14159) clare_net: WS pre-start heap free8=5996283 largest8=5898240
I (14161) websocket_client: Started
I (17101) clare_net: WebSocket connected kind=0
I (17101) clare_s3: Boot network self-test transcribe err=0
I (18204) clare_net: WS pre-start heap free8=5996071 largest8=5898240
I (18205) websocket_client: Started
I (20743) clare_net: WebSocket connected kind=1
I (20744) clare_s3: Ask Clare a question
I (20744) clare_s3: Boot network self-test host err=0
I (21846) clare_net: HTTP before init free8=5999031 largest8=5898240 free_internal=74103 largest_internal=31744
I (25534) clare_net: HTTP response status=200 bytes=255 truncated=1
I (25536) clare_net: HTTP after cleanup free8=5998855 largest8=5898240
I (25536) clare_s3: Boot network self-test complete
[Warn]	(37.166, +37166)	 lv_font_get_bitmap_fmt_txt: Compressed fonts is used but LV_USE_FONT_COMPRESSED is not enabled in lv_conf.h lv_font_fmt_txt.c:213
[Warn]	(37.166, +0)	 draw_letter_cb: Couldn't get the bitmap of a glyph lv_draw_sw_letter.c:174
[Warn]	(37.167, +1)	 lv_font_get_bitmap_fmt_txt: Compressed fonts is used but LV_USE_FONT_COMPRESSED is not enabled in lv_conf.h lv_font_fmt_txt.c:213
[Warn]	(37.167, +0)	 draw_letter_cb: Couldn't get the bitmap of a glyph lv_draw_sw_letter.c:174
[Warn]	(37.167, +0)	 lv_font_get_bitmap_fmt_txt: Compressed fonts is used but LV_USE_FONT_COMPRESSED is not enabled in lv_conf.h lv_font_fmt_txt.c:213
[Warn]	(37.168, +1)	 draw_letter_cb: Couldn't get the bitmap of a glyph lv_draw_sw_letter.c:174
[Warn]	(37.168, +0)	 lv_font_get_bitmap_fmt_txt: Compressed fonts is used but LV_USE_FONT_COMPRESSED is not enabled in lv_conf.h lv_font_fmt_txt.c:213
[Warn]	(37.168, +0)	 draw_letter_cb: Couldn't get the bitmap of a glyph lv_draw_sw_letter.c:174
[Warn]	(37.169, +1)	 lv_font_get_bitmap_fmt_txt: Compressed fonts is used but LV_USE_FONT_COMPRESSED is not enabled in lv_conf.h lv_font_fmt_txt.c:213
[Warn]	(37.169, +0)	 draw_letter_cb: Couldn't get the bitmap of a glyph lv_draw_sw_letter.c:174
[Warn]	(37.169, +0)	 lv_font_get_bitmap_fmt_txt: Compressed fonts is used but LV_USE_FONT_COMPRESSED is not enabled in lv_conf.h lv_font_fmt_txt.c:213
[Warn]	(37.169, +0)	 draw_letter_cb: Couldn't get the bitmap of a glyph lv_draw_sw_letter.c:174
[Warn]	(37.170, +1)	 lv_font_get_bitmap_fmt_txt: Compressed fonts is used but LV_USE_FONT_COMPRESSED is not enabled in lv_conf.h lv_font_fmt_txt.c:213
[Warn]	(37.170, +0)	 draw_letter_cb: Couldn't get the bitmap of a glyph lv_draw_sw_letter.c:174
[Warn]	(37.170, +0)	 lv_font_get_bitmap_fmt_txt: Compressed fonts is used but LV_USE_FONT_COMPRESSED is not enabled in lv_conf.h lv_font_fmt_txt.c:213
[Warn]	(37.171, +1)	 draw_letter_cb: Couldn't get the bitmap of a glyph lv_draw_sw_letter.c:174
[Warn]	(37.171, +0)	 lv_font_get_bitmap_fmt_txt: Compressed fonts is used but LV_USE_FONT_COMPRESSED is not enabled in lv_conf.h lv_font_fmt_txt.c:213
[Warn]	(37.171, +0)	 draw_letter_cb: Couldn't get the bitmap of a glyph lv_draw_sw_letter.c:174
[Warn]	(37.172, +1)	 lv_font_get_bitmap_fmt_txt: Compressed fonts is used but LV_USE_FONT_COMPRESSED is not enabled in lv_conf.h lv_font_fmt_txt.c:213
[Warn]	(37.172, +0)	 draw_letter_cb: Couldn't get the bitmap of a glyph lv_draw_sw_letter.c:174
[Warn]	(37.172, +0)	 lv_font_get_bitmap_fmt_txt: Compressed fonts is used but LV_USE_FONT_COMPRESSED is not enabled in lv_conf.h lv_font_fmt_txt.c:213
[Warn]	(37.173, +1)	 draw_letter_cb: Couldn't get the bitmap of a glyph lv_draw_sw_letter.c:174
[Warn]	(37.173, +0)	 lv_font_get_bitmap_fmt_txt: Compressed fonts is used but LV_USE_FONT_COMPRESSED is not enabled in lv_conf.h lv_font_fmt_txt.c:213
[Warn]	(37.173, +0)	 draw_letter_cb: Couldn't get the bitmap of a glyph lv_draw_sw_letter.c:174
[Warn]	(37.173, +0)	 lv_font_get_bitmap_fmt_txt: Compressed fonts is used but LV_USE_FONT_COMPRESSED is not enabled in lv_conf.h lv_font_fmt_txt.c:213
[Warn]	(37.174, +1)	 draw_letter_cb: Couldn't get the bitmap of a glyph lv_draw_sw_letter.c:174
[Warn]	(37.174, +0)	 lv_font_get_bitmap_fmt_txt: Compressed fonts is used but LV_USE_FONT_COMPRESSED is not enabled in lv_conf.h lv_font_fmt_txt.c:213
[Warn]	(37.174, +0)	 draw_letter_cb: Couldn't get the bitmap of a glyph lv_draw_sw_letter.c:174
[Warn]	(37.175, +1)	 lv_font_get_bitmap_fmt_txt: Compressed fonts is used but LV_USE_FONT_COMPRESSED is not enabled in lv_conf.h lv_font_fmt_txt.c:213
[Warn]	(37.175, +0)	 draw_letter_cb: Couldn't get the bitmap of a glyph lv_draw_sw_letter.c:174
[Warn]	(37.175, +0)	 lv_font_get_bitmap_fmt_txt: Compressed fonts is used but LV_USE_FONT_COMPRESSED is not enabled in lv_conf.h lv_font_fmt_txt.c:213
[Warn]	(37.176, +1)	 draw_letter_cb: Couldn't get the bitmap of a glyph lv_draw_sw_letter.c:174
[Warn]	(37.176, +0)	 lv_font_get_bitmap_fmt_txt: Compressed fonts is used but LV_USE_FONT_COMPRESSED is not enabled in lv_conf.h lv_font_fmt_txt.c:213
[Warn]	(37.176, +0)	 draw_letter_cb: Couldn't get the bitmap of a glyph lv_draw_sw_letter.c:174
[Warn]	(37.177, +1)	 lv_font_get_bitmap_fmt_txt: Compressed fonts is used but LV_USE_FONT_COMPRESSED is not enabled in lv_conf.h lv_font_fmt_txt.c:213
[Warn]	(37.177, +0)	 draw_letter_cb: Couldn't get the bitmap of a glyph lv_draw_sw_letter.c:174
[Warn]	(37.177, +0)	 lv_font_get_bitmap_fmt_txt: Compressed fonts is used but LV_USE_FONT_COMPRESSED is not enabled in lv_conf.h lv_font_fmt_txt.c:213
[Warn]	(37.177, +0)	 draw_letter_cb: Couldn't get the bitmap of a glyph lv_draw_sw_letter.c:174
[Warn]	(37.178, +1)	 lv_font_get_bitmap_fmt_txt: Compressed fonts is used but LV_USE_FONT_COMPRESSED is not enabled in lv_conf.h lv_font_fmt_txt.c:213
[Warn]	(37.178, +0)	 draw_letter_cb: Couldn't get the bitmap of a glyph lv_draw_sw_letter.c:174
[Warn]	(37.178, +0)	 lv_font_get_bitmap_fmt_txt: Compressed fonts is used but LV_USE_FONT_COMPRESSED is not enabled in lv_conf.h lv_font_fmt_txt.c:213
[Warn]	(37.179, +1)	 draw_letter_cb: Couldn't get the bitmap of a glyph lv_draw_sw_letter.c:174
[Warn]	(37.179, +0)	 lv_font_get_bitmap_fmt_txt: Compressed fonts is used but LV_USE_FONT_COMPRESSED is not enabled in lv_conf.h lv_font_fmt_txt.c:213
[Warn]	(37.179, +0)	 draw_letter_cb: Couldn't get the bitmap of a glyph lv_draw_sw_letter.c:174
[Warn]	(37.180, +1)	 lv_font_get_bitmap_fmt_txt: Compressed fonts is used but LV_USE_FONT_COMPRESSED is not enabled in lv_conf.h lv_font_fmt_txt.c:213
[Warn]	(37.180, +0)	 draw_letter_cb: Couldn't get the bitmap of a glyph lv_draw_sw_letter.c:174
[Warn]	(37.180, +0)	 lv_font_get_bitmap_fmt_txt: Compressed fonts is used but LV_USE_FONT_COMPRESSED is not enabled in lv_conf.h lv_font_fmt_txt.c:213
[Warn]	(37.181, +1)	 draw_letter_cb: Couldn't get the bitmap of a glyph lv_draw_sw_letter.c:174
[Warn]	(37.181, +0)	 lv_font_get_bitmap_fmt_txt: Compressed fonts is used but LV_USE_FONT_COMPRESSED is not enabled in lv_conf.h lv_font_fmt_txt.c:213
[Warn]	(37.181, +0)	 draw_letter_cb: Couldn't get the bitmap of a glyph lv_draw_sw_letter.c:174
[Warn]	(37.186, +5)	 lv_font_get_bitmap_fmt_txt: Compressed fonts is used but LV_USE_FONT_COMPRESSED is not enabled in lv_conf.h lv_font_fmt_txt.c:213
[Warn]	(37.186, +0)	 draw_letter_cb: Couldn't get the bitmap of a glyph lv_draw_sw_letter.c:174
[Warn]	(37.187, +1)	 lv_font_get_bitmap_fmt_txt: Compressed fonts is used but LV_USE_FONT_COMPRESSED is not enabled in lv_conf.h lv_font_fmt_txt.c:213
[Warn]	(37.187, +0)	 draw_letter_cb: Couldn't get the bitmap of a glyph lv_draw_sw_letter.c:174
[Warn]	(37.187, +0)	 lv_font_get_bitmap_fmt_txt: Compressed fonts is used but LV_USE_FONT_COMPRESSED is not enabled in lv_conf.h lv_font_fmt_txt.c:213
[Warn]	(37.188, +1)	 draw_letter_cb: Couldn't get the bitmap of a glyph lv_draw_sw_letter.c:174
[Warn]	(37.188, +0)	 lv_font_get_bitmap_fmt_txt: Compressed fonts is used but LV_USE_FONT_COMPRESSED is not enabled in lv_conf.h lv_font_fmt_txt.c:213
[Warn]	(37.188, +0)	 draw_letter_cb: Couldn't get the bitmap of a glyph lv_draw_sw_letter.c:174
[Warn]	(37.188, +0)	 lv_font_get_bitmap_fmt_txt: Compressed fonts is used but LV_USE_FONT_COMPRESSED is not enabled in lv_conf.h lv_font_fmt_txt.c:213
[Warn]	(37.189, +1)	 draw_letter_cb: Couldn't get the bitmap of a glyph lv_draw_sw_letter.c:174
[Warn]	(37.189, +0)	 lv_font_get_bitmap_fmt_txt: Compressed fonts is used but LV_USE_FONT_COMPRESSED is not enabled in lv_conf.h lv_font_fmt_txt.c:213
[Warn]	(37.189, +0)	 draw_letter_cb: Couldn't get the bitmap of a glyph lv_draw_sw_letter.c:174
[Warn]	(37.190, +1)	 lv_font_get_bitmap_fmt_txt: Compressed fonts is used but LV_USE_FONT_COMPRESSED is not enabled in lv_conf.h lv_font_fmt_txt.c:213
[Warn]	(37.190, +0)	 draw_letter_cb: Couldn't get the bitmap of a glyph lv_draw_sw_letter.c:174
[Warn]	(37.190, +0)	 lv_font_get_bitmap_fmt_txt: Compressed fonts is used but LV_USE_FONT_COMPRESSED is not enabled in lv_conf.h lv_font_fmt_txt.c:213
[Warn]	(37.191, +1)	 draw_letter_cb: Couldn't get the bitmap of a glyph lv_draw_sw_letter.c:174
[Warn]	(37.191, +0)	 lv_font_get_bitmap_fmt_txt: Compressed fonts is used but LV_USE_FONT_COMPRESSED is not enabled in lv_conf.h lv_font_fmt_txt.c:213
[Warn]	(37.191, +0)	 draw_letter_cb: Couldn't get the bitmap of a glyph lv_draw_sw_letter.c:174
[Warn]	(37.192, +1)	 lv_font_get_bitmap_fmt_txt: Compressed fonts is used but LV_USE_FONT_COMPRESSED is not enabled in lv_conf.h lv_font_fmt_txt.c:213
[Warn]	(37.192, +0)	 draw_letter_cb: Couldn't get the bitmap of a glyph lv_draw_sw_letter.c:174
[Warn]	(37.192, +0)	 lv_font_get_bitmap_fmt_txt: Compressed fonts is used but LV_USE_FONT_COMPRESSED is not enabled in lv_conf.h lv_font_fmt_txt.c:213
[Warn]	(37.192, +0)	 draw_letter_cb: Couldn't get the bitmap of a glyph lv_draw_sw_letter.c:174
[Warn]	(37.193, +1)	 lv_font_get_bitmap_fmt_txt: Compressed fonts is used but LV_USE_FONT_COMPRESSED is not enabled in lv_conf.h lv_font_fmt_txt.c:213
[Warn]	(37.193, +0)	 draw_letter_cb: Couldn't get the bitmap of a glyph lv_draw_sw_letter.c:174
[Warn]	(37.193, +0)	 lv_font_get_bitmap_fmt_txt: Compressed fonts is used but LV_USE_FONT_COMPRESSED is not enabled in lv_conf.h lv_font_fmt_txt.c:213
[Warn]	(37.194, +1)	 draw_letter_cb: Couldn't get the bitmap of a glyph lv_draw_sw_letter.c:174
[Warn]	(37.194, +0)	 lv_font_get_bitmap_fmt_txt: Compressed fonts is used but LV_USE_FONT_COMPRESSED is not enabled in lv_conf.h lv_font_fmt_txt.c:213
[Warn]	(37.194, +0)	 draw_letter_cb: Couldn't get the bitmap of a glyph lv_draw_sw_letter.c:174
[Warn]	(37.195, +1)	 lv_font_get_bitmap_fmt_txt: Compressed fonts is used but LV_USE_FONT_COMPRESSED is not enabled in lv_conf.h lv_font_fmt_txt.c:213
[Warn]	(37.195, +0)	 draw_letter_cb: Couldn't get the bitmap of a glyph lv_draw_sw_letter.c:174
[Warn]	(37.195, +0)	 lv_font_get_bitmap_fmt_txt: Compressed fonts is used but LV_USE_FONT_COMPRESSED is not enabled in lv_conf.h lv_font_fmt_txt.c:213
[Warn]	(37.195, +0)	 draw_letter_cb: Couldn't get the bitmap of a glyph lv_draw_sw_letter.c:174
[Warn]	(37.196, +1)	 lv_font_get_bitmap_fmt_txt: Compressed fonts is used but LV_USE_FONT_COMPRESSED is not enabled in lv_conf.h lv_font_fmt_txt.c:213
[Warn]	(37.196, +0)	 draw_letter_cb: Couldn't get the bitmap of a glyph lv_draw_sw_letter.c:174
[Warn]	(37.196, +0)	 lv_font_get_bitmap_fmt_txt: Compressed fonts is used but LV_USE_FONT_COMPRESSED is not enabled in lv_conf.h lv_font_fmt_txt.c:213
[Warn]	(37.197, +1)	 draw_letter_cb: Couldn't get the bitmap of a glyph lv_draw_sw_letter.c:174
[Warn]	(37.197, +0)	 lv_font_get_bitmap_fmt_txt: Compressed fonts is used but LV_USE_FONT_COMPRESSED is not enabled in lv_conf.h lv_font_fmt_txt.c:213
[Warn]	(37.197, +0)	 draw_letter_cb: Couldn't get the bitmap of a glyph lv_draw_sw_letter.c:174
[Warn]	(37.198, +1)	 lv_font_get_bitmap_fmt_txt: Compressed fonts is used but LV_USE_FONT_COMPRESSED is not enabled in lv_conf.h lv_font_fmt_txt.c:213
[Warn]	(37.198, +0)	 draw_letter_cb: Couldn't get the bitmap of a glyph lv_draw_sw_letter.c:174
[Warn]	(37.198, +0)	 lv_font_get_bitmap_fmt_txt: Compressed fonts is used but LV_USE_FONT_COMPRESSED is not enabled in lv_conf.h lv_font_fmt_txt.c:213
[Warn]	(37.199, +1)	 draw_letter_cb: Couldn't get the bitmap of a glyph lv_draw_sw_letter.c:174
[Warn]	(37.199, +0)	 lv_font_get_bitmap_fmt_txt: Compressed fonts is used but LV_USE_FONT_COMPRESSED is not enabled in lv_conf.h lv_font_fmt_txt.c:213
[Warn]	(37.199, +0)	 draw_letter_cb: Couldn't get the bitmap of a glyph lv_draw_sw_letter.c:174
[Warn]	(37.199, +0)	 lv_font_get_bitmap_fmt_txt: Compressed fonts is used but LV_USE_FONT_COMPRESSED is not enabled in lv_conf.h lv_font_fmt_txt.c:213
[Warn]	(37.200, +1)	 draw_letter_cb: Couldn't get the bitmap of a glyph lv_draw_sw_letter.c:174
[Warn]	(37.200, +0)	 lv_font_get_bitmap_fmt_txt: Compressed fonts is used but LV_USE_FONT_COMPRESSED is not enabled in lv_conf.h lv_font_fmt_txt.c:213
[Warn]	(37.201, +1)	 draw_letter_cb: Couldn't get the bitmap of a glyph lv_draw_sw_letter.c:174
[Warn]	(37.201, +0)	 lv_font_get_bitmap_fmt_txt: Compressed fonts is used but LV_USE_FONT_COMPRESSED is not enabled in lv_conf.h lv_font_fmt_txt.c:213
[Warn]	(37.201, +0)	 draw_letter_cb: Couldn't get the bitmap of a glyph lv_draw_sw_letter.c:174
[Warn]	(37.202, +1)	 lv_font_get_bitmap_fmt_txt: Compressed fonts is used but LV_USE_FONT_COMPRESSED is not enabled in lv_conf.h lv_font_fmt_txt.c:213
[Warn]	(37.202, +0)	 draw_letter_cb: Couldn't get the bitmap of a glyph lv_draw_sw_letter.c:174
[Warn]	(37.202, +0)	 lv_font_get_bitmap_fmt_txt: Compressed fonts is used but LV_USE_FONT_COMPRESSED is not enabled in lv_conf.h lv_font_fmt_txt.c:213
[Warn]	(37.203, +1)	 draw_letter_cb: Couldn't get the bitmap of a glyph lv_draw_sw_letter.c:174
[Warn]	(37.203, +0)	 lv_font_get_bitmap_fmt_txt: Compressed fonts is used but LV_USE_FONT_COMPRESSED is not enabled in lv_conf.h lv_font_fmt_txt.c:213
[Warn]	(37.203, +0)	 draw_letter_cb: Couldn't get the bitmap of a glyph lv_draw_sw_letter.c:174
[Warn]	(37.203, +0)	 lv_font_get_bitmap_fmt_txt: Compressed fonts is used but LV_USE_FONT_COMPRESSED is not enabled in lv_conf.h lv_font_fmt_txt.c:213
[Warn]	(37.204, +1)	 draw_letter_cb: Couldn't get the bitmap of a glyph lv_draw_sw_letter.c:174
[Warn]	(37.204, +0)	 lv_font_get_bitmap_fmt_txt: Compressed fonts is used but LV_USE_FONT_COMPRESSED is not enabled in lv_conf.h lv_font_fmt_txt.c:213
[Warn]	(37.204, +0)	 draw_letter_cb: Couldn't get the bitmap of a glyph lv_draw_sw_letter.c:174
[Warn]	(37.205, +1)	 lv_font_get_bitmap_fmt_txt: Compressed fonts is used but LV_USE_FONT_COMPRESSED is not enabled in lv_conf.h lv_font_fmt_txt.c:213
[Warn]	(37.205, +0)	 draw_letter_cb: Couldn't get the bitmap of a glyph lv_draw_sw_letter.c:174
[Warn]	(37.205, +0)	 lv_font_get_bitmap_fmt_txt: Compressed fonts is used but LV_USE_FONT_COMPRESSED is not enabled in lv_conf.h lv_font_fmt_txt.c:213
[Warn]	(37.206, +1)	 draw_letter_cb: Couldn't get the bitmap of a glyph lv_draw_sw_letter.c:174
[Warn]	(37.206, +0)	 lv_font_get_bitmap_fmt_txt: Compressed fonts is used but LV_USE_FONT_COMPRESSED is not enabled in lv_conf.h lv_font_fmt_txt.c:213
[Warn]	(37.206, +0)	 draw_letter_cb: Couldn't get the bitmap of a glyph lv_draw_sw_letter.c:174
[Warn]	(37.207, +1)	 lv_font_get_bitmap_fmt_txt: Compressed fonts is used but LV_USE_FONT_COMPRESSED is not enabled in lv_conf.h lv_font_fmt_txt.c:213
[Warn]	(37.207, +0)	 draw_letter_cb: Couldn't get the bitmap of a glyph lv_draw_sw_letter.c:174
[Warn]	(37.207, +0)	 lv_font_get_bitmap_fmt_txt: Compressed fonts is used but LV_USE_FONT_COMPRESSED is not enabled in lv_conf.h lv_font_fmt_txt.c:213
[Warn]	(37.208, +1)	 draw_letter_cb: Couldn't get the bitmap of a glyph lv_draw_sw_letter.c:174
[Warn]	(37.208, +0)	 lv_font_get_bitmap_fmt_txt: Compressed fonts is used but LV_USE_FONT_COMPRESSED is not enabled in lv_conf.h lv_font_fmt_txt.c:213
[Warn]	(37.208, +0)	 draw_letter_cb: Couldn't get the bitmap of a glyph lv_draw_sw_letter.c:174
[Warn]	(37.208, +0)	 lv_font_get_bitmap_fmt_txt: Compressed fonts is used but LV_USE_FONT_COMPRESSED is not enabled in lv_conf.h lv_font_fmt_txt.c:213
[Warn]	(37.209, +1)	 draw_letter_cb: Couldn't get the bitmap of a glyph lv_draw_sw_letter.c:174
[Warn]	(37.209, +0)	 lv_font_get_bitmap_fmt_txt: Compressed fonts is used but LV_USE_FONT_COMPRESSED is not enabled in lv_conf.h lv_font_fmt_txt.c:213
[Warn]	(37.209, +0)	 draw_letter_cb: Couldn't get the bitmap of a glyph lv_draw_sw_letter.c:174
[Warn]	(37.215, +6)	 lv_font_get_bitmap_fmt_txt: Compressed fonts is used but LV_USE_FONT_COMPRESSED is not enabled in lv_conf.h lv_font_fmt_txt.c:213
[Warn]	(37.215, +0)	 draw_letter_cb: Couldn't get the bitmap of a glyph lv_draw_sw_letter.c:174
[Warn]	(37.216, +1)	 lv_font_get_bitmap_fmt_txt: Compressed fonts is used but LV_USE_FONT_COMPRESSED is not enabled in lv_conf.h lv_font_fmt_txt.c:213
[Warn]	(37.216, +0)	 draw_letter_cb: Couldn't get the bitmap of a glyph lv_draw_sw_letter.c:174
[Warn]	(37.216, +0)	 lv_font_get_bitmap_fmt_txt: Compressed fonts is used but LV_USE_FONT_COMPRESSED is not enabled in lv_conf.h lv_font_fmt_txt.c:213
[Warn]	(37.217, +1)	 draw_letter_cb: Couldn't get the bitmap of a glyph lv_draw_sw_letter.c:174
[Warn]	(37.217, +0)	 lv_font_get_bitmap_fmt_txt: Compressed fonts is used but LV_USE_FONT_COMPRESSED is not enabled in lv_conf.h lv_font_fmt_txt.c:213
[Warn]	(37.217, +0)	 draw_letter_cb: Couldn't get the bitmap of a glyph lv_draw_sw_letter.c:174
[Warn]	(37.217, +0)	 lv_font_get_bitmap_fmt_txt: Compressed fonts is used but LV_USE_FONT_COMPRESSED is not enabled in lv_conf.h lv_font_fmt_txt.c:213
[Warn]	(37.218, +1)	 draw_letter_cb: Couldn't get the bitmap of a glyph lv_draw_sw_letter.c:174
[Warn]	(37.218, +0)	 lv_font_get_bitmap_fmt_txt: Compressed fonts is used but LV_USE_FONT_COMPRESSED is not enabled in lv_conf.h lv_font_fmt_txt.c:213
[Warn]	(37.218, +0)	 draw_letter_cb: Couldn't get the bitmap of a glyph lv_draw_sw_letter.c:174
[Warn]	(37.219, +1)	 lv_font_get_bitmap_fmt_txt: Compressed fonts is used but LV_USE_FONT_COMPRESSED is not enabled in lv_conf.h lv_font_fmt_txt.c:213
[Warn]	(37.219, +0)	 draw_letter_cb: Couldn't get the bitmap of a glyph lv_draw_sw_letter.c:174
[Warn]	(37.219, +0)	 lv_font_get_bitmap_fmt_txt: Compressed fonts is used but LV_USE_FONT_COMPRESSED is not enabled in lv_conf.h lv_font_fmt_txt.c:213
[Warn]	(37.220, +1)	 draw_letter_cb: Couldn't get the bitmap of a glyph lv_draw_sw_letter.c:174
[Warn]	(37.220, +0)	 lv_font_get_bitmap_fmt_txt: Compressed fonts is used but LV_USE_FONT_COMPRESSED is not enabled in lv_conf.h lv_font_fmt_txt.c:213
[Warn]	(37.220, +0)	 draw_letter_cb: Couldn't get the bitmap of a glyph lv_draw_sw_letter.c:174
[Warn]	(37.221, +1)	 lv_font_get_bitmap_fmt_txt: Compressed fonts is used but LV_USE_FONT_COMPRESSED is not enabled in lv_conf.h lv_font_fmt_txt.c:213
[Warn]	(37.221, +0)	 draw_letter_cb: Couldn't get the bitmap of a glyph lv_draw_sw_letter.c:174
[Warn]	(37.221, +0)	 lv_font_get_bitmap_fmt_txt: Compressed fonts is used but LV_USE_FONT_COMPRESSED is not enabled in lv_conf.h lv_font_fmt_txt.c:213
[Warn]	(37.222, +1)	 draw_letter_cb: Couldn't get the bitmap of a glyph lv_draw_sw_letter.c:174
[Warn]	(37.222, +0)	 lv_font_get_bitmap_fmt_txt: Compressed fonts is used but LV_USE_FONT_COMPRESSED is not enabled in lv_conf.h lv_font_fmt_txt.c:213
[Warn]	(37.222, +0)	 draw_letter_cb: Couldn't get the bitmap of a glyph lv_draw_sw_letter.c:174
[Warn]	(37.222, +0)	 lv_font_get_bitmap_fmt_txt: Compressed fonts is used but LV_USE_FONT_COMPRESSED is not enabled in lv_conf.h lv_font_fmt_txt.c:213
[Warn]	(37.223, +1)	 draw_letter_cb: Couldn't get the bitmap of a glyph lv_draw_sw_letter.c:174
[Warn]	(37.223, +0)	 lv_font_get_bitmap_fmt_txt: Compressed fonts is used but LV_USE_FONT_COMPRESSED is not enabled in lv_conf.h lv_font_fmt_txt.c:213
[Warn]	(37.223, +0)	 draw_letter_cb: Couldn't get the bitmap of a glyph lv_draw_sw_letter.c:174
[Warn]	(37.224, +1)	 lv_font_get_bitmap_fmt_txt: Compressed fonts is used but LV_USE_FONT_COMPRESSED is not enabled in lv_conf.h lv_font_fmt_txt.c:213
[Warn]	(37.224, +0)	 draw_letter_cb: Couldn't get the bitmap of a glyph lv_draw_sw_letter.c:174
[Warn]	(37.224, +0)	 lv_font_get_bitmap_fmt_txt: Compressed fonts is used but LV_USE_FONT_COMPRESSED is not enabled in lv_conf.h lv_font_fmt_txt.c:213
[Warn]	(37.225, +1)	 draw_letter_cb: Couldn't get the bitmap of a glyph lv_draw_sw_letter.c:174
[Warn]	(37.225, +0)	 lv_font_get_bitmap_fmt_txt: Compressed fonts is used but LV_USE_FONT_COMPRESSED is not enabled in lv_conf.h lv_font_fmt_txt.c:213
[Warn]	(37.225, +0)	 draw_letter_cb: Couldn't get the bitmap of a glyph lv_draw_sw_letter.c:174
[Warn]	(37.226, +1)	 lv_font_get_bitmap_fmt_txt: Compressed fonts is used but LV_USE_FONT_COMPRESSED is not enabled in lv_conf.h lv_font_fmt_txt.c:213
[Warn]	(37.226, +0)	 draw_letter_cb: Couldn't get the bitmap of a glyph lv_draw_sw_letter.c:174
[Warn]	(37.226, +0)	 lv_font_get_bitmap_fmt_txt: Compressed fonts is used but LV_USE_FONT_COMPRESSED is not enabled in lv_conf.h lv_font_fmt_txt.c:213
[Warn]	(37.226, +0)	 draw_letter_cb: Couldn't get the bitmap of a glyph lv_draw_sw_letter.c:174
[Warn]	(37.227, +1)	 lv_font_get_bitmap_fmt_txt: Compressed fonts is used but LV_USE_FONT_COMPRESSED is not enabled in lv_conf.h lv_font_fmt_txt.c:213
[Warn]	(37.227, +0)	 draw_letter_cb: Couldn't get the bitmap of a glyph lv_draw_sw_letter.c:174
[Warn]	(37.227, +0)	 lv_font_get_bitmap_fmt_txt: Compressed fonts is used but LV_USE_FONT_COMPRESSED is not enabled in lv_conf.h lv_font_fmt_txt.c:213
[Warn]	(37.228, +1)	 draw_letter_cb: Couldn't get the bitmap of a glyph lv_draw_sw_letter.c:174
[Warn]	(37.228, +0)	 lv_font_get_bitmap_fmt_txt: Compressed fonts is used but LV_USE_FONT_COMPRESSED is not enabled in lv_conf.h lv_font_fmt_txt.c:213
[Warn]	(37.228, +0)	 draw_letter_cb: Couldn't get the bitmap of a glyph lv_draw_sw_letter.c:174
[Warn]	(37.229, +1)	 lv_font_get_bitmap_fmt_txt: Compressed fonts is used but LV_USE_FONT_COMPRESSED is not enabled in lv_conf.h lv_font_fmt_txt.c:213
[Warn]	(37.229, +0)	 draw_letter_cb: Couldn't get the bitmap of a glyph lv_draw_sw_letter.c:174
[Warn]	(37.229, +0)	 lv_font_get_bitmap_fmt_txt: Compressed fonts is used but LV_USE_FONT_COMPRESSED is not enabled in lv_conf.h lv_font_fmt_txt.c:213
[Warn]	(37.230, +1)	 draw_letter_cb: Couldn't get the bitmap of a glyph lv_draw_sw_letter.c:174
[Warn]	(37.230, +0)	 lv_font_get_bitmap_fmt_txt: Compressed fonts is used but LV_USE_FONT_COMPRESSED is not enabled in lv_conf.h lv_font_fmt_txt.c:213
[Warn]	(37.230, +0)	 draw_letter_cb: Couldn't get the bitmap of a glyph lv_draw_sw_letter.c:174
[Warn]	(37.230, +0)	 lv_font_get_bitmap_fmt_txt: Compressed fonts is used but LV_USE_FONT_COMPRESSED is not enabled in lv_conf.h lv_font_fmt_txt.c:213
[Warn]	(37.231, +1)	 draw_letter_cb: Couldn't get the bitmap of a glyph lv_draw_sw_letter.c:174
[Warn]	(37.231, +0)	 lv_font_get_bitmap_fmt_txt: Compressed fonts is used but LV_USE_FONT_COMPRESSED is not enabled in lv_conf.h lv_font_fmt_txt.c:213
[Warn]	(37.231, +0)	 draw_letter_cb: Couldn't get the bitmap of a glyph lv_draw_sw_letter.c:174
[Warn]	(37.232, +1)	 lv_font_get_bitmap_fmt_txt: Compressed fonts is used but LV_USE_FONT_COMPRESSED is not enabled in lv_conf.h lv_font_fmt_txt.c:213
[Warn]	(37.232, +0)	 draw_letter_cb: Couldn't get the bitmap of a glyph lv_draw_sw_letter.c:174
[Warn]	(37.232, +0)	 lv_font_get_bitmap_fmt_txt: Compressed fonts is used but LV_USE_FONT_COMPRESSED is not enabled in lv_conf.h lv_font_fmt_txt.c:213
[Warn]	(37.233, +1)	 draw_letter_cb: Couldn't get the bitmap of a glyph lv_draw_sw_letter.c:174
[Warn]	(37.233, +0)	 lv_font_get_bitmap_fmt_txt: Compressed fonts is used but LV_USE_FONT_COMPRESSED is not enabled in lv_conf.h lv_font_fmt_txt.c:213
[Warn]	(37.233, +0)	 draw_letter_cb: Couldn't get the bitmap of a glyph lv_draw_sw_letter.c:174
[Warn]	(37.234, +1)	 lv_font_get_bitmap_fmt_txt: Compressed fonts is used but LV_USE_FONT_COMPRESSED is not enabled in lv_conf.h lv_font_fmt_txt.c:213
[Warn]	(37.234, +0)	 draw_letter_cb: Couldn't get the bitmap of a glyph lv_draw_sw_letter.c:174
[Warn]	(37.234, +0)	 lv_font_get_bitmap_fmt_txt: Compressed fonts is used but LV_USE_FONT_COMPRESSED is not enabled in lv_conf.h lv_font_fmt_txt.c:213
[Warn]	(37.234, +0)	 draw_letter_cb: Couldn't get the bitmap of a glyph lv_draw_sw_letter.c:174
[Warn]	(37.239, +5)	 lv_font_get_bitmap_fmt_txt: Compressed fonts is used but LV_USE_FONT_COMPRESSED is not enabled in lv_conf.h lv_font_fmt_txt.c:213
[Warn]	(37.240, +1)	 draw_letter_cb: Couldn't get the bitmap of a glyph lv_draw_sw_letter.c:174
[Warn]	(37.240, +0)	 lv_font_get_bitmap_fmt_txt: Compressed fonts is used but LV_USE_FONT_COMPRESSED is not enabled in lv_conf.h lv_font_fmt_txt.c:213
[Warn]	(37.240, +0)	 draw_letter_cb: Couldn't get the bitmap of a glyph lv_draw_sw_letter.c:174
[Warn]	(37.241, +1)	 lv_font_get_bitmap_fmt_txt: Compressed fonts is used but LV_USE_FONT_COMPRESSED is not enabled in lv_conf.h lv_font_fmt_txt.c:213
[Warn]	(37.241, +0)	 draw_letter_cb: Couldn't get the bitmap of a glyph lv_draw_sw_letter.c:174
[Warn]	(37.241, +0)	 lv_font_get_bitmap_fmt_txt: Compressed fonts is used but LV_USE_FONT_COMPRESSED is not enabled in lv_conf.h lv_font_fmt_txt.c:213
[Warn]	(37.242, +1)	 draw_letter_cb: Couldn't get the bitmap of a glyph lv_draw_sw_letter.c:174
[Warn]	(37.242, +0)	 lv_font_get_bitmap_fmt_txt: Compressed fonts is used but LV_USE_FONT_COMPRESSED is not enabled in lv_conf.h lv_font_fmt_txt.c:213
[Warn]	(37.242, +0)	 draw_letter_cb: Couldn't get the bitmap of a glyph lv_draw_sw_letter.c:174
[Warn]	(37.242, +0)	 lv_font_get_bitmap_fmt_txt: Compressed fonts is used but LV_USE_FONT_COMPRESSED is not enabled in lv_conf.h lv_font_fmt_txt.c:213
[Warn]	(37.243, +1)	 draw_letter_cb: Couldn't get the bitmap of a glyph lv_draw_sw_letter.c:174
[Warn]	(37.243, +0)	 lv_font_get_bitmap_fmt_txt: Compressed fonts is used but LV_USE_FONT_COMPRESSED is not enabled in lv_conf.h lv_font_fmt_txt.c:213
[Warn]	(37.243, +0)	 draw_letter_cb: Couldn't get the bitmap of a glyph lv_draw_sw_letter.c:174
[Warn]	(37.244, +1)	 lv_font_get_bitmap_fmt_txt: Compressed fonts is used but LV_USE_FONT_COMPRESSED is not enabled in lv_conf.h lv_font_fmt_txt.c:213
[Warn]	(37.244, +0)	 draw_letter_cb: Couldn't get the bitmap of a glyph lv_draw_sw_letter.c:174
[Warn]	(37.244, +0)	 lv_font_get_bitmap_fmt_txt: Compressed fonts is used but LV_USE_FONT_COMPRESSED is not enabled in lv_conf.h lv_font_fmt_txt.c:213
[Warn]	(37.245, +1)	 draw_letter_cb: Couldn't get the bitmap of a glyph lv_draw_sw_letter.c:174
[Warn]	(37.245, +0)	 lv_font_get_bitmap_fmt_txt: Compressed fonts is used but LV_USE_FONT_COMPRESSED is not enabled in lv_conf.h lv_font_fmt_txt.c:213
[Warn]	(37.245, +0)	 draw_letter_cb: Couldn't get the bitmap of a glyph lv_draw_sw_letter.c:174
[Warn]	(37.246, +1)	 lv_font_get_bitmap_fmt_txt: Compressed fonts is used but LV_USE_FONT_COMPRESSED is not enabled in lv_conf.h lv_font_fmt_txt.c:213
[Warn]	(37.246, +0)	 draw_letter_cb: Couldn't get the bitmap of a glyph lv_draw_sw_letter.c:174
[Warn]	(37.246, +0)	 lv_font_get_bitmap_fmt_txt: Compressed fonts is used but LV_USE_FONT_COMPRESSED is not enabled in lv_conf.h lv_font_fmt_txt.c:213
[Warn]	(37.246, +0)	 draw_letter_cb: Couldn't get the bitmap of a glyph lv_draw_sw_letter.c:174
[Warn]	(37.247, +1)	 lv_font_get_bitmap_fmt_txt: Compressed fonts is used but LV_USE_FONT_COMPRESSED is not enabled in lv_conf.h lv_font_fmt_txt.c:213
[Warn]	(37.247, +0)	 draw_letter_cb: Couldn't get the bitmap of a glyph lv_draw_sw_letter.c:174
[Warn]	(37.247, +0)	 lv_font_get_bitmap_fmt_txt: Compressed fonts is used but LV_USE_FONT_COMPRESSED is not enabled in lv_conf.h lv_font_fmt_txt.c:213
[Warn]	(37.248, +1)	 draw_letter_cb: Couldn't get the bitmap of a glyph lv_draw_sw_letter.c:174
[Warn]	(37.248, +0)	 lv_font_get_bitmap_fmt_txt: Compressed fonts is used but LV_USE_FONT_COMPRESSED is not enabled in lv_conf.h lv_font_fmt_txt.c:213
[Warn]	(37.248, +0)	 draw_letter_cb: Couldn't get the bitmap of a glyph lv_draw_sw_letter.c:174
[Warn]	(37.249, +1)	 lv_font_get_bitmap_fmt_txt: Compressed fonts is used but LV_USE_FONT_COMPRESSED is not enabled in lv_conf.h lv_font_fmt_txt.c:213
[Warn]	(37.249, +0)	 draw_letter_cb: Couldn't get the bitmap of a glyph lv_draw_sw_letter.c:174
[Warn]	(37.249, +0)	 lv_font_get_bitmap_fmt_txt: Compressed fonts is used but LV_USE_FONT_COMPRESSED is not enabled in lv_conf.h lv_font_fmt_txt.c:213
[Warn]	(37.249, +0)	 draw_letter_cb: Couldn't get the bitmap of a glyph lv_draw_sw_letter.c:174
[Warn]	(37.250, +1)	 lv_font_get_bitmap_fmt_txt: Compressed fonts is used but LV_USE_FONT_COMPRESSED is not enabled in lv_conf.h lv_font_fmt_txt.c:213
[Warn]	(37.250, +0)	 draw_letter_cb: Couldn't get the bitmap of a glyph lv_draw_sw_letter.c:174
[Warn]	(37.250, +0)	 lv_font_get_bitmap_fmt_txt: Compressed fonts is used but LV_USE_FONT_COMPRESSED is not enabled in lv_conf.h lv_font_fmt_txt.c:213
[Warn]	(37.251, +1)	 draw_letter_cb: Couldn't get the bitmap of a glyph lv_draw_sw_letter.c:174
[Warn]	(37.251, +0)	 lv_font_get_bitmap_fmt_txt: Compressed fonts is used but LV_USE_FONT_COMPRESSED is not enabled in lv_conf.h lv_font_fmt_txt.c:213
[Warn]	(37.251, +0)	 draw_letter_cb: Couldn't get the bitmap of a glyph lv_draw_sw_letter.c:174
[Warn]	(37.252, +1)	 lv_font_get_bitmap_fmt_txt: Compressed fonts is used but LV_USE_FONT_COMPRESSED is not enabled in lv_conf.h lv_font_fmt_txt.c:213
[Warn]	(37.252, +0)	 draw_letter_cb: Couldn't get the bitmap of a glyph lv_draw_sw_letter.c:174
[Warn]	(37.252, +0)	 lv_font_get_bitmap_fmt_txt: Compressed fonts is used but LV_USE_FONT_COMPRESSED is not enabled in lv_conf.h lv_font_fmt_txt.c:213
[Warn]	(37.253, +1)	 draw_letter_cb: Couldn't get the bitmap of a glyph lv_draw_sw_letter.c:174
[Warn]	(37.253, +0)	 lv_font_get_bitmap_fmt_txt: Compressed fonts is used but LV_USE_FONT_COMPRESSED is not enabled in lv_conf.h lv_font_fmt_txt.c:213
[Warn]	(37.253, +0)	 draw_letter_cb: Couldn't get the bitmap of a glyph lv_draw_sw_letter.c:174
[Warn]	(37.253, +0)	 lv_font_get_bitmap_fmt_txt: Compressed fonts is used but LV_USE_FONT_COMPRESSED is not enabled in lv_conf.h lv_font_fmt_txt.c:213
[Warn]	(37.254, +1)	 draw_letter_cb: Couldn't get the bitmap of a glyph lv_draw_sw_letter.c:174
[Warn]	(37.254, +0)	 lv_font_get_bitmap_fmt_txt: Compressed fonts is used but LV_USE_FONT_COMPRESSED is not enabled in lv_conf.h lv_font_fmt_txt.c:213
[Warn]	(37.254, +0)	 draw_letter_cb: Couldn't get the bitmap of a glyph lv_draw_sw_letter.c:174
[Warn]	(37.255, +1)	 lv_font_get_bitmap_fmt_txt: Compressed fonts is used but LV_USE_FONT_COMPRESSED is not enabled in lv_conf.h lv_font_fmt_txt.c:213
[Warn]	(37.255, +0)	 draw_letter_cb: Couldn't get the bitmap of a glyph lv_draw_sw_letter.c:174
[Warn]	(37.255, +0)	 lv_font_get_bitmap_fmt_txt: Compressed fonts is used but LV_USE_FONT_COMPRESSED is not enabled in lv_conf.h lv_font_fmt_txt.c:213
[Warn]	(37.256, +1)	 draw_letter_cb: Couldn't get the bitmap of a glyph lv_draw_sw_letter.c:174
[Warn]	(37.256, +0)	 lv_font_get_bitmap_fmt_txt: Compressed fonts is used but LV_USE_FONT_COMPRESSED is not enabled in lv_conf.h lv_font_fmt_txt.c:213
[Warn]	(37.256, +0)	 draw_letter_cb: Couldn't get the bitmap of a glyph lv_draw_sw_letter.c:174
[Warn]	(37.257, +1)	 lv_font_get_bitmap_fmt_txt: Compressed fonts is used but LV_USE_FONT_COMPRESSED is not enabled in lv_conf.h lv_font_fmt_txt.c:213
[Warn]	(37.257, +0)	 draw_letter_cb: Couldn't get the bitmap of a glyph lv_draw_sw_letter.c:174
[Warn]	(37.257, +0)	 lv_font_get_bitmap_fmt_txt: Compressed fonts is used but LV_USE_FONT_COMPRESSED is not enabled in lv_conf.h lv_font_fmt_txt.c:213
[Warn]	(37.257, +0)	 draw_letter_cb: Couldn't get the bitmap of a glyph lv_draw_sw_letter.c:174
[Warn]	(37.258, +1)	 lv_font_get_bitmap_fmt_txt: Compressed fonts is used but LV_USE_FONT_COMPRESSED is not enabled in lv_conf.h lv_font_fmt_txt.c:213
[Warn]	(37.258, +0)	 draw_letter_cb: Couldn't get the bitmap of a glyph lv_draw_sw_letter.c:174
[Warn]	(37.258, +0)	 lv_font_get_bitmap_fmt_txt: Compressed fonts is used but LV_USE_FONT_COMPRESSED is not enabled in lv_conf.h lv_font_fmt_txt.c:213
[Warn]	(37.259, +1)	 draw_letter_cb: Couldn't get the bitmap of a glyph lv_draw_sw_letter.c:174
I (40462) clare_s3: Creating meeting session...
I (40462) clare_net: Create session URL ready=1
I (40462) clare_net: HTTP before init free8=5998267 largest8=5898240 free_internal=74103 largest_internal=31744
I (43663) clare_net: HTTP response status=200 bytes=82 truncated=0
I (43665) clare_net: HTTP after cleanup free8=5998639 largest8=5898240
I (43667) clare_s3: Connecting transcription...
I (43668) clare_net: WS pre-start heap free8=5994507 largest8=5898240
I (43669) websocket_client: Started
I (46102) clare_net: WebSocket connected kind=0
I (46102) clare_s3: Listening - live notes on
I (46103) clare_s3: Listening - live notes on
[Warn]	(43.863, +6604)	 lv_font_get_bitmap_fmt_txt: Compressed fonts is used but LV_USE_FONT_COMPRESSED is not enabled in lv_conf.h lv_font_fmt_txt.c:213
[Warn]	(43.863, +0)	 draw_letter_cb: Couldn't get the bitmap of a glyph lv_draw_sw_letter.c:174
[Warn]	(43.864, +1)	 lv_font_get_bitmap_fmt_txt: Compressed fonts is used but LV_USE_FONT_COMPRESSED is not enabled in lv_conf.h lv_font_fmt_txt.c:213
[Warn]	(43.864, +0)	 draw_letter_cb: Couldn't get the bitmap of a glyph lv_draw_sw_letter.c:174
[Warn]	(43.864, +0)	 lv_font_get_bitmap_fmt_txt: Compressed fonts is used but LV_USE_FONT_COMPRESSED is not enabled in lv_conf.h lv_font_fmt_txt.c:213
[Warn]	(43.865, +1)	 draw_letter_cb: Couldn't get the bitmap of a glyph lv_draw_sw_letter.c:174
[Warn]	(43.865, +0)	 lv_font_get_bitmap_fmt_txt: Compressed fonts is used but LV_USE_FONT_COMPRESSED is not enabled in lv_conf.h lv_font_fmt_txt.c:213
[Warn]	(43.865, +0)	 draw_letter_cb: Couldn't get the bitmap of a glyph lv_draw_sw_letter.c:174
[Warn]	(43.866, +1)	 lv_font_get_bitmap_fmt_txt: Compressed fonts is used but LV_USE_FONT_COMPRESSED is not enabled in lv_conf.h lv_font_fmt_txt.c:213
[Warn]	(43.866, +0)	 draw_letter_cb: Couldn't get the bitmap of a glyph lv_draw_sw_letter.c:174
[Warn]	(43.866, +0)	 lv_font_get_bitmap_fmt_txt: Compressed fonts is used but LV_USE_FONT_COMPRESSED is not enabled in lv_conf.h lv_font_fmt_txt.c:213
[Warn]	(43.867, +1)	 draw_letter_cb: Couldn't get the bitmap of a glyph lv_draw_sw_letter.c:174
[Warn]	(43.869, +2)	 lv_font_get_bitmap_fmt_txt: Compressed fonts is used but LV_USE_FONT_COMPRESSED is not enabled in lv_conf.h lv_font_fmt_txt.c:213
[Warn]	(43.869, +0)	 draw_letter_cb: Couldn't get the bitmap of a glyph lv_draw_sw_letter.c:174
[Warn]	(43.869, +0)	 lv_font_get_bitmap_fmt_txt: Compressed fonts is used but LV_USE_FONT_COMPRESSED is not enabled in lv_conf.h lv_font_fmt_txt.c:213
[Warn]	(43.870, +1)	 draw_letter_cb: Couldn't get the bitmap of a glyph lv_draw_sw_letter.c:174
[Warn]	(43.870, +0)	 lv_font_get_bitmap_fmt_txt: Compressed fonts is used but LV_USE_FONT_COMPRESSED is not enabled in lv_conf.h lv_font_fmt_txt.c:213
[Warn]	(43.870, +0)	 draw_letter_cb: Couldn't get the bitmap of a glyph lv_draw_sw_letter.c:174
[Warn]	(43.871, +1)	 lv_font_get_bitmap_fmt_txt: Compressed fonts is used but LV_USE_FONT_COMPRESSED is not enabled in lv_conf.h lv_font_fmt_txt.c:213
[Warn]	(43.871, +0)	 draw_letter_cb: Couldn't get the bitmap of a glyph lv_draw_sw_letter.c:174
[Warn]	(43.871, +0)	 lv_font_get_bitmap_fmt_txt: Compressed fonts is used but LV_USE_FONT_COMPRESSED is not enabled in lv_conf.h lv_font_fmt_txt.c:213
[Warn]	(43.872, +1)	 draw_letter_cb: Couldn't get the bitmap of a glyph lv_draw_sw_letter.c:174
[Warn]	(43.872, +0)	 lv_font_get_bitmap_fmt_txt: Compressed fonts is used but LV_USE_FONT_COMPRESSED is not enabled in lv_conf.h lv_font_fmt_txt.c:213
[Warn]	(43.872, +0)	 draw_letter_cb: Couldn't get the bitmap of a glyph lv_draw_sw_letter.c:174
[Warn]	(43.872, +0)	 lv_font_get_bitmap_fmt_txt: Compressed fonts is used but LV_USE_FONT_COMPRESSED is not enabled in lv_conf.h lv_font_fmt_txt.c:213
[Warn]	(43.873, +1)	 draw_letter_cb: Couldn't get the bitmap of a glyph lv_draw_sw_letter.c:174
[Warn]	(43.873, +0)	 lv_font_get_bitmap_fmt_txt: Compressed fonts is used but LV_USE_FONT_COMPRESSED is not enabled in lv_conf.h lv_font_fmt_txt.c:213
[Warn]	(43.873, +0)	 draw_letter_cb: Couldn't get the bitmap of a glyph lv_draw_sw_letter.c:174
[Warn]	(43.874, +1)	 lv_font_get_bitmap_fmt_txt: Compressed fonts is used but LV_USE_FONT_COMPRESSED is not enabled in lv_conf.h lv_font_fmt_txt.c:213
[Warn]	(43.874, +0)	 draw_letter_cb: Couldn't get the bitmap of a glyph lv_draw_sw_letter.c:174
[Warn]	(43.874, +0)	 lv_font_get_bitmap_fmt_txt: Compressed fonts is used but LV_USE_FONT_COMPRESSED is not enabled in lv_conf.h lv_font_fmt_txt.c:213
[Warn]	(43.875, +1)	 draw_letter_cb: Couldn't get the bitmap of a glyph lv_draw_sw_letter.c:174
[Warn]	(43.875, +0)	 lv_font_get_bitmap_fmt_txt: Compressed fonts is used but LV_USE_FONT_COMPRESSED is not enabled in lv_conf.h lv_font_fmt_txt.c:213
[Warn]	(43.875, +0)	 draw_letter_cb: Couldn't get the bitmap of a glyph lv_draw_sw_letter.c:174
[Warn]	(43.876, +1)	 lv_font_get_bitmap_fmt_txt: Compressed fonts is used but LV_USE_FONT_COMPRESSED is not enabled in lv_conf.h lv_font_fmt_txt.c:213
[Warn]	(43.876, +0)	 draw_letter_cb: Couldn't get the bitmap of a glyph lv_draw_sw_letter.c:174
[Warn]	(43.876, +0)	 lv_font_get_bitmap_fmt_txt: Compressed fonts is used but LV_USE_FONT_COMPRESSED is not enabled in lv_conf.h lv_font_fmt_txt.c:213
[Warn]	(43.876, +0)	 draw_letter_cb: Couldn't get the bitmap of a glyph lv_draw_sw_letter.c:174
[Warn]	(43.877, +1)	 lv_font_get_bitmap_fmt_txt: Compressed fonts is used but LV_USE_FONT_COMPRESSED is not enabled in lv_conf.h lv_font_fmt_txt.c:213
[Warn]	(43.877, +0)	 draw_letter_cb: Couldn't get the bitmap of a glyph lv_draw_sw_letter.c:174
[Warn]	(43.877, +0)	 lv_font_get_bitmap_fmt_txt: Compressed fonts is used but LV_USE_FONT_COMPRESSED is not enabled in lv_conf.h lv_font_fmt_txt.c:213
[Warn]	(43.878, +1)	 draw_letter_cb: Couldn't get the bitmap of a glyph lv_draw_sw_letter.c:174
[Warn]	(43.878, +0)	 lv_font_get_bitmap_fmt_txt: Compressed fonts is used but LV_USE_FONT_COMPRESSED is not enabled in lv_conf.h lv_font_fmt_txt.c:213
[Warn]	(43.878, +0)	 draw_letter_cb: Couldn't get the bitmap of a glyph lv_draw_sw_letter.c:174
[Warn]	(43.879, +1)	 lv_font_get_bitmap_fmt_txt: Compressed fonts is used but LV_USE_FONT_COMPRESSED is not enabled in lv_conf.h lv_font_fmt_txt.c:213
[Warn]	(43.879, +0)	 draw_letter_cb: Couldn't get the bitmap of a glyph lv_draw_sw_letter.c:174
[Warn]	(43.879, +0)	 lv_font_get_bitmap_fmt_txt: Compressed fonts is used but LV_USE_FONT_COMPRESSED is not enabled in lv_conf.h lv_font_fmt_txt.c:213
[Warn]	(43.880, +1)	 draw_letter_cb: Couldn't get the bitmap of a glyph lv_draw_sw_letter.c:174
[Warn]	(43.880, +0)	 lv_font_get_bitmap_fmt_txt: Compressed fonts is used but LV_USE_FONT_COMPRESSED is not enabled in lv_conf.h lv_font_fmt_txt.c:213
[Warn]	(43.880, +0)	 draw_letter_cb: Couldn't get the bitmap of a glyph lv_draw_sw_letter.c:174
[Warn]	(43.881, +1)	 lv_font_get_bitmap_fmt_txt: Compressed fonts is used but LV_USE_FONT_COMPRESSED is not enabled in lv_conf.h lv_font_fmt_txt.c:213
[Warn]	(43.881, +0)	 draw_letter_cb: Couldn't get the bitmap of a glyph lv_draw_sw_letter.c:174
[Warn]	(43.881, +0)	 lv_font_get_bitmap_fmt_txt: Compressed fonts is used but LV_USE_FONT_COMPRESSED is not enabled in lv_conf.h lv_font_fmt_txt.c:213
[Warn]	(43.881, +0)	 draw_letter_cb: Couldn't get the bitmap of a glyph lv_draw_sw_letter.c:174
[Warn]	(43.882, +1)	 lv_font_get_bitmap_fmt_txt: Compressed fonts is used but LV_USE_FONT_COMPRESSED is not enabled in lv_conf.h lv_font_fmt_txt.c:213
[Warn]	(43.882, +0)	 draw_letter_cb: Couldn't get the bitmap of a glyph lv_draw_sw_letter.c:174
[Warn]	(43.882, +0)	 lv_font_get_bitmap_fmt_txt: Compressed fonts is used but LV_USE_FONT_COMPRESSED is not enabled in lv_conf.h lv_font_fmt_txt.c:213
[Warn]	(43.883, +1)	 draw_letter_cb: Couldn't get the bitmap of a glyph lv_draw_sw_letter.c:174
[Warn]	(43.883, +0)	 lv_font_get_bitmap_fmt_txt: Compressed fonts is used but LV_USE_FONT_COMPRESSED is not enabled in lv_conf.h lv_font_fmt_txt.c:213
[Warn]	(43.883, +0)	 draw_letter_cb: Couldn't get the bitmap of a glyph lv_draw_sw_letter.c:174
[Warn]	(43.884, +1)	 lv_font_get_bitmap_fmt_txt: Compressed fonts is used but LV_USE_FONT_COMPRESSED is not enabled in lv_conf.h lv_font_fmt_txt.c:213
[Warn]	(43.884, +0)	 draw_letter_cb: Couldn't get the bitmap of a glyph lv_draw_sw_letter.c:174
[Warn]	(43.884, +0)	 lv_font_get_bitmap_fmt_txt: Compressed fonts is used but LV_USE_FONT_COMPRESSED is not enabled in lv_conf.h lv_font_fmt_txt.c:213
[Warn]	(43.885, +1)	 draw_letter_cb: Couldn't get the bitmap of a glyph lv_draw_sw_letter.c:174
[Warn]	(43.885, +0)	 lv_font_get_bitmap_fmt_txt: Compressed fonts is used but LV_USE_FONT_COMPRESSED is not enabled in lv_conf.h lv_font_fmt_txt.c:213
[Warn]	(43.885, +0)	 draw_letter_cb: Couldn't get the bitmap of a glyph lv_draw_sw_letter.c:174
[Warn]	(43.885, +0)	 lv_font_get_bitmap_fmt_txt: Compressed fonts is used but LV_USE_FONT_COMPRESSED is not enabled in lv_conf.h lv_font_fmt_txt.c:213
[Warn]	(43.886, +1)	 draw_letter_cb: Couldn't get the bitmap of a glyph lv_draw_sw_letter.c:174
[Warn]	(43.886, +0)	 lv_font_get_bitmap_fmt_txt: Compressed fonts is used but LV_USE_FONT_COMPRESSED is not enabled in lv_conf.h lv_font_fmt_txt.c:213
[Warn]	(43.886, +0)	 draw_letter_cb: Couldn't get the bitmap of a glyph lv_draw_sw_letter.c:174
[Warn]	(43.887, +1)	 lv_font_get_bitmap_fmt_txt: Compressed fonts is used but LV_USE_FONT_COMPRESSED is not enabled in lv_conf.h lv_font_fmt_txt.c:213
[Warn]	(43.887, +0)	 draw_letter_cb: Couldn't get the bitmap of a glyph lv_draw_sw_letter.c:174
[Warn]	(43.887, +0)	 lv_font_get_bitmap_fmt_txt: Compressed fonts is used but LV_USE_FONT_COMPRESSED is not enabled in lv_conf.h lv_font_fmt_txt.c:213
[Warn]	(43.888, +1)	 draw_letter_cb: Couldn't get the bitmap of a glyph lv_draw_sw_letter.c:174
[Warn]	(43.888, +0)	 lv_font_get_bitmap_fmt_txt: Compressed fonts is used but LV_USE_FONT_COMPRESSED is not enabled in lv_conf.h lv_font_fmt_txt.c:213
[Warn]	(43.888, +0)	 draw_letter_cb: Couldn't get the bitmap of a glyph lv_draw_sw_letter.c:174
I (46150) clare_s3: Audio stream started
[Warn]	(69.270, +25382)	 lv_font_get_bitmap_fmt_txt: Compressed fonts is used but LV_USE_FONT_COMPRESSED is not enabled in lv_conf.h lv_font_fmt_txt.c:213
[Warn]	(69.270, +0)	 draw_letter_cb: Couldn't get the bitmap of a glyph lv_draw_sw_letter.c:174
[Warn]	(69.303, +33)	 lv_font_get_bitmap_fmt_txt: Compressed fonts is used but LV_USE_FONT_COMPRESSED is not enabled in lv_conf.h lv_font_fmt_txt.c:213
[Warn]	(69.303, +0)	 draw_letter_cb: Couldn't get the bitmap of a glyph lv_draw_sw_letter.c:174
[Warn]	(70.017, +714)	 lv_font_get_bitmap_fmt_txt: Compressed fonts is used but LV_USE_FONT_COMPRESSED is not enabled in lv_conf.h lv_font_fmt_txt.c:213
[Warn]	(70.017, +0)	 draw_letter_cb: Couldn't get the bitmap of a glyph lv_draw_sw_letter.c:174
[Warn]	(70.048, +31)	 lv_font_get_bitmap_fmt_txt: Compressed fonts is used but LV_USE_FONT_COMPRESSED is not enabled in lv_conf.h lv_font_fmt_txt.c:213
[Warn]	(70.048, +0)	 draw_letter_cb: Couldn't get the bitmap of a glyph lv_draw_sw_letter.c:174
[Warn]	(70.079, +31)	 lv_font_get_bitmap_fmt_txt: Compressed fonts is used but LV_USE_FONT_COMPRESSED is not enabled in lv_conf.h lv_font_fmt_txt.c:213
[Warn]	(70.079, +0)	 draw_letter_cb: Couldn't get the bitmap of a glyph lv_draw_sw_letter.c:174
Guru Meditation Error: Core  1 panic'ed (LoadProhibited). Exception was unhandled.

Core  1 register dump:
PC      : 0x40056ece  PS      : 0x00060f30  A0      : 0x82079988  A1      : 0x3fcc0d10  
A2      : 0x00000000  A3      : 0x3c25b2cc  A4      : 0x00000008  A5      : 0x00060f23  
A6      : 0x00000001  A7      : 0x3fcbd268  A8      : 0x00000002  A9      : 0x3fcc0cd0  
A10     : 0x3c265720  A11     : 0x00001155  A12     : 0x00000404  A13     : 0x00060f23  
A14     : 0xfffffffc  A15     : 0x00000001  SAR     : 0x00000018  EXCCAUSE: 0x0000001c  
EXCVADDR: 0x00000000  LBEG    : 0x40056fc5  LEND    : 0x40056fe7  LCOUNT  : 0xffffffff  


Backtrace: 0x40056ecb:0x3fcc0d10 0x42079985:0x3fcc0d30 0x4207ae59:0x3fcc0d50 0x4207d756:0x3fcc0d70 0x420750f7:0x3fcc0d90 0x420f3b86:0x3fcc0db0 0x42076091:0x3fcc0dd0 0x420f3cf9:0x3fcc0e10 0x42076e4d:0x3fcc0e30 0x42076f63:0x3fcc0e60 0x42054667:0x3fcc0e80 0x4205528d:0x3fcc0ec0 0x4200c43d:0x3fcc0ee0 0x4200c67f:0x3fcc0f00 0x4200c7b7:0x3fcc0f50 0x4200dcef:0x3fcc0f70 0x4200a6c7:0x3fcc0f90




ELF file SHA256: 28a14366213352dd

Rebooting...
ESP-ROM:esp32s3-20210327
Build:Mar 27 2021
rst:0xc (RTC_SW_CPU_RST),boot:0x2b (SPI_FAST_FLASH_BOOT)
Saved PC:0x40399efe
SPIWP:0xee
mode:DIO, clock div:1
load:0x3fce2820,len:0x16a4
load:0x403c8700,len:0xe80
load:0x403cb700,len:0x3188
entry 0x403c8948
I (24) boot: ESP-IDF v5.5.3 2nd stage bootloader
I (24) boot: compile time Aug 29 2026 07:03:04
I (24) boot: Multicore bootloader
I (25) boot: chip revision: v0.2
I (25) boot: efuse block revision: v1.3
I (25) qio_mode: Enabling default flash chip QIO
I (25) boot.esp32s3: Boot SPI Speed : 80MHz
I (25) boot.esp32s3: SPI Mode       : QIO
I (25) boot.esp32s3: SPI Flash Size : 32MB
I (26) boot: Enabling RNG early entropy source...
I (26) boot: Partition Table:
I (26) boot: ## Label            Usage          Type ST Offset   Length
I (26) boot:  0 nvs              WiFi data        01 02 00009000 00006000
I (27) boot:  1 phy_init         RF data          01 01 0000f000 00001000
I (27) boot:  2 factory          factory app      00 00 00010000 00600000
I (27) boot:  3 storage          Unknown data     01 82 00610000 00300000
I (28) boot: End of partition table
I (28) esp_image: segment 0: paddr=00010020 vaddr=3c110020 size=12f21ch (1241628) map
I (214) esp_image: segment 1: paddr=0013f244 vaddr=3fcb4400 size=00dd4h (  3540) load
I (215) esp_image: segment 2: paddr=00140020 vaddr=42000020 size=102d78h (1060216) map
I (373) esp_image: segment 3: paddr=00242da0 vaddr=3fcb51d4 size=049f8h ( 18936) load
I (377) esp_image: segment 4: paddr=002477a0 vaddr=40374000 size=30310h (197392) load
I (415) esp_image: segment 5: paddr=00277ab8 vaddr=50000000 size=00020h (    32) load
I (433) boot: Loaded app from partition at offset 0x10000
I (433) boot: Disabling RNG early entropy source...
I (434) octal_psram: vendor id    : 0x0d (AP)
I (434) octal_psram: dev id       : 0x02 (generation 3)
I (434) octal_psram: density      : 0x03 (64 Mbit)
I (434) octal_psram: good-die     : 0x01 (Pass)
I (435) octal_psram: Latency      : 0x01 (Fixed)
I (435) octal_psram: VCC          : 0x01 (3V)
I (435) octal_psram: SRF          : 0x01 (Fast Refresh)
I (435) octal_psram: BurstType    : 0x01 (Hybrid Wrap)
I (435) octal_psram: BurstLen     : 0x01 (32 Byte)
I (436) octal_psram: Readlatency  : 0x02 (10 cycles@Fixed)
I (436) octal_psram: DriveStrength: 0x00 (1/1)
I (436) MSPI Timing: Enter psram timing tuning
I (437) esp_psram: Found 8MB PSRAM device
I (437) esp_psram: Speed: 80MHz
I (506) mmu_psram: Read only data copied and mapped to SPIRAM
I (579) mmu_psram: Instructions copied and mapped to SPIRAM
I (579) cpu_start: Multicore app
I (784) esp_psram: SPI SRAM memory test OK
I (792) cpu_start: Pro cpu start user code
I (792) cpu_start: cpu freq: 240000000 Hz
I (793) app_init: Application information:
I (793) app_init: Project name:     Clare_S3
I (793) app_init: App version:      3e09a44-dirty
I (793) app_init: Compile time:     Aug 29 2026 12:58:24
I (793) app_init: ELF file SHA256:  28a14366213352dd...
I (793) app_init: ESP-IDF:          v5.5.3
I (793) efuse_init: Min chip rev:     v0.0
I (794) efuse_init: Max chip rev:     v0.99 
I (794) efuse_init: Chip rev:         v0.2
I (794) heap_init: Initializing. RAM available for dynamic allocation:
I (794) heap_init: At 3FCBCE00 len 0002C910 (178 KiB): RAM
I (794) heap_init: At 3FCE9710 len 00005724 (21 KiB): RAM
I (794) heap_init: At 3FCF0000 len 00008000 (32 KiB): DRAM
I (795) heap_init: At 600FE000 len 00001FE8 (7 KiB): RTCRAM
I (795) esp_psram: Adding pool of 5875K of PSRAM memory to heap allocator
I (795) esp_psram: Adding pool of 3K of PSRAM memory gap generated due to end address alignment of drom to the heap allocator
I (795) spi_flash: detected chip: gd
I (796) spi_flash: flash io: qio
I (796) sleep_gpio: Configure to isolate all GPIO pins in sleep state
I (796) sleep_gpio: Enable automatic switching of GPIO sleep configuration
I (797) main_task: Started on CPU0
I (798) esp_psram: Reserving pool of 32K of internal memory for DMA/internal allocations
I (798) main_task: Calling app_main()
I (798) clare_s3: Clare S3 starting
I (805) axp2101: Init PMU SUCCESS!
I (812) DisplayPort: SPI BUS init
I (812) DisplayPort: Install panel IO
I (813) co5300: version: 2.1.0
I (813) co5300_spi: LCD panel create success, version: 2.1.0
W (973) co5300_spi: The 3Ah command has been used and will be overwritten by external initialization sequence
I (2247) CST9217: Checkcode: 0x204ECACA
I (2249) CST9217: Resolution X: 466, Y: 466
I (2251) CST9217: Chip Type: 0x9217, ProjectID: 0x5734
I (2251) esp_lvgl:adapter: LVGL adapter initialized successfully
I (2254) esp_lvgl:touch: Touch input device registered successfully (IRQ mode: enabled)
I (2285) esp_lvgl:adapter: LVGL task started successfully
i2c: {sda: 15, scl: 14}
i2s: {mclk: 16, bclk: 9, ws: 45, din: 10, dout: 8}
out: {codec: ES8311, pa: 46, pa_gain: 6, use_mclk: 1}
Codec 0 dir 2 type:1
in: {codec: ES7210}
Codec 1 dir 1 type:2
I (2286) CODEC_INIT: in:1 out:1 port: 1
I (2286) CODEC_INIT: Success to int i2c: 0
I (2286) CODEC_INIT: Init i2s 0 type: 3 mclk:16 bclk:9 ws:45 din:10 dout:8
I (2286) CODEC_INIT: tx:0x3c246100 rx:0x3c2462bc
W (2287) i2s_tdm: the current mclk multiple is too small, adjust the mclk multiple to 384
I (2287) CODEC_INIT: output init tdm ret 0
W (2288) i2s_tdm: the current mclk multiple is too small, adjust the mclk multiple to 384
I (2288) CODEC_INIT: Input init tdm ret 0
I (2288) CODEC_INIT: Init i2s 0 ok
I (2288) CODEC_INIT: Success to init i2s: 0
I (2288) CODEC_INIT: Success to int i2c: 0
I (2288) CODEC_INIT: Success to init i2s: 0
I (2289) CODEC_INIT: Get out handle 0x3c246100 port 0
I (2294) ES8311: Work in Slave mode
I (2300) ES7210: Work in Slave mode
I (2306) ES7210: Enable ES7210_INPUT_MIC1
I (2309) ES7210: Enable ES7210_INPUT_MIC2
I (2312) ES7210: Enable ES7210_INPUT_MIC3
I (2315) ES7210: Enable ES7210_INPUT_MIC4
I (2318) ES7210: Enable TDM mode
I (2325) I2S_IF: channel mode 2 bits:16/16 channel:2 mask:3
I (2326) I2S_IF: TDM Mode 1 bits:16/16 channel:2 sample_rate:16000 mask:3
I (2341) Adev_Codec: Open codec device OK
I (2341) I2S_IF: channel mode 2 bits:16/16 channel:2 mask:3
I (2341) I2S_IF: TDM Mode 0 bits:16/16 channel:2 sample_rate:16000 mask:3
I (2342) ES7210: Bits 8
I (2349) ES7210: Enable ES7210_INPUT_MIC1
I (2352) ES7210: Enable ES7210_INPUT_MIC2
I (2355) ES7210: Enable ES7210_INPUT_MIC3
I (2358) ES7210: Enable ES7210_INPUT_MIC4
I (2361) ES7210: Enable TDM mode
I (2367) ES7210: Unmuted
I (2367) Adev_Codec: Open codec device OK
I (2367) Adev_Codec: Input already open
I (2367) Adev_Codec: Input already open
I (2376) clare_audio: ALC ready: 16000 Hz mono PCM16, gain 6 dB
I (2476) pp: pp rom version: e7ae62f
I (2476) net80211: net80211 rom version: e7ae62f
I (2477) wifi:wifi driver task: 3fcdcf24, prio:23, stack:6656, core=0
I (2481) wifi:wifi firmware version: 4df78f2
I (2481) wifi:wifi certification version: v7.0
I (2481) wifi:config NVS flash: enabled
I (2481) wifi:config nano formatting: disabled
I (2481) wifi:Init data frame dynamic rx buffer num: 32
I (2481) wifi:Init dynamic rx mgmt buffer num: 5
I (2482) wifi:Init management short buffer num: 32
I (2482) wifi:Init static tx buffer num: 16
I (2483) wifi:Init tx cache buffer num: 32
I (2483) wifi:Init static tx FG buffer num: 2
I (2483) wifi:Init static rx buffer size: 1600
I (2483) wifi:Init static rx buffer num: 16
I (2483) wifi:Init dynamic rx buffer num: 32
I (2484) wifi_init: rx ba win: 6
I (2484) wifi_init: accept mbox: 6
I (2484) wifi_init: tcpip mbox: 32
I (2484) wifi_init: udp mbox: 6
I (2484) wifi_init: tcp mbox: 10
I (2484) wifi_init: tcp tx win: 65535
I (2485) wifi_init: tcp rx win: 5760
I (2485) wifi_init: tcp mss: 1440
I (2485) wifi_init: WiFi/LWIP prefer SPIRAM
W (2485) wifi:Password length matches WPA2 standards, authmode threshold changes from OPEN to WPA2
I (2486) phy_init: phy_version 711,97bcf0a2,Aug 25 2025,19:04:10
I (2516) wifi:mode : sta (10:20:ba:3d:34:b8)
I (2516) wifi:enable tsf
I (2518) clare_net: Wi-Fi protocols limited to 11b/g/n mask=0x07
I (2519) wifi:Set ps type: 0, coexist: 0

I (2519) clare_s3: Clare UI ready; touch the Clare tile
I (2519) main_task: Returned from app_main()
I (2527) wifi:new:<6,1>, old:<1,0>, ap:<255,255>, sta:<6,1>, prof:1, snd_ch_cfg:0x0
I (2528) wifi:state: init -> auth (0xb0)
I (2534) wifi:state: auth -> assoc (0x0)
I (2542) wifi:state: assoc -> run (0x10)
I (2560) wifi:connected with LDKJ, aid = 2, channel 6, 40U, bssid = 50:fe:39:e6:47:92
I (2561) wifi:security: WPA2-PSK, phy: bgn, rssi: -37
I (2562) wifi:pm start, type: 0

I (2562) wifi:dp: 1, bi: 102400, li: 3, scale listen interval from 307200 us to 307200 us
I (2562) wifi:set rx beacon pti, rx_bcn_pti: 0, bcn_timeout: 25000, mt_pti: 0, mt_time: 10000
I (2570) wifi:<ba-add>idx:0 (ifx:0, 50:fe:39:e6:47:92), tid:0, ssn:0, winSize:64
I (2592) wifi:AP's beacon interval = 102400 us, DTIM period = 1
I (3596) esp_netif_handlers: sta ip: 192.168.31.124, mask: 255.255.255.0, gw: 192.168.31.1
I (3596) clare_net: DHCP DNS main=192.168.31.1
I (6981) wifi:<ba-add>idx:1 (ifx:0, 50:fe:39:e6:47:92), tid:6, ssn:2, winSize:64
I (10519) clare_s3: Boot network self-test begin
I (10519) clare_net: Create session URL ready=1
I (10519) clare_net: HTTP before init free8=6000179 largest8=5898240 free_internal=74551 largest_internal=31744
I (14697) clare_net: HTTP response status=200 bytes=82 truncated=0
I (14698) clare_net: HTTP after cleanup free8=5999467 largest8=5898240
I (14699) clare_s3: Boot network self-test session err=0 (attempt 1/4)
I (14699) clare_net: WS pre-start heap free8=5996307 largest8=5898240
I (14701) websocket_client: Started
[Warn]	(14.413, +14413)	 lv_font_get_bitmap_fmt_txt: Compressed fonts is used but LV_USE_FONT_COMPRESSED is not enabled in lv_conf.h lv_font_fmt_txt.c:213
[Warn]	(14.414, +1)	 draw_letter_cb: Couldn't get the bitmap of a glyph lv_draw_sw_letter.c:174
[Warn]	(14.414, +0)	 lv_font_get_bitmap_fmt_txt: Compressed fonts is used but LV_USE_FONT_COMPRESSED is not enabled in lv_conf.h lv_font_fmt_txt.c:213
[Warn]	(14.414, +0)	 draw_letter_cb: Couldn't get the bitmap of a glyph lv_draw_sw_letter.c:174
[Warn]	(14.415, +1)	 lv_font_get_bitmap_fmt_txt: Compressed fonts is used but LV_USE_FONT_COMPRESSED is not enabled in lv_conf.h lv_font_fmt_txt.c:213
[Warn]	(14.415, +0)	 draw_letter_cb: Couldn't get the bitmap of a glyph lv_draw_sw_letter.c:174
[Warn]	(14.415, +0)	 lv_font_get_bitmap_fmt_txt: Compressed fonts is used but LV_USE_FONT_COMPRESSED is not enabled in lv_conf.h lv_font_fmt_txt.c:213
[Warn]	(14.416, +1)	 draw_letter_cb: Couldn't get the bitmap of a glyph lv_draw_sw_letter.c:174
[Warn]	(14.416, +0)	 lv_font_get_bitmap_fmt_txt: Compressed fonts is used but LV_USE_FONT_COMPRESSED is not enabled in lv_conf.h lv_font_fmt_txt.c:213
[Warn]	(14.416, +0)	 draw_letter_cb: Couldn't get the bitmap of a glyph lv_draw_sw_letter.c:174
[Warn]	(14.417, +1)	 lv_font_get_bitmap_fmt_txt: Compressed fonts is used but LV_USE_FONT_COMPRESSED is not enabled in lv_conf.h lv_font_fmt_txt.c:213
[Warn]	(14.417, +0)	 draw_letter_cb: Couldn't get the bitmap of a glyph lv_draw_sw_letter.c:174
[Warn]	(14.417, +0)	 lv_font_get_bitmap_fmt_txt: Compressed fonts is used but LV_USE_FONT_COMPRESSED is not enabled in lv_conf.h lv_font_fmt_txt.c:213
[Warn]	(14.418, +1)	 draw_letter_cb: Couldn't get the bitmap of a glyph lv_draw_sw_letter.c:174
[Warn]	(14.418, +0)	 lv_font_get_bitmap_fmt_txt: Compressed fonts is used but LV_USE_FONT_COMPRESSED is not enabled in lv_conf.h lv_font_fmt_txt.c:213
[Warn]	(14.418, +0)	 draw_letter_cb: Couldn't get the bitmap of a glyph lv_draw_sw_letter.c:174
[Warn]	(14.418, +0)	 lv_font_get_bitmap_fmt_txt: Compressed fonts is used but LV_USE_FONT_COMPRESSED is not enabled in lv_conf.h lv_font_fmt_txt.c:213
[Warn]	(14.419, +1)	 draw_letter_cb: Couldn't get the bitmap of a glyph lv_draw_sw_letter.c:174
[Warn]	(14.419, +0)	 lv_font_get_bitmap_fmt_txt: Compressed fonts is used but LV_USE_FONT_COMPRESSED is not enabled in lv_conf.h lv_font_fmt_txt.c:213
[Warn]	(14.419, +0)	 draw_letter_cb: Couldn't get the bitmap of a glyph lv_draw_sw_letter.c:174
[Warn]	(14.420, +1)	 lv_font_get_bitmap_fmt_txt: Compressed fonts is used but LV_USE_FONT_COMPRESSED is not enabled in lv_conf.h lv_font_fmt_txt.c:213
[Warn]	(14.420, +0)	 draw_letter_cb: Couldn't get the bitmap of a glyph lv_draw_sw_letter.c:174
[Warn]	(14.420, +0)	 lv_font_get_bitmap_fmt_txt: Compressed fonts is used but LV_USE_FONT_COMPRESSED is not enabled in lv_conf.h lv_font_fmt_txt.c:213
[Warn]	(14.421, +1)	 draw_letter_cb: Couldn't get the bitmap of a glyph lv_draw_sw_letter.c:174
[Warn]	(14.421, +0)	 lv_font_get_bitmap_fmt_txt: Compressed fonts is used but LV_USE_FONT_COMPRESSED is not enabled in lv_conf.h lv_font_fmt_txt.c:213
[Warn]	(14.421, +0)	 draw_letter_cb: Couldn't get the bitmap of a glyph lv_draw_sw_letter.c:174
[Warn]	(14.422, +1)	 lv_font_get_bitmap_fmt_txt: Compressed fonts is used but LV_USE_FONT_COMPRESSED is not enabled in lv_conf.h lv_font_fmt_txt.c:213
[Warn]	(14.422, +0)	 draw_letter_cb: Couldn't get the bitmap of a glyph lv_draw_sw_letter.c:174
[Warn]	(14.422, +0)	 lv_font_get_bitmap_fmt_txt: Compressed fonts is used but LV_USE_FONT_COMPRESSED is not enabled in lv_conf.h lv_font_fmt_txt.c:213
[Warn]	(14.422, +0)	 draw_letter_cb: Couldn't get the bitmap of a glyph lv_draw_sw_letter.c:174
[Warn]	(14.423, +1)	 lv_font_get_bitmap_fmt_txt: Compressed fonts is used but LV_USE_FONT_COMPRESSED is not enabled in lv_conf.h lv_font_fmt_txt.c:213
[Warn]	(14.423, +0)	 draw_letter_cb: Couldn't get the bitmap of a glyph lv_draw_sw_letter.c:174
[Warn]	(14.423, +0)	 lv_font_get_bitmap_fmt_txt: Compressed fonts is used but LV_USE_FONT_COMPRESSED is not enabled in lv_conf.h lv_font_fmt_txt.c:213
[Warn]	(14.424, +1)	 draw_letter_cb: Couldn't get the bitmap of a glyph lv_draw_sw_letter.c:174
[Warn]	(14.424, +0)	 lv_font_get_bitmap_fmt_txt: Compressed fonts is used but LV_USE_FONT_COMPRESSED is not enabled in lv_conf.h lv_font_fmt_txt.c:213
[Warn]	(14.424, +0)	 draw_letter_cb: Couldn't get the bitmap of a glyph lv_draw_sw_letter.c:174
[Warn]	(14.425, +1)	 lv_font_get_bitmap_fmt_txt: Compressed fonts is used but LV_USE_FONT_COMPRESSED is not enabled in lv_conf.h lv_font_fmt_txt.c:213
[Warn]	(14.425, +0)	 draw_letter_cb: Couldn't get the bitmap of a glyph lv_draw_sw_letter.c:174
[Warn]	(14.425, +0)	 lv_font_get_bitmap_fmt_txt: Compressed fonts is used but LV_USE_FONT_COMPRESSED is not enabled in lv_conf.h lv_font_fmt_txt.c:213
[Warn]	(14.426, +1)	 draw_letter_cb: Couldn't get the bitmap of a glyph lv_draw_sw_letter.c:174
[Warn]	(14.426, +0)	 lv_font_get_bitmap_fmt_txt: Compressed fonts is used but LV_USE_FONT_COMPRESSED is not enabled in lv_conf.h lv_font_fmt_txt.c:213
[Warn]	(14.426, +0)	 draw_letter_cb: Couldn't get the bitmap of a glyph lv_draw_sw_letter.c:174
[Warn]	(14.426, +0)	 lv_font_get_bitmap_fmt_txt: Compressed fonts is used but LV_USE_FONT_COMPRESSED is not enabled in lv_conf.h lv_font_fmt_txt.c:213
[Warn]	(14.427, +1)	 draw_letter_cb: Couldn't get the bitmap of a glyph lv_draw_sw_letter.c:174
[Warn]	(14.427, +0)	 lv_font_get_bitmap_fmt_txt: Compressed fonts is used but LV_USE_FONT_COMPRESSED is not enabled in lv_conf.h lv_font_fmt_txt.c:213
[Warn]	(14.428, +1)	 draw_letter_cb: Couldn't get the bitmap of a glyph lv_draw_sw_letter.c:174
[Warn]	(14.428, +0)	 lv_font_get_bitmap_fmt_txt: Compressed fonts is used but LV_USE_FONT_COMPRESSED is not enabled in lv_conf.h lv_font_fmt_txt.c:213
[Warn]	(14.428, +0)	 draw_letter_cb: Couldn't get the bitmap of a glyph lv_draw_sw_letter.c:174
[Warn]	(14.429, +1)	 lv_font_get_bitmap_fmt_txt: Compressed fonts is used but LV_USE_FONT_COMPRESSED is not enabled in lv_conf.h lv_font_fmt_txt.c:213
[Warn]	(14.429, +0)	 draw_letter_cb: Couldn't get the bitmap of a glyph lv_draw_sw_letter.c:174
[Warn]	(14.434, +5)	 lv_font_get_bitmap_fmt_txt: Compressed fonts is used but LV_USE_FONT_COMPRESSED is not enabled in lv_conf.h lv_font_fmt_txt.c:213
[Warn]	(14.434, +0)	 draw_letter_cb: Couldn't get the bitmap of a glyph lv_draw_sw_letter.c:174
[Warn]	(14.435, +1)	 lv_font_get_bitmap_fmt_txt: Compressed fonts is used but LV_USE_FONT_COMPRESSED is not enabled in lv_conf.h lv_font_fmt_txt.c:213
[Warn]	(14.435, +0)	 draw_letter_cb: Couldn't get the bitmap of a glyph lv_draw_sw_letter.c:174
[Warn]	(14.435, +0)	 lv_font_get_bitmap_fmt_txt: Compressed fonts is used but LV_USE_FONT_COMPRESSED is not enabled in lv_conf.h lv_font_fmt_txt.c:213
[Warn]	(14.435, +0)	 draw_letter_cb: Couldn't get the bitmap of a glyph lv_draw_sw_letter.c:174
[Warn]	(14.436, +1)	 lv_font_get_bitmap_fmt_txt: Compressed fonts is used but LV_USE_FONT_COMPRESSED is not enabled in lv_conf.h lv_font_fmt_txt.c:213
[Warn]	(14.436, +0)	 draw_letter_cb: Couldn't get the bitmap of a glyph lv_draw_sw_letter.c:174
[Warn]	(14.436, +0)	 lv_font_get_bitmap_fmt_txt: Compressed fonts is used but LV_USE_FONT_COMPRESSED is not enabled in lv_conf.h lv_font_fmt_txt.c:213
[Warn]	(14.437, +1)	 draw_letter_cb: Couldn't get the bitmap of a glyph lv_draw_sw_letter.c:174
[Warn]	(14.437, +0)	 lv_font_get_bitmap_fmt_txt: Compressed fonts is used but LV_USE_FONT_COMPRESSED is not enabled in lv_conf.h lv_font_fmt_txt.c:213
[Warn]	(14.437, +0)	 draw_letter_cb: Couldn't get the bitmap of a glyph lv_draw_sw_letter.c:174
[Warn]	(14.438, +1)	 lv_font_get_bitmap_fmt_txt: Compressed fonts is used but LV_USE_FONT_COMPRESSED is not enabled in lv_conf.h lv_font_fmt_txt.c:213
[Warn]	(14.438, +0)	 draw_letter_cb: Couldn't get the bitmap of a glyph lv_draw_sw_letter.c:174
[Warn]	(14.438, +0)	 lv_font_get_bitmap_fmt_txt: Compressed fonts is used but LV_USE_FONT_COMPRESSED is not enabled in lv_conf.h lv_font_fmt_txt.c:213
[Warn]	(14.439, +1)	 draw_letter_cb: Couldn't get the bitmap of a glyph lv_draw_sw_letter.c:174
[Warn]	(14.439, +0)	 lv_font_get_bitmap_fmt_txt: Compressed fonts is used but LV_USE_FONT_COMPRESSED is not enabled in lv_conf.h lv_font_fmt_txt.c:213
[Warn]	(14.439, +0)	 draw_letter_cb: Couldn't get the bitmap of a glyph lv_draw_sw_letter.c:174
[Warn]	(14.439, +0)	 lv_font_get_bitmap_fmt_txt: Compressed fonts is used but LV_USE_FONT_COMPRESSED is not enabled in lv_conf.h lv_font_fmt_txt.c:213
[Warn]	(14.440, +1)	 draw_letter_cb: Couldn't get the bitmap of a glyph lv_draw_sw_letter.c:174
[Warn]	(14.440, +0)	 lv_font_get_bitmap_fmt_txt: Compressed fonts is used but LV_USE_FONT_COMPRESSED is not enabled in lv_conf.h lv_font_fmt_txt.c:213
[Warn]	(14.440, +0)	 draw_letter_cb: Couldn't get the bitmap of a glyph lv_draw_sw_letter.c:174
[Warn]	(14.441, +1)	 lv_font_get_bitmap_fmt_txt: Compressed fonts is used but LV_USE_FONT_COMPRESSED is not enabled in lv_conf.h lv_font_fmt_txt.c:213
[Warn]	(14.441, +0)	 draw_letter_cb: Couldn't get the bitmap of a glyph lv_draw_sw_letter.c:174
[Warn]	(14.441, +0)	 lv_font_get_bitmap_fmt_txt: Compressed fonts is used but LV_USE_FONT_COMPRESSED is not enabled in lv_conf.h lv_font_fmt_txt.c:213
[Warn]	(14.442, +1)	 draw_letter_cb: Couldn't get the bitmap of a glyph lv_draw_sw_letter.c:174
[Warn]	(14.442, +0)	 lv_font_get_bitmap_fmt_txt: Compressed fonts is used but LV_USE_FONT_COMPRESSED is not enabled in lv_conf.h lv_font_fmt_txt.c:213
[Warn]	(14.442, +0)	 draw_letter_cb: Couldn't get the bitmap of a glyph lv_draw_sw_letter.c:174
[Warn]	(14.443, +1)	 lv_font_get_bitmap_fmt_txt: Compressed fonts is used but LV_USE_FONT_COMPRESSED is not enabled in lv_conf.h lv_font_fmt_txt.c:213
[Warn]	(14.443, +0)	 draw_letter_cb: Couldn't get the bitmap of a glyph lv_draw_sw_letter.c:174
[Warn]	(14.443, +0)	 lv_font_get_bitmap_fmt_txt: Compressed fonts is used but LV_USE_FONT_COMPRESSED is not enabled in lv_conf.h lv_font_fmt_txt.c:213
[Warn]	(14.443, +0)	 draw_letter_cb: Couldn't get the bitmap of a glyph lv_draw_sw_letter.c:174
[Warn]	(14.444, +1)	 lv_font_get_bitmap_fmt_txt: Compressed fonts is used but LV_USE_FONT_COMPRESSED is not enabled in lv_conf.h lv_font_fmt_txt.c:213
[Warn]	(14.444, +0)	 draw_letter_cb: Couldn't get the bitmap of a glyph lv_draw_sw_letter.c:174
[Warn]	(14.444, +0)	 lv_font_get_bitmap_fmt_txt: Compressed fonts is used but LV_USE_FONT_COMPRESSED is not enabled in lv_conf.h lv_font_fmt_txt.c:213
[Warn]	(14.445, +1)	 draw_letter_cb: Couldn't get the bitmap of a glyph lv_draw_sw_letter.c:174
[Warn]	(14.445, +0)	 lv_font_get_bitmap_fmt_txt: Compressed fonts is used but LV_USE_FONT_COMPRESSED is not enabled in lv_conf.h lv_font_fmt_txt.c:213
[Warn]	(14.445, +0)	 draw_letter_cb: Couldn't get the bitmap of a glyph lv_draw_sw_letter.c:174
[Warn]	(14.446, +1)	 lv_font_get_bitmap_fmt_txt: Compressed fonts is used but LV_USE_FONT_COMPRESSED is not enabled in lv_conf.h lv_font_fmt_txt.c:213
[Warn]	(14.446, +0)	 draw_letter_cb: Couldn't get the bitmap of a glyph lv_draw_sw_letter.c:174
[Warn]	(14.446, +0)	 lv_font_get_bitmap_fmt_txt: Compressed fonts is used but LV_USE_FONT_COMPRESSED is not enabled in lv_conf.h lv_font_fmt_txt.c:213
[Warn]	(14.447, +1)	 draw_letter_cb: Couldn't get the bitmap of a glyph lv_draw_sw_letter.c:174
[Warn]	(14.447, +0)	 lv_font_get_bitmap_fmt_txt: Compressed fonts is used but LV_USE_FONT_COMPRESSED is not enabled in lv_conf.h lv_font_fmt_txt.c:213
[Warn]	(14.447, +0)	 draw_letter_cb: Couldn't get the bitmap of a glyph lv_draw_sw_letter.c:174
[Warn]	(14.447, +0)	 lv_font_get_bitmap_fmt_txt: Compressed fonts is used but LV_USE_FONT_COMPRESSED is not enabled in lv_conf.h lv_font_fmt_txt.c:213
[Warn]	(14.448, +1)	 draw_letter_cb: Couldn't get the bitmap of a glyph lv_draw_sw_letter.c:174
[Warn]	(14.448, +0)	 lv_font_get_bitmap_fmt_txt: Compressed fonts is used but LV_USE_FONT_COMPRESSED is not enabled in lv_conf.h lv_font_fmt_txt.c:213
[Warn]	(14.448, +0)	 draw_letter_cb: Couldn't get the bitmap of a glyph lv_draw_sw_letter.c:174
[Warn]	(14.449, +1)	 lv_font_get_bitmap_fmt_txt: Compressed fonts is used but LV_USE_FONT_COMPRESSED is not enabled in lv_conf.h lv_font_fmt_txt.c:213
[Warn]	(14.449, +0)	 draw_letter_cb: Couldn't get the bitmap of a glyph lv_draw_sw_letter.c:174
[Warn]	(14.449, +0)	 lv_font_get_bitmap_fmt_txt: Compressed fonts is used but LV_USE_FONT_COMPRESSED is not enabled in lv_conf.h lv_font_fmt_txt.c:213
[Warn]	(14.450, +1)	 draw_letter_cb: Couldn't get the bitmap of a glyph lv_draw_sw_letter.c:174
[Warn]	(14.450, +0)	 lv_font_get_bitmap_fmt_txt: Compressed fonts is used but LV_USE_FONT_COMPRESSED is not enabled in lv_conf.h lv_font_fmt_txt.c:213
[Warn]	(14.450, +0)	 draw_letter_cb: Couldn't get the bitmap of a glyph lv_draw_sw_letter.c:174
[Warn]	(14.451, +1)	 lv_font_get_bitmap_fmt_txt: Compressed fonts is used but LV_USE_FONT_COMPRESSED is not enabled in lv_conf.h lv_font_fmt_txt.c:213
[Warn]	(14.451, +0)	 draw_letter_cb: Couldn't get the bitmap of a glyph lv_draw_sw_letter.c:174
[Warn]	(14.451, +0)	 lv_font_get_bitmap_fmt_txt: Compressed fonts is used but LV_USE_FONT_COMPRESSED is not enabled in lv_conf.h lv_font_fmt_txt.c:213
[Warn]	(14.452, +1)	 draw_letter_cb: Couldn't get the bitmap of a glyph lv_draw_sw_letter.c:174
[Warn]	(14.452, +0)	 lv_font_get_bitmap_fmt_txt: Compressed fonts is used but LV_USE_FONT_COMPRESSED is not enabled in lv_conf.h lv_font_fmt_txt.c:213
[Warn]	(14.452, +0)	 draw_letter_cb: Couldn't get the bitmap of a glyph lv_draw_sw_letter.c:174
[Warn]	(14.452, +0)	 lv_font_get_bitmap_fmt_txt: Compressed fonts is used but LV_USE_FONT_COMPRESSED is not enabled in lv_conf.h lv_font_fmt_txt.c:213
[Warn]	(14.453, +1)	 draw_letter_cb: Couldn't get the bitmap of a glyph lv_draw_sw_letter.c:174
[Warn]	(14.453, +0)	 lv_font_get_bitmap_fmt_txt: Compressed fonts is used but LV_USE_FONT_COMPRESSED is not enabled in lv_conf.h lv_font_fmt_txt.c:213
[Warn]	(14.453, +0)	 draw_letter_cb: Couldn't get the bitmap of a glyph lv_draw_sw_letter.c:174
[Warn]	(14.454, +1)	 lv_font_get_bitmap_fmt_txt: Compressed fonts is used but LV_USE_FONT_COMPRESSED is not enabled in lv_conf.h lv_font_fmt_txt.c:213
[Warn]	(14.454, +0)	 draw_letter_cb: Couldn't get the bitmap of a glyph lv_draw_sw_letter.c:174
[Warn]	(14.454, +0)	 lv_font_get_bitmap_fmt_txt: Compressed fonts is used but LV_USE_FONT_COMPRESSED is not enabled in lv_conf.h lv_font_fmt_txt.c:213
[Warn]	(14.455, +1)	 draw_letter_cb: Couldn't get the bitmap of a glyph lv_draw_sw_letter.c:174
[Warn]	(14.455, +0)	 lv_font_get_bitmap_fmt_txt: Compressed fonts is used but LV_USE_FONT_COMPRESSED is not enabled in lv_conf.h lv_font_fmt_txt.c:213
[Warn]	(14.455, +0)	 draw_letter_cb: Couldn't get the bitmap of a glyph lv_draw_sw_letter.c:174
[Warn]	(14.456, +1)	 lv_font_get_bitmap_fmt_txt: Compressed fonts is used but LV_USE_FONT_COMPRESSED is not enabled in lv_conf.h lv_font_fmt_txt.c:213
[Warn]	(14.456, +0)	 draw_letter_cb: Couldn't get the bitmap of a glyph lv_draw_sw_letter.c:174
[Warn]	(14.456, +0)	 lv_font_get_bitmap_fmt_txt: Compressed fonts is used but LV_USE_FONT_COMPRESSED is not enabled in lv_conf.h lv_font_fmt_txt.c:213
[Warn]	(14.457, +1)	 draw_letter_cb: Couldn't get the bitmap of a glyph lv_draw_sw_letter.c:174
[Warn]	(14.457, +0)	 lv_font_get_bitmap_fmt_txt: Compressed fonts is used but LV_USE_FONT_COMPRESSED is not enabled in lv_conf.h lv_font_fmt_txt.c:213
[Warn]	(14.457, +0)	 draw_letter_cb: Couldn't get the bitmap of a glyph lv_draw_sw_letter.c:174
[Warn]	(14.463, +6)	 lv_font_get_bitmap_fmt_txt: Compressed fonts is used but LV_USE_FONT_COMPRESSED is not enabled in lv_conf.h lv_font_fmt_txt.c:213
[Warn]	(14.463, +0)	 draw_letter_cb: Couldn't get the bitmap of a glyph lv_draw_sw_letter.c:174
[Warn]	(14.463, +0)	 lv_font_get_bitmap_fmt_txt: Compressed fonts is used but LV_USE_FONT_COMPRESSED is not enabled in lv_conf.h lv_font_fmt_txt.c:213
[Warn]	(14.464, +1)	 draw_letter_cb: Couldn't get the bitmap of a glyph lv_draw_sw_letter.c:174
[Warn]	(14.464, +0)	 lv_font_get_bitmap_fmt_txt: Compressed fonts is used but LV_USE_FONT_COMPRESSED is not enabled in lv_conf.h lv_font_fmt_txt.c:213
[Warn]	(14.464, +0)	 draw_letter_cb: Couldn't get the bitmap of a glyph lv_draw_sw_letter.c:174
[Warn]	(14.465, +1)	 lv_font_get_bitmap_fmt_txt: Compressed fonts is used but LV_USE_FONT_COMPRESSED is not enabled in lv_conf.h lv_font_fmt_txt.c:213
[Warn]	(14.465, +0)	 draw_letter_cb: Couldn't get the bitmap of a glyph lv_draw_sw_letter.c:174
[Warn]	(14.465, +0)	 lv_font_get_bitmap_fmt_txt: Compressed fonts is used but LV_USE_FONT_COMPRESSED is not enabled in lv_conf.h lv_font_fmt_txt.c:213
[Warn]	(14.466, +1)	 draw_letter_cb: Couldn't get the bitmap of a glyph lv_draw_sw_letter.c:174
[Warn]	(14.466, +0)	 lv_font_get_bitmap_fmt_txt: Compressed fonts is used but LV_USE_FONT_COMPRESSED is not enabled in lv_conf.h lv_font_fmt_txt.c:213
[Warn]	(14.466, +0)	 draw_letter_cb: Couldn't get the bitmap of a glyph lv_draw_sw_letter.c:174
[Warn]	(14.467, +1)	 lv_font_get_bitmap_fmt_txt: Compressed fonts is used but LV_USE_FONT_COMPRESSED is not enabled in lv_conf.h lv_font_fmt_txt.c:213
[Warn]	(14.467, +0)	 draw_letter_cb: Couldn't get the bitmap of a glyph lv_draw_sw_letter.c:174
[Warn]	(14.467, +0)	 lv_font_get_bitmap_fmt_txt: Compressed fonts is used but LV_USE_FONT_COMPRESSED is not enabled in lv_conf.h lv_font_fmt_txt.c:213
[Warn]	(14.468, +1)	 draw_letter_cb: Couldn't get the bitmap of a glyph lv_draw_sw_letter.c:174
[Warn]	(14.468, +0)	 lv_font_get_bitmap_fmt_txt: Compressed fonts is used but LV_USE_FONT_COMPRESSED is not enabled in lv_conf.h lv_font_fmt_txt.c:213
[Warn]	(14.468, +0)	 draw_letter_cb: Couldn't get the bitmap of a glyph lv_draw_sw_letter.c:174
[Warn]	(14.468, +0)	 lv_font_get_bitmap_fmt_txt: Compressed fonts is used but LV_USE_FONT_COMPRESSED is not enabled in lv_conf.h lv_font_fmt_txt.c:213
[Warn]	(14.469, +1)	 draw_letter_cb: Couldn't get the bitmap of a glyph lv_draw_sw_letter.c:174
[Warn]	(14.469, +0)	 lv_font_get_bitmap_fmt_txt: Compressed fonts is used but LV_USE_FONT_COMPRESSED is not enabled in lv_conf.h lv_font_fmt_txt.c:213
[Warn]	(14.469, +0)	 draw_letter_cb: Couldn't get the bitmap of a glyph lv_draw_sw_letter.c:174
[Warn]	(14.470, +1)	 lv_font_get_bitmap_fmt_txt: Compressed fonts is used but LV_USE_FONT_COMPRESSED is not enabled in lv_conf.h lv_font_fmt_txt.c:213
[Warn]	(14.470, +0)	 draw_letter_cb: Couldn't get the bitmap of a glyph lv_draw_sw_letter.c:174
[Warn]	(14.470, +0)	 lv_font_get_bitmap_fmt_txt: Compressed fonts is used but LV_USE_FONT_COMPRESSED is not enabled in lv_conf.h lv_font_fmt_txt.c:213
[Warn]	(14.471, +1)	 draw_letter_cb: Couldn't get the bitmap of a glyph lv_draw_sw_letter.c:174
[Warn]	(14.471, +0)	 lv_font_get_bitmap_fmt_txt: Compressed fonts is used but LV_USE_FONT_COMPRESSED is not enabled in lv_conf.h lv_font_fmt_txt.c:213
[Warn]	(14.471, +0)	 draw_letter_cb: Couldn't get the bitmap of a glyph lv_draw_sw_letter.c:174
[Warn]	(14.472, +1)	 lv_font_get_bitmap_fmt_txt: Compressed fonts is used but LV_USE_FONT_COMPRESSED is not enabled in lv_conf.h lv_font_fmt_txt.c:213
[Warn]	(14.472, +0)	 draw_letter_cb: Couldn't get the bitmap of a glyph lv_draw_sw_letter.c:174
[Warn]	(14.472, +0)	 lv_font_get_bitmap_fmt_txt: Compressed fonts is used but LV_USE_FONT_COMPRESSED is not enabled in lv_conf.h lv_font_fmt_txt.c:213
[Warn]	(14.472, +0)	 draw_letter_cb: Couldn't get the bitmap of a glyph lv_draw_sw_letter.c:174
[Warn]	(14.473, +1)	 lv_font_get_bitmap_fmt_txt: Compressed fonts is used but LV_USE_FONT_COMPRESSED is not enabled in lv_conf.h lv_font_fmt_txt.c:213
[Warn]	(14.473, +0)	 draw_letter_cb: Couldn't get the bitmap of a glyph lv_draw_sw_letter.c:174
[Warn]	(14.473, +0)	 lv_font_get_bitmap_fmt_txt: Compressed fonts is used but LV_USE_FONT_COMPRESSED is not enabled in lv_conf.h lv_font_fmt_txt.c:213
[Warn]	(14.474, +1)	 draw_letter_cb: Couldn't get the bitmap of a glyph lv_draw_sw_letter.c:174
[Warn]	(14.474, +0)	 lv_font_get_bitmap_fmt_txt: Compressed fonts is used but LV_USE_FONT_COMPRESSED is not enabled in lv_conf.h lv_font_fmt_txt.c:213
[Warn]	(14.474, +0)	 draw_letter_cb: Couldn't get the bitmap of a glyph lv_draw_sw_letter.c:174
[Warn]	(14.475, +1)	 lv_font_get_bitmap_fmt_txt: Compressed fonts is used but LV_USE_FONT_COMPRESSED is not enabled in lv_conf.h lv_font_fmt_txt.c:213
[Warn]	(14.475, +0)	 draw_letter_cb: Couldn't get the bitmap of a glyph lv_draw_sw_letter.c:174
[Warn]	(14.475, +0)	 lv_font_get_bitmap_fmt_txt: Compressed fonts is used but LV_USE_FONT_COMPRESSED is not enabled in lv_conf.h lv_font_fmt_txt.c:213
[Warn]	(14.476, +1)	 draw_letter_cb: Couldn't get the bitmap of a glyph lv_draw_sw_letter.c:174
[Warn]	(14.476, +0)	 lv_font_get_bitmap_fmt_txt: Compressed fonts is used but LV_USE_FONT_COMPRESSED is not enabled in lv_conf.h lv_font_fmt_txt.c:213
[Warn]	(14.476, +0)	 draw_letter_cb: Couldn't get the bitmap of a glyph lv_draw_sw_letter.c:174
[Warn]	(14.476, +0)	 lv_font_get_bitmap_fmt_txt: Compressed fonts is used but LV_USE_FONT_COMPRESSED is not enabled in lv_conf.h lv_font_fmt_txt.c:213
[Warn]	(14.477, +1)	 draw_letter_cb: Couldn't get the bitmap of a glyph lv_draw_sw_letter.c:174
[Warn]	(14.477, +0)	 lv_font_get_bitmap_fmt_txt: Compressed fonts is used but LV_USE_FONT_COMPRESSED is not enabled in lv_conf.h lv_font_fmt_txt.c:213
[Warn]	(14.477, +0)	 draw_letter_cb: Couldn't get the bitmap of a glyph lv_draw_sw_letter.c:174
[Warn]	(14.478, +1)	 lv_font_get_bitmap_fmt_txt: Compressed fonts is used but LV_USE_FONT_COMPRESSED is not enabled in lv_conf.h lv_font_fmt_txt.c:213
[Warn]	(14.478, +0)	 draw_letter_cb: Couldn't get the bitmap of a glyph lv_draw_sw_letter.c:174
[Warn]	(14.478, +0)	 lv_font_get_bitmap_fmt_txt: Compressed fonts is used but LV_USE_FONT_COMPRESSED is not enabled in lv_conf.h lv_font_fmt_txt.c:213
[Warn]	(14.479, +1)	 draw_letter_cb: Couldn't get the bitmap of a glyph lv_draw_sw_letter.c:174
[Warn]	(14.479, +0)	 lv_font_get_bitmap_fmt_txt: Compressed fonts is used but LV_USE_FONT_COMPRESSED is not enabled in lv_conf.h lv_font_fmt_txt.c:213
[Warn]	(14.479, +0)	 draw_letter_cb: Couldn't get the bitmap of a glyph lv_draw_sw_letter.c:174
[Warn]	(14.480, +1)	 lv_font_get_bitmap_fmt_txt: Compressed fonts is used but LV_USE_FONT_COMPRESSED is not enabled in lv_conf.h lv_font_fmt_txt.c:213
[Warn]	(14.480, +0)	 draw_letter_cb: Couldn't get the bitmap of a glyph lv_draw_sw_letter.c:174
[Warn]	(14.480, +0)	 lv_font_get_bitmap_fmt_txt: Compressed fonts is used but LV_USE_FONT_COMPRESSED is not enabled in lv_conf.h lv_font_fmt_txt.c:213
[Warn]	(14.481, +1)	 draw_letter_cb: Couldn't get the bitmap of a glyph lv_draw_sw_letter.c:174
[Warn]	(14.481, +0)	 lv_font_get_bitmap_fmt_txt: Compressed fonts is used but LV_USE_FONT_COMPRESSED is not enabled in lv_conf.h lv_font_fmt_txt.c:213
[Warn]	(14.481, +0)	 draw_letter_cb: Couldn't get the bitmap of a glyph lv_draw_sw_letter.c:174
[Warn]	(14.481, +0)	 lv_font_get_bitmap_fmt_txt: Compressed fonts is used but LV_USE_FONT_COMPRESSED is not enabled in lv_conf.h lv_font_fmt_txt.c:213
[Warn]	(14.482, +1)	 draw_letter_cb: Couldn't get the bitmap of a glyph lv_draw_sw_letter.c:174
[Warn]	(14.482, +0)	 lv_font_get_bitmap_fmt_txt: Compressed fonts is used but LV_USE_FONT_COMPRESSED is not enabled in lv_conf.h lv_font_fmt_txt.c:213
[Warn]	(14.482, +0)	 draw_letter_cb: Couldn't get the bitmap of a glyph lv_draw_sw_letter.c:174
[Warn]	(14.487, +5)	 lv_font_get_bitmap_fmt_txt: Compressed fonts is used but LV_USE_FONT_COMPRESSED is not enabled in lv_conf.h lv_font_fmt_txt.c:213
[Warn]	(14.488, +1)	 draw_letter_cb: Couldn't get the bitmap of a glyph lv_draw_sw_letter.c:174
[Warn]	(14.488, +0)	 lv_font_get_bitmap_fmt_txt: Compressed fonts is used but LV_USE_FONT_COMPRESSED is not enabled in lv_conf.h lv_font_fmt_txt.c:213
[Warn]	(14.488, +0)	 draw_letter_cb: Couldn't get the bitmap of a glyph lv_draw_sw_letter.c:174
[Warn]	(14.489, +1)	 lv_font_get_bitmap_fmt_txt: Compressed fonts is used but LV_USE_FONT_COMPRESSED is not enabled in lv_conf.h lv_font_fmt_txt.c:213
[Warn]	(14.489, +0)	 draw_letter_cb: Couldn't get the bitmap of a glyph lv_draw_sw_letter.c:174
[Warn]	(14.489, +0)	 lv_font_get_bitmap_fmt_txt: Compressed fonts is used but LV_USE_FONT_COMPRESSED is not enabled in lv_conf.h lv_font_fmt_txt.c:213
[Warn]	(14.489, +0)	 draw_letter_cb: Couldn't get the bitmap of a glyph lv_draw_sw_letter.c:174
[Warn]	(14.490, +1)	 lv_font_get_bitmap_fmt_txt: Compressed fonts is used but LV_USE_FONT_COMPRESSED is not enabled in lv_conf.h lv_font_fmt_txt.c:213
[Warn]	(14.490, +0)	 draw_letter_cb: Couldn't get the bitmap of a glyph lv_draw_sw_letter.c:174
[Warn]	(14.490, +0)	 lv_font_get_bitmap_fmt_txt: Compressed fonts is used but LV_USE_FONT_COMPRESSED is not enabled in lv_conf.h lv_font_fmt_txt.c:213
[Warn]	(14.491, +1)	 draw_letter_cb: Couldn't get the bitmap of a glyph lv_draw_sw_letter.c:174
[Warn]	(14.491, +0)	 lv_font_get_bitmap_fmt_txt: Compressed fonts is used but LV_USE_FONT_COMPRESSED is not enabled in lv_conf.h lv_font_fmt_txt.c:213
[Warn]	(14.491, +0)	 draw_letter_cb: Couldn't get the bitmap of a glyph lv_draw_sw_letter.c:174
[Warn]	(14.492, +1)	 lv_font_get_bitmap_fmt_txt: Compressed fonts is used but LV_USE_FONT_COMPRESSED is not enabled in lv_conf.h lv_font_fmt_txt.c:213
[Warn]	(14.492, +0)	 draw_letter_cb: Couldn't get the bitmap of a glyph lv_draw_sw_letter.c:174
[Warn]	(14.492, +0)	 lv_font_get_bitmap_fmt_txt: Compressed fonts is used but LV_USE_FONT_COMPRESSED is not enabled in lv_conf.h lv_font_fmt_txt.c:213
[Warn]	(14.493, +1)	 draw_letter_cb: Couldn't get the bitmap of a glyph lv_draw_sw_letter.c:174
[Warn]	(14.493, +0)	 lv_font_get_bitmap_fmt_txt: Compressed fonts is used but LV_USE_FONT_COMPRESSED is not enabled in lv_conf.h lv_font_fmt_txt.c:213
[Warn]	(14.493, +0)	 draw_letter_cb: Couldn't get the bitmap of a glyph lv_draw_sw_letter.c:174
[Warn]	(14.493, +0)	 lv_font_get_bitmap_fmt_txt: Compressed fonts is used but LV_USE_FONT_COMPRESSED is not enabled in lv_conf.h lv_font_fmt_txt.c:213
[Warn]	(14.494, +1)	 draw_letter_cb: Couldn't get the bitmap of a glyph lv_draw_sw_letter.c:174
[Warn]	(14.494, +0)	 lv_font_get_bitmap_fmt_txt: Compressed fonts is used but LV_USE_FONT_COMPRESSED is not enabled in lv_conf.h lv_font_fmt_txt.c:213
[Warn]	(14.494, +0)	 draw_letter_cb: Couldn't get the bitmap of a glyph lv_draw_sw_letter.c:174
[Warn]	(14.495, +1)	 lv_font_get_bitmap_fmt_txt: Compressed fonts is used but LV_USE_FONT_COMPRESSED is not enabled in lv_conf.h lv_font_fmt_txt.c:213
[Warn]	(14.495, +0)	 draw_letter_cb: Couldn't get the bitmap of a glyph lv_draw_sw_letter.c:174
[Warn]	(14.495, +0)	 lv_font_get_bitmap_fmt_txt: Compressed fonts is used but LV_USE_FONT_COMPRESSED is not enabled in lv_conf.h lv_font_fmt_txt.c:213
[Warn]	(14.496, +1)	 draw_letter_cb: Couldn't get the bitmap of a glyph lv_draw_sw_letter.c:174
[Warn]	(14.496, +0)	 lv_font_get_bitmap_fmt_txt: Compressed fonts is used but LV_USE_FONT_COMPRESSED is not enabled in lv_conf.h lv_font_fmt_txt.c:213
[Warn]	(14.496, +0)	 draw_letter_cb: Couldn't get the bitmap of a glyph lv_draw_sw_letter.c:174
[Warn]	(14.497, +1)	 lv_font_get_bitmap_fmt_txt: Compressed fonts is used but LV_USE_FONT_COMPRESSED is not enabled in lv_conf.h lv_font_fmt_txt.c:213
[Warn]	(14.497, +0)	 draw_letter_cb: Couldn't get the bitmap of a glyph lv_draw_sw_letter.c:174
[Warn]	(14.497, +0)	 lv_font_get_bitmap_fmt_txt: Compressed fonts is used but LV_USE_FONT_COMPRESSED is not enabled in lv_conf.h lv_font_fmt_txt.c:213
[Warn]	(14.497, +0)	 draw_letter_cb: Couldn't get the bitmap of a glyph lv_draw_sw_letter.c:174
[Warn]	(14.498, +1)	 lv_font_get_bitmap_fmt_txt: Compressed fonts is used but LV_USE_FONT_COMPRESSED is not enabled in lv_conf.h lv_font_fmt_txt.c:213
[Warn]	(14.498, +0)	 draw_letter_cb: Couldn't get the bitmap of a glyph lv_draw_sw_letter.c:174
[Warn]	(14.498, +0)	 lv_font_get_bitmap_fmt_txt: Compressed fonts is used but LV_USE_FONT_COMPRESSED is not enabled in lv_conf.h lv_font_fmt_txt.c:213
[Warn]	(14.499, +1)	 draw_letter_cb: Couldn't get the bitmap of a glyph lv_draw_sw_letter.c:174
[Warn]	(14.499, +0)	 lv_font_get_bitmap_fmt_txt: Compressed fonts is used but LV_USE_FONT_COMPRESSED is not enabled in lv_conf.h lv_font_fmt_txt.c:213
[Warn]	(14.499, +0)	 draw_letter_cb: Couldn't get the bitmap of a glyph lv_draw_sw_letter.c:174
[Warn]	(14.500, +1)	 lv_font_get_bitmap_fmt_txt: Compressed fonts is used but LV_USE_FONT_COMPRESSED is not enabled in lv_conf.h lv_font_fmt_txt.c:213
[Warn]	(14.500, +0)	 draw_letter_cb: Couldn't get the bitmap of a glyph lv_draw_sw_letter.c:174
[Warn]	(14.500, +0)	 lv_font_get_bitmap_fmt_txt: Compressed fonts is used but LV_USE_FONT_COMPRESSED is not enabled in lv_conf.h lv_font_fmt_txt.c:213
[Warn]	(14.501, +1)	 draw_letter_cb: Couldn't get the bitmap of a glyph lv_draw_sw_letter.c:174
[Warn]	(14.501, +0)	 lv_font_get_bitmap_fmt_txt: Compressed fonts is used but LV_USE_FONT_COMPRESSED is not enabled in lv_conf.h lv_font_fmt_txt.c:213
[Warn]	(14.501, +0)	 draw_letter_cb: Couldn't get the bitmap of a glyph lv_draw_sw_letter.c:174
[Warn]	(14.501, +0)	 lv_font_get_bitmap_fmt_txt: Compressed fonts is used but LV_USE_FONT_COMPRESSED is not enabled in lv_conf.h lv_font_fmt_txt.c:213
[Warn]	(14.502, +1)	 draw_letter_cb: Couldn't get the bitmap of a glyph lv_draw_sw_letter.c:174
[Warn]	(14.502, +0)	 lv_font_get_bitmap_fmt_txt: Compressed fonts is used but LV_USE_FONT_COMPRESSED is not enabled in lv_conf.h lv_font_fmt_txt.c:213
[Warn]	(14.502, +0)	 draw_letter_cb: Couldn't get the bitmap of a glyph lv_draw_sw_letter.c:174
[Warn]	(14.503, +1)	 lv_font_get_bitmap_fmt_txt: Compressed fonts is used but LV_USE_FONT_COMPRESSED is not enabled in lv_conf.h lv_font_fmt_txt.c:213
[Warn]	(14.503, +0)	 draw_letter_cb: Couldn't get the bitmap of a glyph lv_draw_sw_letter.c:174
[Warn]	(14.503, +0)	 lv_font_get_bitmap_fmt_txt: Compressed fonts is used but LV_USE_FONT_COMPRESSED is not enabled in lv_conf.h lv_font_fmt_txt.c:213
[Warn]	(14.504, +1)	 draw_letter_cb: Couldn't get the bitmap of a glyph lv_draw_sw_letter.c:174
[Warn]	(14.504, +0)	 lv_font_get_bitmap_fmt_txt: Compressed fonts is used but LV_USE_FONT_COMPRESSED is not enabled in lv_conf.h lv_font_fmt_txt.c:213
[Warn]	(14.504, +0)	 draw_letter_cb: Couldn't get the bitmap of a glyph lv_draw_sw_letter.c:174
[Warn]	(14.505, +1)	 lv_font_get_bitmap_fmt_txt: Compressed fonts is used but LV_USE_FONT_COMPRESSED is not enabled in lv_conf.h lv_font_fmt_txt.c:213
[Warn]	(14.505, +0)	 draw_letter_cb: Couldn't get the bitmap of a glyph lv_draw_sw_letter.c:174
[Warn]	(14.505, +0)	 lv_font_get_bitmap_fmt_txt: Compressed fonts is used but LV_USE_FONT_COMPRESSED is not enabled in lv_conf.h lv_font_fmt_txt.c:213
[Warn]	(14.505, +0)	 draw_letter_cb: Couldn't get the bitmap of a glyph lv_draw_sw_letter.c:174
[Warn]	(14.506, +1)	 lv_font_get_bitmap_fmt_txt: Compressed fonts is used but LV_USE_FONT_COMPRESSED is not enabled in lv_conf.h lv_font_fmt_txt.c:213
[Warn]	(14.506, +0)	 draw_letter_cb: Couldn't get the bitmap of a glyph lv_draw_sw_letter.c:174
[Warn]	(14.506, +0)	 lv_font_get_bitmap_fmt_txt: Compressed fonts is used but LV_USE_FONT_COMPRESSED is not enabled in lv_conf.h lv_font_fmt_txt.c:213
[Warn]	(14.507, +1)	 draw_letter_cb: Couldn't get the bitmap of a glyph lv_draw_sw_letter.c:174
I (19446) clare_net: WebSocket connected kind=0
I (19446) clare_s3: Boot network self-test transcribe err=0
I (20549) clare_net: WS pre-start heap free8=5996079 largest8=5898240
I (20550) websocket_client: Started
I (28612) clare_net: WebSocket connected kind=1
I (28612) clare_s3: Ask Clare a question
I (28612) clare_s3: Boot network self-test host err=0
I (29715) clare_net: HTTP before init free8=5999031 largest8=5898240 free_internal=74103 largest_internal=31744
I (33785) clare_net: HTTP response status=200 bytes=255 truncated=1
I (33786) clare_net: HTTP after cleanup free8=5998859 largest8=5898240
I (33787) clare_s3: Boot network self-test complete
I (33788) clare_s3: Creating meeting session...
I (33788) clare_net: Create session URL ready=1
I (33788) clare_net: HTTP before init free8=5998803 largest8=5898240 free_internal=74103 largest_internal=31744
I (37822) clare_net: HTTP response status=200 bytes=82 truncated=0
I (37823) clare_net: HTTP after cleanup free8=5998663 largest8=5898240
I (37826) clare_s3: Connecting transcription...
I (37827) clare_net: WS pre-start heap free8=5994523 largest8=5898240
I (37828) websocket_client: Started
I (41643) clare_net: WebSocket connected kind=0
I (41643) clare_s3: Listening - live notes on
I (41643) clare_s3: Listening - live notes on
I (41665) clare_s3: Audio stream started
[Warn]	(47.118, +32611)	 lv_font_get_bitmap_fmt_txt: Compressed fonts is used but LV_USE_FONT_COMPRESSED is not enabled in lv_conf.h lv_font_fmt_txt.c:213
[Warn]	(47.118, +0)	 draw_letter_cb: Couldn't get the bitmap of a glyph lv_draw_sw_letter.c:174
[Warn]	(47.151, +33)	 lv_font_get_bitmap_fmt_txt: Compressed fonts is used but LV_USE_FONT_COMPRESSED is not enabled in lv_conf.h lv_font_fmt_txt.c:213
[Warn]	(47.151, +0)	 draw_letter_cb: Couldn't get the bitmap of a glyph lv_draw_sw_letter.c:174
[Warn]	(47.186, +35)	 lv_font_get_bitmap_fmt_txt: Compressed fonts is used but LV_USE_FONT_COMPRESSED is not enabled in lv_conf.h lv_font_fmt_txt.c:213
[Warn]	(47.186, +0)	 draw_letter_cb: Couldn't get the bitmap of a glyph lv_draw_sw_letter.c:174
[Warn]	(47.239, +53)	 lv_font_get_bitmap_fmt_txt: Compressed fonts is used but LV_USE_FONT_COMPRESSED is not enabled in lv_conf.h lv_font_fmt_txt.c:213
[Warn]	(47.239, +0)	 draw_letter_cb: Couldn't get the bitmap of a glyph lv_draw_sw_letter.c:174
[Warn]	(47.270, +31)	 lv_font_get_bitmap_fmt_txt: Compressed fonts is used but LV_USE_FONT_COMPRESSED is not enabled in lv_conf.h lv_font_fmt_txt.c:213
[Warn]	(47.270, +0)	 draw_letter_cb: Couldn't get the bitmap of a glyph lv_draw_sw_letter.c:174
[Warn]	(47.303, +33)	 lv_font_get_bitmap_fmt_txt: Compressed fonts is used but LV_USE_FONT_COMPRESSED is not enabled in lv_conf.h lv_font_fmt_txt.c:213
[Warn]	(47.303, +0)	 draw_letter_cb: Couldn't get the bitmap of a glyph lv_draw_sw_letter.c:174
[Warn]	(47.337, +34)	 lv_font_get_bitmap_fmt_txt: Compressed fonts is used but LV_USE_FONT_COMPRESSED is not enabled in lv_conf.h lv_font_fmt_txt.c:213
[Warn]	(47.338, +1)	 draw_letter_cb: Couldn't get the bitmap of a glyph lv_draw_sw_letter.c:174
[Warn]	(47.371, +33)	 lv_font_get_bitmap_fmt_txt: Compressed fonts is used but LV_USE_FONT_COMPRESSED is not enabled in lv_conf.h lv_font_fmt_txt.c:213
[Warn]	(47.371, +0)	 draw_letter_cb: Couldn't get the bitmap of a glyph lv_draw_sw_letter.c:174
[Warn]	(47.434, +63)	 lv_font_get_bitmap_fmt_txt: Compressed fonts is used but LV_USE_FONT_COMPRESSED is not enabled in lv_conf.h lv_font_fmt_txt.c:213
[Warn]	(47.434, +0)	 draw_letter_cb: Couldn't get the bitmap of a glyph lv_draw_sw_letter.c:174
[Warn]	(47.467, +33)	 lv_font_get_bitmap_fmt_txt: Compressed fonts is used but LV_USE_FONT_COMPRESSED is not enabled in lv_conf.h lv_font_fmt_txt.c:213
[Warn]	(47.467, +0)	 draw_letter_cb: Couldn't get the bitmap of a glyph lv_draw_sw_letter.c:174
[Warn]	(48.118, +651)	 lv_font_get_bitmap_fmt_txt: Compressed fonts is used but LV_USE_FONT_COMPRESSED is not enabled in lv_conf.h lv_font_fmt_txt.c:213
[Warn]	(48.119, +1)	 draw_letter_cb: Couldn't get the bitmap of a glyph lv_draw_sw_letter.c:174
[Warn]	(48.163, +44)	 lv_font_get_bitmap_fmt_txt: Compressed fonts is used but LV_USE_FONT_COMPRESSED is not enabled in lv_conf.h lv_font_fmt_txt.c:213
[Warn]	(48.163, +0)	 draw_letter_cb: Couldn't get the bitmap of a glyph lv_draw_sw_letter.c:174
[Warn]	(48.164, +1)	 lv_font_get_bitmap_fmt_txt: Compressed fonts is used but LV_USE_FONT_COMPRESSED is not enabled in lv_conf.h lv_font_fmt_txt.c:213
[Warn]	(48.164, +0)	 draw_letter_cb: Couldn't get the bitmap of a glyph lv_draw_sw_letter.c:174
[Warn]	(48.164, +0)	 lv_font_get_bitmap_fmt_txt: Compressed fonts is used but LV_USE_FONT_COMPRESSED is not enabled in lv_conf.h lv_font_fmt_txt.c:213
[Warn]	(48.165, +1)	 draw_letter_cb: Couldn't get the bitmap of a glyph lv_draw_sw_letter.c:174
[Warn]	(48.294, +129)	 lv_font_get_bitmap_fmt_txt: Compressed fonts is used but LV_USE_FONT_COMPRESSED is not enabled in lv_conf.h lv_font_fmt_txt.c:213
[Warn]	(48.294, +0)	 draw_letter_cb: Couldn't get the bitmap of a glyph lv_draw_sw_letter.c:174
[Warn]	(48.295, +1)	 lv_font_get_bitmap_fmt_txt: Compressed fonts is used but LV_USE_FONT_COMPRESSED is not enabled in lv_conf.h lv_font_fmt_txt.c:213
[Warn]	(48.295, +0)	 draw_letter_cb: Couldn't get the bitmap of a glyph lv_draw_sw_letter.c:174
[Warn]	(48.295, +0)	 lv_font_get_bitmap_fmt_txt: Compressed fonts is used but LV_USE_FONT_COMPRESSED is not enabled in lv_conf.h lv_font_fmt_txt.c:213
[Warn]	(48.296, +1)	 draw_letter_cb: Couldn't get the bitmap of a glyph lv_draw_sw_letter.c:174
[Warn]	(48.478, +182)	 lv_font_get_bitmap_fmt_txt: Compressed fonts is used but LV_USE_FONT_COMPRESSED is not enabled in lv_conf.h lv_font_fmt_txt.c:213
[Warn]	(48.478, +0)	 draw_letter_cb: Couldn't get the bitmap of a glyph lv_draw_sw_letter.c:174
[Warn]	(48.479, +1)	 lv_font_get_bitmap_fmt_txt: Compressed fonts is used but LV_USE_FONT_COMPRESSED is not enabled in lv_conf.h lv_font_fmt_txt.c:213
[Warn]	(48.479, +0)	 draw_letter_cb: Couldn't get the bitmap of a glyph lv_draw_sw_letter.c:174
[Warn]	(48.479, +0)	 lv_font_get_bitmap_fmt_txt: Compressed fonts is used but LV_USE_FONT_COMPRESSED is not enabled in lv_conf.h lv_font_fmt_txt.c:213
[Warn]	(48.480, +1)	 draw_letter_cb: Couldn't get the bitmap of a glyph lv_draw_sw_letter.c:174
[Warn]	(48.480, +0)	 lv_font_get_bitmap_fmt_txt: Compressed fonts is used but LV_USE_FONT_COMPRESSED is not enabled in lv_conf.h lv_font_fmt_txt.c:213
[Warn]	(48.480, +0)	 draw_letter_cb: Couldn't get the bitmap of a glyph lv_draw_sw_letter.c:174
[Warn]	(48.480, +0)	 lv_font_get_bitmap_fmt_txt: Compressed fonts is used but LV_USE_FONT_COMPRESSED is not enabled in lv_conf.h lv_font_fmt_txt.c:213
[Warn]	(48.481, +1)	 draw_letter_cb: Couldn't get the bitmap of a glyph lv_draw_sw_letter.c:174
[Warn]	(48.481, +0)	 lv_font_get_bitmap_fmt_txt: Compressed fonts is used but LV_USE_FONT_COMPRESSED is not enabled in lv_conf.h lv_font_fmt_txt.c:213
[Warn]	(48.481, +0)	 draw_letter_cb: Couldn't get the bitmap of a glyph lv_draw_sw_letter.c:174
[Warn]	(49.115, +634)	 lv_font_get_bitmap_fmt_txt: Compressed fonts is used but LV_USE_FONT_COMPRESSED is not enabled in lv_conf.h lv_font_fmt_txt.c:213
[Warn]	(49.116, +1)	 draw_letter_cb: Couldn't get the bitmap of a glyph lv_draw_sw_letter.c:174
[Warn]	(49.116, +0)	 lv_font_get_bitmap_fmt_txt: Compressed fonts is used but LV_USE_FONT_COMPRESSED is not enabled in lv_conf.h lv_font_fmt_txt.c:213
[Warn]	(49.116, +0)	 draw_letter_cb: Couldn't get the bitmap of a glyph lv_draw_sw_letter.c:174
[Warn]	(49.116, +0)	 lv_font_get_bitmap_fmt_txt: Compressed fonts is used but LV_USE_FONT_COMPRESSED is not enabled in lv_conf.h lv_font_fmt_txt.c:213
[Warn]	(49.117, +1)	 draw_letter_cb: Couldn't get the bitmap of a glyph lv_draw_sw_letter.c:174
[Warn]	(49.117, +0)	 lv_font_get_bitmap_fmt_txt: Compressed fonts is used but LV_USE_FONT_COMPRESSED is not enabled in lv_conf.h lv_font_fmt_txt.c:213
[Warn]	(49.117, +0)	 draw_letter_cb: Couldn't get the bitmap of a glyph lv_draw_sw_letter.c:174
[Warn]	(49.118, +1)	 lv_font_get_bitmap_fmt_txt: Compressed fonts is used but LV_USE_FONT_COMPRESSED is not enabled in lv_conf.h lv_font_fmt_txt.c:213
[Warn]	(49.118, +0)	 draw_letter_cb: Couldn't get the bitmap of a glyph lv_draw_sw_letter.c:174
[Warn]	(49.118, +0)	 lv_font_get_bitmap_fmt_txt: Compressed fonts is used but LV_USE_FONT_COMPRESSED is not enabled in lv_conf.h lv_font_fmt_txt.c:213
[Warn]	(49.119, +1)	 draw_letter_cb: Couldn't get the bitmap of a glyph lv_draw_sw_letter.c:174
[Warn]	(49.310, +191)	 lv_font_get_bitmap_fmt_txt: Compressed fonts is used but LV_USE_FONT_COMPRESSED is not enabled in lv_conf.h lv_font_fmt_txt.c:213
[Warn]	(49.310, +0)	 draw_letter_cb: Couldn't get the bitmap of a glyph lv_draw_sw_letter.c:174
[Warn]	(49.311, +1)	 lv_font_get_bitmap_fmt_txt: Compressed fonts is used but LV_USE_FONT_COMPRESSED is not enabled in lv_conf.h lv_font_fmt_txt.c:213
[Warn]	(49.311, +0)	 draw_letter_cb: Couldn't get the bitmap of a glyph lv_draw_sw_letter.c:174
[Warn]	(49.311, +0)	 lv_font_get_bitmap_fmt_txt: Compressed fonts is used but LV_USE_FONT_COMPRESSED is not enabled in lv_conf.h lv_font_fmt_txt.c:213
[Warn]	(49.312, +1)	 draw_letter_cb: Couldn't get the bitmap of a glyph lv_draw_sw_letter.c:174
[Warn]	(49.312, +0)	 lv_font_get_bitmap_fmt_txt: Compressed fonts is used but LV_USE_FONT_COMPRESSED is not enabled in lv_conf.h lv_font_fmt_txt.c:213
[Warn]	(49.312, +0)	 draw_letter_cb: Couldn't get the bitmap of a glyph lv_draw_sw_letter.c:174
[Warn]	(49.313, +1)	 lv_font_get_bitmap_fmt_txt: Compressed fonts is used but LV_USE_FONT_COMPRESSED is not enabled in lv_conf.h lv_font_fmt_txt.c:213
[Warn]	(49.313, +0)	 draw_letter_cb: Couldn't get the bitmap of a glyph lv_draw_sw_letter.c:174
[Warn]	(49.313, +0)	 lv_font_get_bitmap_fmt_txt: Compressed fonts is used but LV_USE_FONT_COMPRESSED is not enabled in lv_conf.h lv_font_fmt_txt.c:213
[Warn]	(49.314, +1)	 draw_letter_cb: Couldn't get the bitmap of a glyph lv_draw_sw_letter.c:174
[Warn]	(49.343, +29)	 lv_font_get_bitmap_fmt_txt: Compressed fonts is used but LV_USE_FONT_COMPRESSED is not enabled in lv_conf.h lv_font_fmt_txt.c:213
[Warn]	(49.343, +0)	 draw_letter_cb: Couldn't get the bitmap of a glyph lv_draw_sw_letter.c:174
[Warn]	(49.344, +1)	 lv_font_get_bitmap_fmt_txt: Compressed fonts is used but LV_USE_FONT_COMPRESSED is not enabled in lv_conf.h lv_font_fmt_txt.c:213
[Warn]	(49.344, +0)	 draw_letter_cb: Couldn't get the bitmap of a glyph lv_draw_sw_letter.c:174
[Warn]	(49.344, +0)	 lv_font_get_bitmap_fmt_txt: Compressed fonts is used but LV_USE_FONT_COMPRESSED is not enabled in lv_conf.h lv_font_fmt_txt.c:213
[Warn]	(49.344, +0)	 draw_letter_cb: Couldn't get the bitmap of a glyph lv_draw_sw_letter.c:174
[Warn]	(49.345, +1)	 lv_font_get_bitmap_fmt_txt: Compressed fonts is used but LV_USE_FONT_COMPRESSED is not enabled in lv_conf.h lv_font_fmt_txt.c:213
[Warn]	(49.345, +0)	 draw_letter_cb: Couldn't get the bitmap of a glyph lv_draw_sw_letter.c:174
[Warn]	(49.345, +0)	 lv_font_get_bitmap_fmt_txt: Compressed fonts is used but LV_USE_FONT_COMPRESSED is not enabled in lv_conf.h lv_font_fmt_txt.c:213
[Warn]	(49.346, +1)	 draw_letter_cb: Couldn't get the bitmap of a glyph lv_draw_sw_letter.c:174
[Warn]	(49.346, +0)	 lv_font_get_bitmap_fmt_txt: Compressed fonts is used but LV_USE_FONT_COMPRESSED is not enabled in lv_conf.h lv_font_fmt_txt.c:213
[Warn]	(49.346, +0)	 draw_letter_cb: Couldn't get the bitmap of a glyph lv_draw_sw_letter.c:174
[Warn]	(49.376, +30)	 lv_font_get_bitmap_fmt_txt: Compressed fonts is used but LV_USE_FONT_COMPRESSED is not enabled in lv_conf.h lv_font_fmt_txt.c:213
[Warn]	(49.376, +0)	 draw_letter_cb: Couldn't get the bitmap of a glyph lv_draw_sw_letter.c:174
[Warn]	(49.377, +1)	 lv_font_get_bitmap_fmt_txt: Compressed fonts is used but LV_USE_FONT_COMPRESSED is not enabled in lv_conf.h lv_font_fmt_txt.c:213
[Warn]	(49.377, +0)	 draw_letter_cb: Couldn't get the bitmap of a glyph lv_draw_sw_letter.c:174
[Warn]	(49.377, +0)	 lv_font_get_bitmap_fmt_txt: Compressed fonts is used but LV_USE_FONT_COMPRESSED is not enabled in lv_conf.h lv_font_fmt_txt.c:213
[Warn]	(49.377, +0)	 draw_letter_cb: Couldn't get the bitmap of a glyph lv_draw_sw_letter.c:174
[Warn]	(49.378, +1)	 lv_font_get_bitmap_fmt_txt: Compressed fonts is used but LV_USE_FONT_COMPRESSED is not enabled in lv_conf.h lv_font_fmt_txt.c:213
[Warn]	(49.378, +0)	 draw_letter_cb: Couldn't get the bitmap of a glyph lv_draw_sw_letter.c:174
[Warn]	(49.378, +0)	 lv_font_get_bitmap_fmt_txt: Compressed fonts is used but LV_USE_FONT_COMPRESSED is not enabled in lv_conf.h lv_font_fmt_txt.c:213
[Warn]	(49.379, +1)	 draw_letter_cb: Couldn't get the bitmap of a glyph lv_draw_sw_letter.c:174
[Warn]	(49.379, +0)	 lv_font_get_bitmap_fmt_txt: Compressed fonts is used but LV_USE_FONT_COMPRESSED is not enabled in lv_conf.h lv_font_fmt_txt.c:213
[Warn]	(49.379, +0)	 draw_letter_cb: Couldn't get the bitmap of a glyph lv_draw_sw_letter.c:174
[Warn]	(49.409, +30)	 lv_font_get_bitmap_fmt_txt: Compressed fonts is used but LV_USE_FONT_COMPRESSED is not enabled in lv_conf.h lv_font_fmt_txt.c:213
[Warn]	(49.409, +0)	 draw_letter_cb: Couldn't get the bitmap of a glyph lv_draw_sw_letter.c:174
[Warn]	(49.410, +1)	 lv_font_get_bitmap_fmt_txt: Compressed fonts is used but LV_USE_FONT_COMPRESSED is not enabled in lv_conf.h lv_font_fmt_txt.c:213
[Warn]	(49.410, +0)	 draw_letter_cb: Couldn't get the bitmap of a glyph lv_draw_sw_letter.c:174
[Warn]	(49.410, +0)	 lv_font_get_bitmap_fmt_txt: Compressed fonts is used but LV_USE_FONT_COMPRESSED is not enabled in lv_conf.h lv_font_fmt_txt.c:213
[Warn]	(49.411, +1)	 draw_letter_cb: Couldn't get the bitmap of a glyph lv_draw_sw_letter.c:174
[Warn]	(49.411, +0)	 lv_font_get_bitmap_fmt_txt: Compressed fonts is used but LV_USE_FONT_COMPRESSED is not enabled in lv_conf.h lv_font_fmt_txt.c:213
[Warn]	(49.411, +0)	 draw_letter_cb: Couldn't get the bitmap of a glyph lv_draw_sw_letter.c:174
[Warn]	(49.411, +0)	 lv_font_get_bitmap_fmt_txt: Compressed fonts is used but LV_USE_FONT_COMPRESSED is not enabled in lv_conf.h lv_font_fmt_txt.c:213
[Warn]	(49.412, +1)	 draw_letter_cb: Couldn't get the bitmap of a glyph lv_draw_sw_letter.c:174
[Warn]	(49.412, +0)	 lv_font_get_bitmap_fmt_txt: Compressed fonts is used but LV_USE_FONT_COMPRESSED is not enabled in lv_conf.h lv_font_fmt_txt.c:213
[Warn]	(49.412, +0)	 draw_letter_cb: Couldn't get the bitmap of a glyph lv_draw_sw_letter.c:174
[Warn]	(49.442, +30)	 lv_font_get_bitmap_fmt_txt: Compressed fonts is used but LV_USE_FONT_COMPRESSED is not enabled in lv_conf.h lv_font_fmt_txt.c:213
[Warn]	(49.442, +0)	 draw_letter_cb: Couldn't get the bitmap of a glyph lv_draw_sw_letter.c:174
[Warn]	(49.443, +1)	 lv_font_get_bitmap_fmt_txt: Compressed fonts is used but LV_USE_FONT_COMPRESSED is not enabled in lv_conf.h lv_font_fmt_txt.c:213
[Warn]	(49.443, +0)	 draw_letter_cb: Couldn't get the bitmap of a glyph lv_draw_sw_letter.c:174
[Warn]	(49.443, +0)	 lv_font_get_bitmap_fmt_txt: Compressed fonts is used but LV_USE_FONT_COMPRESSED is not enabled in lv_conf.h lv_font_fmt_txt.c:213
[Warn]	(49.444, +1)	 draw_letter_cb: Couldn't get the bitmap of a glyph lv_draw_sw_letter.c:174
[Warn]	(49.444, +0)	 lv_font_get_bitmap_fmt_txt: Compressed fonts is used but LV_USE_FONT_COMPRESSED is not enabled in lv_conf.h lv_font_fmt_txt.c:213
[Warn]	(49.444, +0)	 draw_letter_cb: Couldn't get the bitmap of a glyph lv_draw_sw_letter.c:174
[Warn]	(49.444, +0)	 lv_font_get_bitmap_fmt_txt: Compressed fonts is used but LV_USE_FONT_COMPRESSED is not enabled in lv_conf.h lv_font_fmt_txt.c:213
[Warn]	(49.445, +1)	 draw_letter_cb: Couldn't get the bitmap of a glyph lv_draw_sw_letter.c:174
[Warn]	(49.445, +0)	 lv_font_get_bitmap_fmt_txt: Compressed fonts is used but LV_USE_FONT_COMPRESSED is not enabled in lv_conf.h lv_font_fmt_txt.c:213
[Warn]	(49.445, +0)	 draw_letter_cb: Couldn't get the bitmap of a glyph lv_draw_sw_letter.c:174
[Warn]	(49.509, +64)	 lv_font_get_bitmap_fmt_txt: Compressed fonts is used but LV_USE_FONT_COMPRESSED is not enabled in lv_conf.h lv_font_fmt_txt.c:213
[Warn]	(49.509, +0)	 draw_letter_cb: Couldn't get the bitmap of a glyph lv_draw_sw_letter.c:174
[Warn]	(49.509, +0)	 lv_font_get_bitmap_fmt_txt: Compressed fonts is used but LV_USE_FONT_COMPRESSED is not enabled in lv_conf.h lv_font_fmt_txt.c:213
[Warn]	(49.510, +1)	 draw_letter_cb: Couldn't get the bitmap of a glyph lv_draw_sw_letter.c:174
[Warn]	(49.510, +0)	 lv_font_get_bitmap_fmt_txt: Compressed fonts is used but LV_USE_FONT_COMPRESSED is not enabled in lv_conf.h lv_font_fmt_txt.c:213
[Warn]	(49.510, +0)	 draw_letter_cb: Couldn't get the bitmap of a glyph lv_draw_sw_letter.c:174
[Warn]	(49.511, +1)	 lv_font_get_bitmap_fmt_txt: Compressed fonts is used but LV_USE_FONT_COMPRESSED is not enabled in lv_conf.h lv_font_fmt_txt.c:213
[Warn]	(49.511, +0)	 draw_letter_cb: Couldn't get the bitmap of a glyph lv_draw_sw_letter.c:174
[Warn]	(49.512, +1)	 lv_font_get_bitmap_fmt_txt: Compressed fonts is used but LV_USE_FONT_COMPRESSED is not enabled in lv_conf.h lv_font_fmt_txt.c:213
[Warn]	(49.514, +2)	 draw_letter_cb: Couldn't get the bitmap of a glyph lv_draw_sw_letter.c:174
[Warn]	(49.514, +0)	 lv_font_get_bitmap_fmt_txt: Compressed fonts is used but LV_USE_FONT_COMPRESSED is not enabled in lv_conf.h lv_font_fmt_txt.c:213
[Warn]	(49.514, +0)	 draw_letter_cb: Couldn't get the bitmap of a glyph lv_draw_sw_letter.c:174
[Warn]	(49.542, +28)	 lv_font_get_bitmap_fmt_txt: Compressed fonts is used but LV_USE_FONT_COMPRESSED is not enabled in lv_conf.h lv_font_fmt_txt.c:213
[Warn]	(49.542, +0)	 draw_letter_cb: Couldn't get the bitmap of a glyph lv_draw_sw_letter.c:174
[Warn]	(49.543, +1)	 lv_font_get_bitmap_fmt_txt: Compressed fonts is used but LV_USE_FONT_COMPRESSED is not enabled in lv_conf.h lv_font_fmt_txt.c:213
[Warn]	(49.543, +0)	 draw_letter_cb: Couldn't get the bitmap of a glyph lv_draw_sw_letter.c:174
[Warn]	(49.543, +0)	 lv_font_get_bitmap_fmt_txt: Compressed fonts is used but LV_USE_FONT_COMPRESSED is not enabled in lv_conf.h lv_font_fmt_txt.c:213
[Warn]	(49.544, +1)	 draw_letter_cb: Couldn't get the bitmap of a glyph lv_draw_sw_letter.c:174
[Warn]	(49.544, +0)	 lv_font_get_bitmap_fmt_txt: Compressed fonts is used but LV_USE_FONT_COMPRESSED is not enabled in lv_conf.h lv_font_fmt_txt.c:213
[Warn]	(49.544, +0)	 draw_letter_cb: Couldn't get the bitmap of a glyph lv_draw_sw_letter.c:174
[Warn]	(49.544, +0)	 lv_font_get_bitmap_fmt_txt: Compressed fonts is used but LV_USE_FONT_COMPRESSED is not enabled in lv_conf.h lv_font_fmt_txt.c:213
[Warn]	(49.545, +1)	 draw_letter_cb: Couldn't get the bitmap of a glyph lv_draw_sw_letter.c:174
[Warn]	(49.545, +0)	 lv_font_get_bitmap_fmt_txt: Compressed fonts is used but LV_USE_FONT_COMPRESSED is not enabled in lv_conf.h lv_font_fmt_txt.c:213
[Warn]	(49.545, +0)	 draw_letter_cb: Couldn't get the bitmap of a glyph lv_draw_sw_letter.c:174
[Warn]	(49.575, +30)	 lv_font_get_bitmap_fmt_txt: Compressed fonts is used but LV_USE_FONT_COMPRESSED is not enabled in lv_conf.h lv_font_fmt_txt.c:213
[Warn]	(49.575, +0)	 draw_letter_cb: Couldn't get the bitmap of a glyph lv_draw_sw_letter.c:174
[Warn]	(49.576, +1)	 lv_font_get_bitmap_fmt_txt: Compressed fonts is used but LV_USE_FONT_COMPRESSED is not enabled in lv_conf.h lv_font_fmt_txt.c:213
[Warn]	(49.576, +0)	 draw_letter_cb: Couldn't get the bitmap of a glyph lv_draw_sw_letter.c:174
[Warn]	(49.576, +0)	 lv_font_get_bitmap_fmt_txt: Compressed fonts is used but LV_USE_FONT_COMPRESSED is not enabled in lv_conf.h lv_font_fmt_txt.c:213
[Warn]	(49.576, +0)	 draw_letter_cb: Couldn't get the bitmap of a glyph lv_draw_sw_letter.c:174
[Warn]	(49.577, +1)	 lv_font_get_bitmap_fmt_txt: Compressed fonts is used but LV_USE_FONT_COMPRESSED is not enabled in lv_conf.h lv_font_fmt_txt.c:213
[Warn]	(49.577, +0)	 draw_letter_cb: Couldn't get the bitmap of a glyph lv_draw_sw_letter.c:174
[Warn]	(49.577, +0)	 lv_font_get_bitmap_fmt_txt: Compressed fonts is used but LV_USE_FONT_COMPRESSED is not enabled in lv_conf.h lv_font_fmt_txt.c:213
[Warn]	(49.578, +1)	 draw_letter_cb: Couldn't get the bitmap of a glyph lv_draw_sw_letter.c:174
[Warn]	(49.578, +0)	 lv_font_get_bitmap_fmt_txt: Compressed fonts is used but LV_USE_FONT_COMPRESSED is not enabled in lv_conf.h lv_font_fmt_txt.c:213
[Warn]	(49.578, +0)	 draw_letter_cb: Couldn't get the bitmap of a glyph lv_draw_sw_letter.c:174
[Warn]	(49.610, +32)	 lv_font_get_bitmap_fmt_txt: Compressed fonts is used but LV_USE_FONT_COMPRESSED is not enabled in lv_conf.h lv_font_fmt_txt.c:213
[Warn]	(49.610, +0)	 draw_letter_cb: Couldn't get the bitmap of a glyph lv_draw_sw_letter.c:174
[Warn]	(49.611, +1)	 lv_font_get_bitmap_fmt_txt: Compressed fonts is used but LV_USE_FONT_COMPRESSED is not enabled in lv_conf.h lv_font_fmt_txt.c:213
[Warn]	(49.611, +0)	 draw_letter_cb: Couldn't get the bitmap of a glyph lv_draw_sw_letter.c:174
[Warn]	(49.611, +0)	 lv_font_get_bitmap_fmt_txt: Compressed fonts is used but LV_USE_FONT_COMPRESSED is not enabled in lv_conf.h lv_font_fmt_txt.c:213
[Warn]	(49.611, +0)	 draw_letter_cb: Couldn't get the bitmap of a glyph lv_draw_sw_letter.c:174
[Warn]	(49.612, +1)	 lv_font_get_bitmap_fmt_txt: Compressed fonts is used but LV_USE_FONT_COMPRESSED is not enabled in lv_conf.h lv_font_fmt_txt.c:213
[Warn]	(49.612, +0)	 draw_letter_cb: Couldn't get the bitmap of a glyph lv_draw_sw_letter.c:174
[Warn]	(49.612, +0)	 lv_font_get_bitmap_fmt_txt: Compressed fonts is used but LV_USE_FONT_COMPRESSED is not enabled in lv_conf.h lv_font_fmt_txt.c:213
[Warn]	(49.613, +1)	 draw_letter_cb: Couldn't get the bitmap of a glyph lv_draw_sw_letter.c:174
[Warn]	(49.613, +0)	 lv_font_get_bitmap_fmt_txt: Compressed fonts is used but LV_USE_FONT_COMPRESSED is not enabled in lv_conf.h lv_font_fmt_txt.c:213
[Warn]	(49.613, +0)	 draw_letter_cb: Couldn't get the bitmap of a glyph lv_draw_sw_letter.c:174
[Warn]	(49.709, +96)	 lv_font_get_bitmap_fmt_txt: Compressed fonts is used but LV_USE_FONT_COMPRESSED is not enabled in lv_conf.h lv_font_fmt_txt.c:213
[Warn]	(49.709, +0)	 draw_letter_cb: Couldn't get the bitmap of a glyph lv_draw_sw_letter.c:174
[Warn]	(49.710, +1)	 lv_font_get_bitmap_fmt_txt: Compressed fonts is used but LV_USE_FONT_COMPRESSED is not enabled in lv_conf.h lv_font_fmt_txt.c:213
[Warn]	(49.710, +0)	 draw_letter_cb: Couldn't get the bitmap of a glyph lv_draw_sw_letter.c:174
[Warn]	(49.710, +0)	 lv_font_get_bitmap_fmt_txt: Compressed fonts is used but LV_USE_FONT_COMPRESSED is not enabled in lv_conf.h lv_font_fmt_txt.c:213
[Warn]	(49.711, +1)	 draw_letter_cb: Couldn't get the bitmap of a glyph lv_draw_sw_letter.c:174
[Warn]	(49.711, +0)	 lv_font_get_bitmap_fmt_txt: Compressed fonts is used but LV_USE_FONT_COMPRESSED is not enabled in lv_conf.h lv_font_fmt_txt.c:213
[Warn]	(49.711, +0)	 draw_letter_cb: Couldn't get the bitmap of a glyph lv_draw_sw_letter.c:174
[Warn]	(49.711, +0)	 lv_font_get_bitmap_fmt_txt: Compressed fonts is used but LV_USE_FONT_COMPRESSED is not enabled in lv_conf.h lv_font_fmt_txt.c:213
[Warn]	(49.712, +1)	 draw_letter_cb: Couldn't get the bitmap of a glyph lv_draw_sw_letter.c:174
[Warn]	(49.712, +0)	 lv_font_get_bitmap_fmt_txt: Compressed fonts is used but LV_USE_FONT_COMPRESSED is not enabled in lv_conf.h lv_font_fmt_txt.c:213
[Warn]	(49.712, +0)	 draw_letter_cb: Couldn't get the bitmap of a glyph lv_draw_sw_letter.c:174
[Warn]	(49.775, +63)	 lv_font_get_bitmap_fmt_txt: Compressed fonts is used but LV_USE_FONT_COMPRESSED is not enabled in lv_conf.h lv_font_fmt_txt.c:213
[Warn]	(49.775, +0)	 draw_letter_cb: Couldn't get the bitmap of a glyph lv_draw_sw_letter.c:174
[Warn]	(49.776, +1)	 lv_font_get_bitmap_fmt_txt: Compressed fonts is used but LV_USE_FONT_COMPRESSED is not enabled in lv_conf.h lv_font_fmt_txt.c:213
[Warn]	(49.776, +0)	 draw_letter_cb: Couldn't get the bitmap of a glyph lv_draw_sw_letter.c:174
[Warn]	(49.776, +0)	 lv_font_get_bitmap_fmt_txt: Compressed fonts is used but LV_USE_FONT_COMPRESSED is not enabled in lv_conf.h lv_font_fmt_txt.c:213
[Warn]	(49.776, +0)	 draw_letter_cb: Couldn't get the bitmap of a glyph lv_draw_sw_letter.c:174
[Warn]	(49.777, +1)	 lv_font_get_bitmap_fmt_txt: Compressed fonts is used but LV_USE_FONT_COMPRESSED is not enabled in lv_conf.h lv_font_fmt_txt.c:213
[Warn]	(49.777, +0)	 draw_letter_cb: Couldn't get the bitmap of a glyph lv_draw_sw_letter.c:174
[Warn]	(49.777, +0)	 lv_font_get_bitmap_fmt_txt: Compressed fonts is used but LV_USE_FONT_COMPRESSED is not enabled in lv_conf.h lv_font_fmt_txt.c:213
[Warn]	(49.778, +1)	 draw_letter_cb: Couldn't get the bitmap of a glyph lv_draw_sw_letter.c:174
[Warn]	(49.778, +0)	 lv_font_get_bitmap_fmt_txt: Compressed fonts is used but LV_USE_FONT_COMPRESSED is not enabled in lv_conf.h lv_font_fmt_txt.c:213
[Warn]	(49.778, +0)	 draw_letter_cb: Couldn't get the bitmap of a glyph lv_draw_sw_letter.c:174
[Warn]	(49.808, +30)	 lv_font_get_bitmap_fmt_txt: Compressed fonts is used but LV_USE_FONT_COMPRESSED is not enabled in lv_conf.h lv_font_fmt_txt.c:213
[Warn]	(49.808, +0)	 draw_letter_cb: Couldn't get the bitmap of a glyph lv_draw_sw_letter.c:174
[Warn]	(49.808, +0)	 lv_font_get_bitmap_fmt_txt: Compressed fonts is used but LV_USE_FONT_COMPRESSED is not enabled in lv_conf.h lv_font_fmt_txt.c:213
[Warn]	(49.809, +1)	 draw_letter_cb: Couldn't get the bitmap of a glyph lv_draw_sw_letter.c:174
[Warn]	(49.809, +0)	 lv_font_get_bitmap_fmt_txt: Compressed fonts is used but LV_USE_FONT_COMPRESSED is not enabled in lv_conf.h lv_font_fmt_txt.c:213
[Warn]	(49.809, +0)	 draw_letter_cb: Couldn't get the bitmap of a glyph lv_draw_sw_letter.c:174
[Warn]	(49.810, +1)	 lv_font_get_bitmap_fmt_txt: Compressed fonts is used but LV_USE_FONT_COMPRESSED is not enabled in lv_conf.h lv_font_fmt_txt.c:213
[Warn]	(49.810, +0)	 draw_letter_cb: Couldn't get the bitmap of a glyph lv_draw_sw_letter.c:174
[Warn]	(49.810, +0)	 lv_font_get_bitmap_fmt_txt: Compressed fonts is used but LV_USE_FONT_COMPRESSED is not enabled in lv_conf.h lv_font_fmt_txt.c:213
[Warn]	(49.811, +1)	 draw_letter_cb: Couldn't get the bitmap of a glyph lv_draw_sw_letter.c:174
[Warn]	(49.811, +0)	 lv_font_get_bitmap_fmt_txt: Compressed fonts is used but LV_USE_FONT_COMPRESSED is not enabled in lv_conf.h lv_font_fmt_txt.c:213
[Warn]	(49.811, +0)	 draw_letter_cb: Couldn't get the bitmap of a glyph lv_draw_sw_letter.c:174
[Warn]	(49.841, +30)	 lv_font_get_bitmap_fmt_txt: Compressed fonts is used but LV_USE_FONT_COMPRESSED is not enabled in lv_conf.h lv_font_fmt_txt.c:213
[Warn]	(49.841, +0)	 draw_letter_cb: Couldn't get the bitmap of a glyph lv_draw_sw_letter.c:174
[Warn]	(49.842, +1)	 lv_font_get_bitmap_fmt_txt: Compressed fonts is used but LV_USE_FONT_COMPRESSED is not enabled in lv_conf.h lv_font_fmt_txt.c:213
[Warn]	(49.842, +0)	 draw_letter_cb: Couldn't get the bitmap of a glyph lv_draw_sw_letter.c:174
[Warn]	(49.842, +0)	 lv_font_get_bitmap_fmt_txt: Compressed fonts is used but LV_USE_FONT_COMPRESSED is not enabled in lv_conf.h lv_font_fmt_txt.c:213
[Warn]	(49.842, +0)	 draw_letter_cb: Couldn't get the bitmap of a glyph lv_draw_sw_letter.c:174
[Warn]	(49.843, +1)	 lv_font_get_bitmap_fmt_txt: Compressed fonts is used but LV_USE_FONT_COMPRESSED is not enabled in lv_conf.h lv_font_fmt_txt.c:213
[Warn]	(49.843, +0)	 draw_letter_cb: Couldn't get the bitmap of a glyph lv_draw_sw_letter.c:174
[Warn]	(49.843, +0)	 lv_font_get_bitmap_fmt_txt: Compressed fonts is used but LV_USE_FONT_COMPRESSED is not enabled in lv_conf.h lv_font_fmt_txt.c:213
[Warn]	(49.844, +1)	 draw_letter_cb: Couldn't get the bitmap of a glyph lv_draw_sw_letter.c:174
[Warn]	(49.844, +0)	 lv_font_get_bitmap_fmt_txt: Compressed fonts is used but LV_USE_FONT_COMPRESSED is not enabled in lv_conf.h lv_font_fmt_txt.c:213
[Warn]	(49.844, +0)	 draw_letter_cb: Couldn't get the bitmap of a glyph lv_draw_sw_letter.c:174
[Warn]	(49.874, +30)	 lv_font_get_bitmap_fmt_txt: Compressed fonts is used but LV_USE_FONT_COMPRESSED is not enabled in lv_conf.h lv_font_fmt_txt.c:213
[Warn]	(49.874, +0)	 draw_letter_cb: Couldn't get the bitmap of a glyph lv_draw_sw_letter.c:174
[Warn]	(49.874, +0)	 lv_font_get_bitmap_fmt_txt: Compressed fonts is used but LV_USE_FONT_COMPRESSED is not enabled in lv_conf.h lv_font_fmt_txt.c:213
[Warn]	(49.875, +1)	 draw_letter_cb: Couldn't get the bitmap of a glyph lv_draw_sw_letter.c:174
[Warn]	(49.875, +0)	 lv_font_get_bitmap_fmt_txt: Compressed fonts is used but LV_USE_FONT_COMPRESSED is not enabled in lv_conf.h lv_font_fmt_txt.c:213
[Warn]	(49.875, +0)	 draw_letter_cb: Couldn't get the bitmap of a glyph lv_draw_sw_letter.c:174
[Warn]	(49.876, +1)	 lv_font_get_bitmap_fmt_txt: Compressed fonts is used but LV_USE_FONT_COMPRESSED is not enabled in lv_conf.h lv_font_fmt_txt.c:213
[Warn]	(49.876, +0)	 draw_letter_cb: Couldn't get the bitmap of a glyph lv_draw_sw_letter.c:174
[Warn]	(49.876, +0)	 lv_font_get_bitmap_fmt_txt: Compressed fonts is used but LV_USE_FONT_COMPRESSED is not enabled in lv_conf.h lv_font_fmt_txt.c:213
[Warn]	(49.877, +1)	 draw_letter_cb: Couldn't get the bitmap of a glyph lv_draw_sw_letter.c:174
[Warn]	(49.877, +0)	 lv_font_get_bitmap_fmt_txt: Compressed fonts is used but LV_USE_FONT_COMPRESSED is not enabled in lv_conf.h lv_font_fmt_txt.c:213
[Warn]	(49.877, +0)	 draw_letter_cb: Couldn't get the bitmap of a glyph lv_draw_sw_letter.c:174
[Warn]	(50.499, +622)	 lv_font_get_bitmap_fmt_txt: Compressed fonts is used but LV_USE_FONT_COMPRESSED is not enabled in lv_conf.h lv_font_fmt_txt.c:213
[Warn]	(50.499, +0)	 draw_letter_cb: Couldn't get the bitmap of a glyph lv_draw_sw_letter.c:174
[Warn]	(50.500, +1)	 lv_font_get_bitmap_fmt_txt: Compressed fonts is used but LV_USE_FONT_COMPRESSED is not enabled in lv_conf.h lv_font_fmt_txt.c:213
[Warn]	(50.500, +0)	 draw_letter_cb: Couldn't get the bitmap of a glyph lv_draw_sw_letter.c:174
[Warn]	(50.500, +0)	 lv_font_get_bitmap_fmt_txt: Compressed fonts is used but LV_USE_FONT_COMPRESSED is not enabled in lv_conf.h lv_font_fmt_txt.c:213
[Warn]	(50.501, +1)	 draw_letter_cb: Couldn't get the bitmap of a glyph lv_draw_sw_letter.c:174
[Warn]	(50.501, +0)	 lv_font_get_bitmap_fmt_txt: Compressed fonts is used but LV_USE_FONT_COMPRESSED is not enabled in lv_conf.h lv_font_fmt_txt.c:213
[Warn]	(50.501, +0)	 draw_letter_cb: Couldn't get the bitmap of a glyph lv_draw_sw_letter.c:174
[Warn]	(50.502, +1)	 lv_font_get_bitmap_fmt_txt: Compressed fonts is used but LV_USE_FONT_COMPRESSED is not enabled in lv_conf.h lv_font_fmt_txt.c:213
[Warn]	(50.502, +0)	 draw_letter_cb: Couldn't get the bitmap of a glyph lv_draw_sw_letter.c:174
[Warn]	(50.502, +0)	 lv_font_get_bitmap_fmt_txt: Compressed fonts is used but LV_USE_FONT_COMPRESSED is not enabled in lv_conf.h lv_font_fmt_txt.c:213
[Warn]	(50.503, +1)	 draw_letter_cb: Couldn't get the bitmap of a glyph lv_draw_sw_letter.c:174
[Warn]	(50.503, +0)	 lv_font_get_bitmap_fmt_txt: Compressed fonts is used but LV_USE_FONT_COMPRESSED is not enabled in lv_conf.h lv_font_fmt_txt.c:213
[Warn]	(50.503, +0)	 draw_letter_cb: Couldn't get the bitmap of a glyph lv_draw_sw_letter.c:174
[Warn]	(50.503, +0)	 lv_font_get_bitmap_fmt_txt: Compressed fonts is used but LV_USE_FONT_COMPRESSED is not enabled in lv_conf.h lv_font_fmt_txt.c:213
[Warn]	(50.504, +1)	 draw_letter_cb: Couldn't get the bitmap of a glyph lv_draw_sw_letter.c:174
[Warn]	(50.699, +195)	 lv_font_get_bitmap_fmt_txt: Compressed fonts is used but LV_USE_FONT_COMPRESSED is not enabled in lv_conf.h lv_font_fmt_txt.c:213
[Warn]	(50.700, +1)	 draw_letter_cb: Couldn't get the bitmap of a glyph lv_draw_sw_letter.c:174
[Warn]	(50.700, +0)	 lv_font_get_bitmap_fmt_txt: Compressed fonts is used but LV_USE_FONT_COMPRESSED is not enabled in lv_conf.h lv_font_fmt_txt.c:213
[Warn]	(50.700, +0)	 draw_letter_cb: Couldn't get the bitmap of a glyph lv_draw_sw_letter.c:174
[Warn]	(50.701, +1)	 lv_font_get_bitmap_fmt_txt: Compressed fonts is used but LV_USE_FONT_COMPRESSED is not enabled in lv_conf.h lv_font_fmt_txt.c:213
[Warn]	(50.701, +0)	 draw_letter_cb: Couldn't get the bitmap of a glyph lv_draw_sw_letter.c:174
[Warn]	(50.701, +0)	 lv_font_get_bitmap_fmt_txt: Compressed fonts is used but LV_USE_FONT_COMPRESSED is not enabled in lv_conf.h lv_font_fmt_txt.c:213
[Warn]	(50.701, +0)	 draw_letter_cb: Couldn't get the bitmap of a glyph lv_draw_sw_letter.c:174
[Warn]	(50.702, +1)	 lv_font_get_bitmap_fmt_txt: Compressed fonts is used but LV_USE_FONT_COMPRESSED is not enabled in lv_conf.h lv_font_fmt_txt.c:213
[Warn]	(50.702, +0)	 draw_letter_cb: Couldn't get the bitmap of a glyph lv_draw_sw_letter.c:174
[Warn]	(50.702, +0)	 lv_font_get_bitmap_fmt_txt: Compressed fonts is used but LV_USE_FONT_COMPRESSED is not enabled in lv_conf.h lv_font_fmt_txt.c:213
[Warn]	(50.703, +1)	 draw_letter_cb: Couldn't get the bitmap of a glyph lv_draw_sw_letter.c:174
[Warn]	(50.703, +0)	 lv_font_get_bitmap_fmt_txt: Compressed fonts is used but LV_USE_FONT_COMPRESSED is not enabled in lv_conf.h lv_font_fmt_txt.c:213
[Warn]	(50.703, +0)	 draw_letter_cb: Couldn't get the bitmap of a glyph lv_draw_sw_letter.c:174
[Warn]	(50.704, +1)	 lv_font_get_bitmap_fmt_txt: Compressed fonts is used but LV_USE_FONT_COMPRESSED is not enabled in lv_conf.h lv_font_fmt_txt.c:213
[Warn]	(50.704, +0)	 draw_letter_cb: Couldn't get the bitmap of a glyph lv_draw_sw_letter.c:174
[Warn]	(50.739, +35)	 lv_font_get_bitmap_fmt_txt: Compressed fonts is used but LV_USE_FONT_COMPRESSED is not enabled in lv_conf.h lv_font_fmt_txt.c:213
[Warn]	(50.740, +1)	 draw_letter_cb: Couldn't get the bitmap of a glyph lv_draw_sw_letter.c:174
[Warn]	(50.740, +0)	 lv_font_get_bitmap_fmt_txt: Compressed fonts is used but LV_USE_FONT_COMPRESSED is not enabled in lv_conf.h lv_font_fmt_txt.c:213
[Warn]	(50.740, +0)	 draw_letter_cb: Couldn't get the bitmap of a glyph lv_draw_sw_letter.c:174
[Warn]	(50.741, +1)	 lv_font_get_bitmap_fmt_txt: Compressed fonts is used but LV_USE_FONT_COMPRESSED is not enabled in lv_conf.h lv_font_fmt_txt.c:213
[Warn]	(50.741, +0)	 draw_letter_cb: Couldn't get the bitmap of a glyph lv_draw_sw_letter.c:174
[Warn]	(50.741, +0)	 lv_font_get_bitmap_fmt_txt: Compressed fonts is used but LV_USE_FONT_COMPRESSED is not enabled in lv_conf.h lv_font_fmt_txt.c:213
[Warn]	(50.742, +1)	 draw_letter_cb: Couldn't get the bitmap of a glyph lv_draw_sw_letter.c:174
[Warn]	(50.742, +0)	 lv_font_get_bitmap_fmt_txt: Compressed fonts is used but LV_USE_FONT_COMPRESSED is not enabled in lv_conf.h lv_font_fmt_txt.c:213
[Warn]	(50.742, +0)	 draw_letter_cb: Couldn't get the bitmap of a glyph lv_draw_sw_letter.c:174
[Warn]	(50.742, +0)	 lv_font_get_bitmap_fmt_txt: Compressed fonts is used but LV_USE_FONT_COMPRESSED is not enabled in lv_conf.h lv_font_fmt_txt.c:213
[Warn]	(50.743, +1)	 draw_letter_cb: Couldn't get the bitmap of a glyph lv_draw_sw_letter.c:174
[Warn]	(50.743, +0)	 lv_font_get_bitmap_fmt_txt: Compressed fonts is used but LV_USE_FONT_COMPRESSED is not enabled in lv_conf.h lv_font_fmt_txt.c:213
[Warn]	(50.743, +0)	 draw_letter_cb: Couldn't get the bitmap of a glyph lv_draw_sw_letter.c:174
[Warn]	(50.744, +1)	 lv_font_get_bitmap_fmt_txt: Compressed fonts is used but LV_USE_FONT_COMPRESSED is not enabled in lv_conf.h lv_font_fmt_txt.c:213
[Warn]	(50.744, +0)	 draw_letter_cb: Couldn't get the bitmap of a glyph lv_draw_sw_letter.c:174
[Warn]	(51.778, +1034)	 lv_font_get_bitmap_fmt_txt: Compressed fonts is used but LV_USE_FONT_COMPRESSED is not enabled in lv_conf.h lv_font_fmt_txt.c:213
[Warn]	(51.778, +0)	 draw_letter_cb: Couldn't get the bitmap of a glyph lv_draw_sw_letter.c:174
[Warn]	(51.779, +1)	 lv_font_get_bitmap_fmt_txt: Compressed fonts is used but LV_USE_FONT_COMPRESSED is not enabled in lv_conf.h lv_font_fmt_txt.c:213
[Warn]	(51.779, +0)	 draw_letter_cb: Couldn't get the bitmap of a glyph lv_draw_sw_letter.c:174
[Warn]	(51.779, +0)	 lv_font_get_bitmap_fmt_txt: Compressed fonts is used but LV_USE_FONT_COMPRESSED is not enabled in lv_conf.h lv_font_fmt_txt.c:213
[Warn]	(51.780, +1)	 draw_letter_cb: Couldn't get the bitmap of a glyph lv_draw_sw_letter.c:174
[Warn]	(51.780, +0)	 lv_font_get_bitmap_fmt_txt: Compressed fonts is used but LV_USE_FONT_COMPRESSED is not enabled in lv_conf.h lv_font_fmt_txt.c:213
[Warn]	(51.780, +0)	 draw_letter_cb: Couldn't get the bitmap of a glyph lv_draw_sw_letter.c:174
[Warn]	(51.781, +1)	 lv_font_get_bitmap_fmt_txt: Compressed fonts is used but LV_USE_FONT_COMPRESSED is not enabled in lv_conf.h lv_font_fmt_txt.c:213
[Warn]	(51.781, +0)	 draw_letter_cb: Couldn't get the bitmap of a glyph lv_draw_sw_letter.c:174
[Warn]	(51.781, +0)	 lv_font_get_bitmap_fmt_txt: Compressed fonts is used but LV_USE_FONT_COMPRESSED is not enabled in lv_conf.h lv_font_fmt_txt.c:213
[Warn]	(51.782, +1)	 draw_letter_cb: Couldn't get the bitmap of a glyph lv_draw_sw_letter.c:174
[Warn]	(51.782, +0)	 lv_font_get_bitmap_fmt_txt: Compressed fonts is used but LV_USE_FONT_COMPRESSED is not enabled in lv_conf.h lv_font_fmt_txt.c:213
[Warn]	(51.782, +0)	 draw_letter_cb: Couldn't get the bitmap of a glyph lv_draw_sw_letter.c:174
[Warn]	(51.783, +1)	 lv_font_get_bitmap_fmt_txt: Compressed fonts is used but LV_USE_FONT_COMPRESSED is not enabled in lv_conf.h lv_font_fmt_txt.c:213
[Warn]	(51.783, +0)	 draw_letter_cb: Couldn't get the bitmap of a glyph lv_draw_sw_letter.c:174
[Warn]	(51.816, +33)	 lv_font_get_bitmap_fmt_txt: Compressed fonts is used but LV_USE_FONT_COMPRESSED is not enabled in lv_conf.h lv_font_fmt_txt.c:213
[Warn]	(51.816, +0)	 draw_letter_cb: Couldn't get the bitmap of a glyph lv_draw_sw_letter.c:174
[Warn]	(51.817, +1)	 lv_font_get_bitmap_fmt_txt: Compressed fonts is used but LV_USE_FONT_COMPRESSED is not enabled in lv_conf.h lv_font_fmt_txt.c:213
[Warn]	(51.817, +0)	 draw_letter_cb: Couldn't get the bitmap of a glyph lv_draw_sw_letter.c:174
[Warn]	(51.818, +1)	 lv_font_get_bitmap_fmt_txt: Compressed fonts is used but LV_USE_FONT_COMPRESSED is not enabled in lv_conf.h lv_font_fmt_txt.c:213
[Warn]	(51.819, +1)	 draw_letter_cb: Couldn't get the bitmap of a glyph lv_draw_sw_letter.c:174
[Warn]	(51.820, +1)	 lv_font_get_bitmap_fmt_txt: Compressed fonts is used but LV_USE_FONT_COMPRESSED is not enabled in lv_conf.h lv_font_fmt_txt.c:213
[Warn]	(51.820, +0)	 draw_letter_cb: Couldn't get the bitmap of a glyph lv_draw_sw_letter.c:174
[Warn]	(51.820, +0)	 lv_font_get_bitmap_fmt_txt: Compressed fonts is used but LV_USE_FONT_COMPRESSED is not enabled in lv_conf.h lv_font_fmt_txt.c:213
[Warn]	(51.821, +1)	 draw_letter_cb: Couldn't get the bitmap of a glyph lv_draw_sw_letter.c:174
[Warn]	(51.822, +1)	 lv_font_get_bitmap_fmt_txt: Compressed fonts is used but LV_USE_FONT_COMPRESSED is not enabled in lv_conf.h lv_font_fmt_txt.c:213
[Warn]	(51.823, +1)	 draw_letter_cb: Couldn't get the bitmap of a glyph lv_draw_sw_letter.c:174
[Warn]	(51.824, +1)	 lv_font_get_bitmap_fmt_txt: Compressed fonts is used but LV_USE_FONT_COMPRESSED is not enabled in lv_conf.h lv_font_fmt_txt.c:213
[Warn]	(51.825, +1)	 draw_letter_cb: Couldn't get the bitmap of a glyph lv_draw_sw_letter.c:174
[Warn]	(51.825, +0)	 lv_font_get_bitmap_fmt_txt: Compressed fonts is used but LV_USE_FONT_COMPRESSED is not enabled in lv_conf.h lv_font_fmt_txt.c:213
[Warn]	(51.826, +1)	 draw_letter_cb: Couldn't get the bitmap of a glyph lv_draw_sw_letter.c:174
[Warn]	(51.852, +26)	 lv_font_get_bitmap_fmt_txt: Compressed fonts is used but LV_USE_FONT_COMPRESSED is not enabled in lv_conf.h lv_font_fmt_txt.c:213
[Warn]	(51.853, +1)	 draw_letter_cb: Couldn't get the bitmap of a glyph lv_draw_sw_letter.c:174
[Warn]	(51.853, +0)	 lv_font_get_bitmap_fmt_txt: Compressed fonts is used but LV_USE_FONT_COMPRESSED is not enabled in lv_conf.h lv_font_fmt_txt.c:213
[Warn]	(51.854, +1)	 draw_letter_cb: Couldn't get the bitmap of a glyph lv_draw_sw_letter.c:174
[Warn]	(51.854, +0)	 lv_font_get_bitmap_fmt_txt: Compressed fonts is used but LV_USE_FONT_COMPRESSED is not enabled in lv_conf.h lv_font_fmt_txt.c:213
[Warn]	(51.854, +0)	 draw_letter_cb: Couldn't get the bitmap of a glyph lv_draw_sw_letter.c:174
[Warn]	(51.854, +0)	 lv_font_get_bitmap_fmt_txt: Compressed fonts is used but LV_USE_FONT_COMPRESSED is not enabled in lv_conf.h lv_font_fmt_txt.c:213
[Warn]	(51.855, +1)	 draw_letter_cb: Couldn't get the bitmap of a glyph lv_draw_sw_letter.c:174
[Warn]	(51.855, +0)	 lv_font_get_bitmap_fmt_txt: Compressed fonts is used but LV_USE_FONT_COMPRESSED is not enabled in lv_conf.h lv_font_fmt_txt.c:213
[Warn]	(51.855, +0)	 draw_letter_cb: Couldn't get the bitmap of a glyph lv_draw_sw_letter.c:174
[Warn]	(51.856, +1)	 lv_font_get_bitmap_fmt_txt: Compressed fonts is used but LV_USE_FONT_COMPRESSED is not enabled in lv_conf.h lv_font_fmt_txt.c:213
[Warn]	(51.856, +0)	 draw_letter_cb: Couldn't get the bitmap of a glyph lv_draw_sw_letter.c:174
[Warn]	(51.856, +0)	 lv_font_get_bitmap_fmt_txt: Compressed fonts is used but LV_USE_FONT_COMPRESSED is not enabled in lv_conf.h lv_font_fmt_txt.c:213
[Warn]	(51.857, +1)	 draw_letter_cb: Couldn't get the bitmap of a glyph lv_draw_sw_letter.c:174
[Warn]	(51.857, +0)	 lv_font_get_bitmap_fmt_txt: Compressed fonts is used but LV_USE_FONT_COMPRESSED is not enabled in lv_conf.h lv_font_fmt_txt.c:213
[Warn]	(51.857, +0)	 draw_letter_cb: Couldn't get the bitmap of a glyph lv_draw_sw_letter.c:174
[Warn]	(52.031, +174)	 lv_font_get_bitmap_fmt_txt: Compressed fonts is used but LV_USE_FONT_COMPRESSED is not enabled in lv_conf.h lv_font_fmt_txt.c:213
[Warn]	(52.031, +0)	 draw_letter_cb: Couldn't get the bitmap of a glyph lv_draw_sw_letter.c:174
[Warn]	(52.032, +1)	 lv_font_get_bitmap_fmt_txt: Compressed fonts is used but LV_USE_FONT_COMPRESSED is not enabled in lv_conf.h lv_font_fmt_txt.c:213
[Warn]	(52.032, +0)	 draw_letter_cb: Couldn't get the bitmap of a glyph lv_draw_sw_letter.c:174
[Warn]	(52.032, +0)	 lv_font_get_bitmap_fmt_txt: Compressed fonts is used but LV_USE_FONT_COMPRESSED is not enabled in lv_conf.h lv_font_fmt_txt.c:213
[Warn]	(52.033, +1)	 draw_letter_cb: Couldn't get the bitmap of a glyph lv_draw_sw_letter.c:174
[Warn]	(52.033, +0)	 lv_font_get_bitmap_fmt_txt: Compressed fonts is used but LV_USE_FONT_COMPRESSED is not enabled in lv_conf.h lv_font_fmt_txt.c:213
[Warn]	(52.033, +0)	 draw_letter_cb: Couldn't get the bitmap of a glyph lv_draw_sw_letter.c:174
[Warn]	(52.034, +1)	 lv_font_get_bitmap_fmt_txt: Compressed fonts is used but LV_USE_FONT_COMPRESSED is not enabled in lv_conf.h lv_font_fmt_txt.c:213
[Warn]	(52.034, +0)	 draw_letter_cb: Couldn't get the bitmap of a glyph lv_draw_sw_letter.c:174
[Warn]	(52.034, +0)	 lv_font_get_bitmap_fmt_txt: Compressed fonts is used but LV_USE_FONT_COMPRESSED is not enabled in lv_conf.h lv_font_fmt_txt.c:213
[Warn]	(52.035, +1)	 draw_letter_cb: Couldn't get the bitmap of a glyph lv_draw_sw_letter.c:174
[Warn]	(52.035, +0)	 lv_font_get_bitmap_fmt_txt: Compressed fonts is used but LV_USE_FONT_COMPRESSED is not enabled in lv_conf.h lv_font_fmt_txt.c:213
[Warn]	(52.035, +0)	 draw_letter_cb: Couldn't get the bitmap of a glyph lv_draw_sw_letter.c:174
[Warn]	(52.035, +0)	 lv_font_get_bitmap_fmt_txt: Compressed fonts is used but LV_USE_FONT_COMPRESSED is not enabled in lv_conf.h lv_font_fmt_txt.c:213
[Warn]	(52.036, +1)	 draw_letter_cb: Couldn't get the bitmap of a glyph lv_draw_sw_letter.c:174
[Warn]	(52.036, +0)	 lv_font_get_bitmap_fmt_txt: Compressed fonts is used but LV_USE_FONT_COMPRESSED is not enabled in lv_conf.h lv_font_fmt_txt.c:213
[Warn]	(52.036, +0)	 draw_letter_cb: Couldn't get the bitmap of a glyph lv_draw_sw_letter.c:174
[Warn]	(52.037, +1)	 lv_font_get_bitmap_fmt_txt: Compressed fonts is used but LV_USE_FONT_COMPRESSED is not enabled in lv_conf.h lv_font_fmt_txt.c:213
[Warn]	(52.037, +0)	 draw_letter_cb: Couldn't get the bitmap of a glyph lv_draw_sw_letter.c:174
[Warn]	(52.037, +0)	 lv_font_get_bitmap_fmt_txt: Compressed fonts is used but LV_USE_FONT_COMPRESSED is not enabled in lv_conf.h lv_font_fmt_txt.c:213
[Warn]	(52.038, +1)	 draw_letter_cb: Couldn't get the bitmap of a glyph lv_draw_sw_letter.c:174
[Warn]	(52.038, +0)	 lv_font_get_bitmap_fmt_txt: Compressed fonts is used but LV_USE_FONT_COMPRESSED is not enabled in lv_conf.h lv_font_fmt_txt.c:213
[Warn]	(52.038, +0)	 draw_letter_cb: Couldn't get the bitmap of a glyph lv_draw_sw_letter.c:174
[Warn]	(52.039, +1)	 lv_font_get_bitmap_fmt_txt: Compressed fonts is used but LV_USE_FONT_COMPRESSED is not enabled in lv_conf.h lv_font_fmt_txt.c:213
[Warn]	(52.039, +0)	 draw_letter_cb: Couldn't get the bitmap of a glyph lv_draw_sw_letter.c:174
[Warn]	(52.064, +25)	 lv_font_get_bitmap_fmt_txt: Compressed fonts is used but LV_USE_FONT_COMPRESSED is not enabled in lv_conf.h lv_font_fmt_txt.c:213
[Warn]	(52.064, +0)	 draw_letter_cb: Couldn't get the bitmap of a glyph lv_draw_sw_letter.c:174
[Warn]	(52.065, +1)	 lv_font_get_bitmap_fmt_txt: Compressed fonts is used but LV_USE_FONT_COMPRESSED is not enabled in lv_conf.h lv_font_fmt_txt.c:213
[Warn]	(52.065, +0)	 draw_letter_cb: Couldn't get the bitmap of a glyph lv_draw_sw_letter.c:174
[Warn]	(52.065, +0)	 lv_font_get_bitmap_fmt_txt: Compressed fonts is used but LV_USE_FONT_COMPRESSED is not enabled in lv_conf.h lv_font_fmt_txt.c:213
[Warn]	(52.066, +1)	 draw_letter_cb: Couldn't get the bitmap of a glyph lv_draw_sw_letter.c:174
[Warn]	(52.066, +0)	 lv_font_get_bitmap_fmt_txt: Compressed fonts is used but LV_USE_FONT_COMPRESSED is not enabled in lv_conf.h lv_font_fmt_txt.c:213
[Warn]	(52.066, +0)	 draw_letter_cb: Couldn't get the bitmap of a glyph lv_draw_sw_letter.c:174
[Warn]	(52.066, +0)	 lv_font_get_bitmap_fmt_txt: Compressed fonts is used but LV_USE_FONT_COMPRESSED is not enabled in lv_conf.h lv_font_fmt_txt.c:213
[Warn]	(52.067, +1)	 draw_letter_cb: Couldn't get the bitmap of a glyph lv_draw_sw_letter.c:174
[Warn]	(52.067, +0)	 lv_font_get_bitmap_fmt_txt: Compressed fonts is used but LV_USE_FONT_COMPRESSED is not enabled in lv_conf.h lv_font_fmt_txt.c:213
[Warn]	(52.067, +0)	 draw_letter_cb: Couldn't get the bitmap of a glyph lv_draw_sw_letter.c:174
[Warn]	(52.068, +1)	 lv_font_get_bitmap_fmt_txt: Compressed fonts is used but LV_USE_FONT_COMPRESSED is not enabled in lv_conf.h lv_font_fmt_txt.c:213
[Warn]	(52.068, +0)	 draw_letter_cb: Couldn't get the bitmap of a glyph lv_draw_sw_letter.c:174
[Warn]	(52.068, +0)	 lv_font_get_bitmap_fmt_txt: Compressed fonts is used but LV_USE_FONT_COMPRESSED is not enabled in lv_conf.h lv_font_fmt_txt.c:213
[Warn]	(52.069, +1)	 draw_letter_cb: Couldn't get the bitmap of a glyph lv_draw_sw_letter.c:174
[Warn]	(52.069, +0)	 lv_font_get_bitmap_fmt_txt: Compressed fonts is used but LV_USE_FONT_COMPRESSED is not enabled in lv_conf.h lv_font_fmt_txt.c:213
[Warn]	(52.069, +0)	 draw_letter_cb: Couldn't get the bitmap of a glyph lv_draw_sw_letter.c:174
[Warn]	(52.072, +3)	 lv_font_get_bitmap_fmt_txt: Compressed fonts is used but LV_USE_FONT_COMPRESSED is not enabled in lv_conf.h lv_font_fmt_txt.c:213
[Warn]	(52.073, +1)	 draw_letter_cb: Couldn't get the bitmap of a glyph lv_draw_sw_letter.c:174
[Warn]	(52.074, +1)	 lv_font_get_bitmap_fmt_txt: Compressed fonts is used but LV_USE_FONT_COMPRESSED is not enabled in lv_conf.h lv_font_fmt_txt.c:213
[Warn]	(52.074, +0)	 draw_letter_cb: Couldn't get the bitmap of a glyph lv_draw_sw_letter.c:174
[Warn]	(52.074, +0)	 lv_font_get_bitmap_fmt_txt: Compressed fonts is used but LV_USE_FONT_COMPRESSED is not enabled in lv_conf.h lv_font_fmt_txt.c:213
[Warn]	(52.075, +1)	 draw_letter_cb: Couldn't get the bitmap of a glyph lv_draw_sw_letter.c:174
[Warn]	(52.076, +1)	 lv_font_get_bitmap_fmt_txt: Compressed fonts is used but LV_USE_FONT_COMPRESSED is not enabled in lv_conf.h lv_font_fmt_txt.c:213
[Warn]	(52.077, +1)	 draw_letter_cb: Couldn't get the bitmap of a glyph lv_draw_sw_letter.c:174
[Warn]	(52.097, +20)	 lv_font_get_bitmap_fmt_txt: Compressed fonts is used but LV_USE_FONT_COMPRESSED is not enabled in lv_conf.h lv_font_fmt_txt.c:213
[Warn]	(52.097, +0)	 draw_letter_cb: Couldn't get the bitmap of a glyph lv_draw_sw_letter.c:174
[Warn]	(52.098, +1)	 lv_font_get_bitmap_fmt_txt: Compressed fonts is used but LV_USE_FONT_COMPRESSED is not enabled in lv_conf.h lv_font_fmt_txt.c:213
[Warn]	(52.098, +0)	 draw_letter_cb: Couldn't get the bitmap of a glyph lv_draw_sw_letter.c:174
[Warn]	(52.098, +0)	 lv_font_get_bitmap_fmt_txt: Compressed fonts is used but LV_USE_FONT_COMPRESSED is not enabled in lv_conf.h lv_font_fmt_txt.c:213
[Warn]	(52.099, +1)	 draw_letter_cb: Couldn't get the bitmap of a glyph lv_draw_sw_letter.c:174
[Warn]	(52.099, +0)	 lv_font_get_bitmap_fmt_txt: Compressed fonts is used but LV_USE_FONT_COMPRESSED is not enabled in lv_conf.h lv_font_fmt_txt.c:213
[Warn]	(52.099, +0)	 draw_letter_cb: Couldn't get the bitmap of a glyph lv_draw_sw_letter.c:174
[Warn]	(52.099, +0)	 lv_font_get_bitmap_fmt_txt: Compressed fonts is used but LV_USE_FONT_COMPRESSED is not enabled in lv_conf.h lv_font_fmt_txt.c:213
[Warn]	(52.100, +1)	 draw_letter_cb: Couldn't get the bitmap of a glyph lv_draw_sw_letter.c:174
[Warn]	(52.100, +0)	 lv_font_get_bitmap_fmt_txt: Compressed fonts is used but LV_USE_FONT_COMPRESSED is not enabled in lv_conf.h lv_font_fmt_txt.c:213
[Warn]	(52.100, +0)	 draw_letter_cb: Couldn't get the bitmap of a glyph lv_draw_sw_letter.c:174
[Warn]	(52.101, +1)	 lv_font_get_bitmap_fmt_txt: Compressed fonts is used but LV_USE_FONT_COMPRESSED is not enabled in lv_conf.h lv_font_fmt_txt.c:213
[Warn]	(52.101, +0)	 draw_letter_cb: Couldn't get the bitmap of a glyph lv_draw_sw_letter.c:174
[Warn]	(52.101, +0)	 lv_font_get_bitmap_fmt_txt: Compressed fonts is used but LV_USE_FONT_COMPRESSED is not enabled in lv_conf.h lv_font_fmt_txt.c:213
[Warn]	(52.102, +1)	 draw_letter_cb: Couldn't get the bitmap of a glyph lv_draw_sw_letter.c:174
[Warn]	(52.102, +0)	 lv_font_get_bitmap_fmt_txt: Compressed fonts is used but LV_USE_FONT_COMPRESSED is not enabled in lv_conf.h lv_font_fmt_txt.c:213
[Warn]	(52.102, +0)	 draw_letter_cb: Couldn't get the bitmap of a glyph lv_draw_sw_letter.c:174
[Warn]	(52.103, +1)	 lv_font_get_bitmap_fmt_txt: Compressed fonts is used but LV_USE_FONT_COMPRESSED is not enabled in lv_conf.h lv_font_fmt_txt.c:213
[Warn]	(52.103, +0)	 draw_letter_cb: Couldn't get the bitmap of a glyph lv_draw_sw_letter.c:174
[Warn]	(52.103, +0)	 lv_font_get_bitmap_fmt_txt: Compressed fonts is used but LV_USE_FONT_COMPRESSED is not enabled in lv_conf.h lv_font_fmt_txt.c:213
[Warn]	(52.104, +1)	 draw_letter_cb: Couldn't get the bitmap of a glyph lv_draw_sw_letter.c:174
[Warn]	(52.104, +0)	 lv_font_get_bitmap_fmt_txt: Compressed fonts is used but LV_USE_FONT_COMPRESSED is not enabled in lv_conf.h lv_font_fmt_txt.c:213
[Warn]	(52.104, +0)	 draw_letter_cb: Couldn't get the bitmap of a glyph lv_draw_sw_letter.c:174
[Warn]	(52.104, +0)	 lv_font_get_bitmap_fmt_txt: Compressed fonts is used but LV_USE_FONT_COMPRESSED is not enabled in lv_conf.h lv_font_fmt_txt.c:213
[Warn]	(52.105, +1)	 draw_letter_cb: Couldn't get the bitmap of a glyph lv_draw_sw_letter.c:174
[Warn]	(52.131, +26)	 lv_font_get_bitmap_fmt_txt: Compressed fonts is used but LV_USE_FONT_COMPRESSED is not enabled in lv_conf.h lv_font_fmt_txt.c:213
[Warn]	(52.132, +1)	 draw_letter_cb: Couldn't get the bitmap of a glyph lv_draw_sw_letter.c:174
[Warn]	(52.132, +0)	 lv_font_get_bitmap_fmt_txt: Compressed fonts is used but LV_USE_FONT_COMPRESSED is not enabled in lv_conf.h lv_font_fmt_txt.c:213
[Warn]	(52.132, +0)	 draw_letter_cb: Couldn't get the bitmap of a glyph lv_draw_sw_letter.c:174
[Warn]	(52.133, +1)	 lv_font_get_bitmap_fmt_txt: Compressed fonts is used but LV_USE_FONT_COMPRESSED is not enabled in lv_conf.h lv_font_fmt_txt.c:213
[Warn]	(52.133, +0)	 draw_letter_cb: Couldn't get the bitmap of a glyph lv_draw_sw_letter.c:174
[Warn]	(52.133, +0)	 lv_font_get_bitmap_fmt_txt: Compressed fonts is used but LV_USE_FONT_COMPRESSED is not enabled in lv_conf.h lv_font_fmt_txt.c:213
[Warn]	(52.134, +1)	 draw_letter_cb: Couldn't get the bitmap of a glyph lv_draw_sw_letter.c:174
[Warn]	(52.134, +0)	 lv_font_get_bitmap_fmt_txt: Compressed fonts is used but LV_USE_FONT_COMPRESSED is not enabled in lv_conf.h lv_font_fmt_txt.c:213
[Warn]	(52.135, +1)	 draw_letter_cb: Couldn't get the bitmap of a glyph lv_draw_sw_letter.c:174
[Warn]	(52.135, +0)	 lv_font_get_bitmap_fmt_txt: Compressed fonts is used but LV_USE_FONT_COMPRESSED is not enabled in lv_conf.h lv_font_fmt_txt.c:213
[Warn]	(52.135, +0)	 draw_letter_cb: Couldn't get the bitmap of a glyph lv_draw_sw_letter.c:174
[Warn]	(52.135, +0)	 lv_font_get_bitmap_fmt_txt: Compressed fonts is used but LV_USE_FONT_COMPRESSED is not enabled in lv_conf.h lv_font_fmt_txt.c:213
[Warn]	(52.136, +1)	 draw_letter_cb: Couldn't get the bitmap of a glyph lv_draw_sw_letter.c:174
[Warn]	(52.136, +0)	 lv_font_get_bitmap_fmt_txt: Compressed fonts is used but LV_USE_FONT_COMPRESSED is not enabled in lv_conf.h lv_font_fmt_txt.c:213
[Warn]	(52.136, +0)	 draw_letter_cb: Couldn't get the bitmap of a glyph lv_draw_sw_letter.c:174
[Warn]	(52.137, +1)	 lv_font_get_bitmap_fmt_txt: Compressed fonts is used but LV_USE_FONT_COMPRESSED is not enabled in lv_conf.h lv_font_fmt_txt.c:213
[Warn]	(52.137, +0)	 draw_letter_cb: Couldn't get the bitmap of a glyph lv_draw_sw_letter.c:174
[Warn]	(52.137, +0)	 lv_font_get_bitmap_fmt_txt: Compressed fonts is used but LV_USE_FONT_COMPRESSED is not enabled in lv_conf.h lv_font_fmt_txt.c:213
[Warn]	(52.138, +1)	 draw_letter_cb: Couldn't get the bitmap of a glyph lv_draw_sw_letter.c:174
[Warn]	(52.138, +0)	 lv_font_get_bitmap_fmt_txt: Compressed fonts is used but LV_USE_FONT_COMPRESSED is not enabled in lv_conf.h lv_font_fmt_txt.c:213
[Warn]	(52.138, +0)	 draw_letter_cb: Couldn't get the bitmap of a glyph lv_draw_sw_letter.c:174
[Warn]	(52.139, +1)	 lv_font_get_bitmap_fmt_txt: Compressed fonts is used but LV_USE_FONT_COMPRESSED is not enabled in lv_conf.h lv_font_fmt_txt.c:213
[Warn]	(52.139, +0)	 draw_letter_cb: Couldn't get the bitmap of a glyph lv_draw_sw_letter.c:174
[Warn]	(52.139, +0)	 lv_font_get_bitmap_fmt_txt: Compressed fonts is used but LV_USE_FONT_COMPRESSED is not enabled in lv_conf.h lv_font_fmt_txt.c:213
[Warn]	(52.140, +1)	 draw_letter_cb: Couldn't get the bitmap of a glyph lv_draw_sw_letter.c:174
[Warn]	(52.164, +24)	 lv_font_get_bitmap_fmt_txt: Compressed fonts is used but LV_USE_FONT_COMPRESSED is not enabled in lv_conf.h lv_font_fmt_txt.c:213
[Warn]	(52.164, +0)	 draw_letter_cb: Couldn't get the bitmap of a glyph lv_draw_sw_letter.c:174
[Warn]	(52.165, +1)	 lv_font_get_bitmap_fmt_txt: Compressed fonts is used but LV_USE_FONT_COMPRESSED is not enabled in lv_conf.h lv_font_fmt_txt.c:213
[Warn]	(52.165, +0)	 draw_letter_cb: Couldn't get the bitmap of a glyph lv_draw_sw_letter.c:174
[Warn]	(52.165, +0)	 lv_font_get_bitmap_fmt_txt: Compressed fonts is used but LV_USE_FONT_COMPRESSED is not enabled in lv_conf.h lv_font_fmt_txt.c:213
[Warn]	(52.166, +1)	 draw_letter_cb: Couldn't get the bitmap of a glyph lv_draw_sw_letter.c:174
[Warn]	(52.166, +0)	 lv_font_get_bitmap_fmt_txt: Compressed fonts is used but LV_USE_FONT_COMPRESSED is not enabled in lv_conf.h lv_font_fmt_txt.c:213
[Warn]	(52.166, +0)	 draw_letter_cb: Couldn't get the bitmap of a glyph lv_draw_sw_letter.c:174
[Warn]	(52.166, +0)	 lv_font_get_bitmap_fmt_txt: Compressed fonts is used but LV_USE_FONT_COMPRESSED is not enabled in lv_conf.h lv_font_fmt_txt.c:213
[Warn]	(52.167, +1)	 draw_letter_cb: Couldn't get the bitmap of a glyph lv_draw_sw_letter.c:174
[Warn]	(52.167, +0)	 lv_font_get_bitmap_fmt_txt: Compressed fonts is used but LV_USE_FONT_COMPRESSED is not enabled in lv_conf.h lv_font_fmt_txt.c:213
[Warn]	(52.167, +0)	 draw_letter_cb: Couldn't get the bitmap of a glyph lv_draw_sw_letter.c:174
[Warn]	(52.168, +1)	 lv_font_get_bitmap_fmt_txt: Compressed fonts is used but LV_USE_FONT_COMPRESSED is not enabled in lv_conf.h lv_font_fmt_txt.c:213
[Warn]	(52.168, +0)	 draw_letter_cb: Couldn't get the bitmap of a glyph lv_draw_sw_letter.c:174
[Warn]	(52.168, +0)	 lv_font_get_bitmap_fmt_txt: Compressed fonts is used but LV_USE_FONT_COMPRESSED is not enabled in lv_conf.h lv_font_fmt_txt.c:213
[Warn]	(52.169, +1)	 draw_letter_cb: Couldn't get the bitmap of a glyph lv_draw_sw_letter.c:174
[Warn]	(52.169, +0)	 lv_font_get_bitmap_fmt_txt: Compressed fonts is used but LV_USE_FONT_COMPRESSED is not enabled in lv_conf.h lv_font_fmt_txt.c:213
[Warn]	(52.169, +0)	 draw_letter_cb: Couldn't get the bitmap of a glyph lv_draw_sw_letter.c:174
[Warn]	(52.170, +1)	 lv_font_get_bitmap_fmt_txt: Compressed fonts is used but LV_USE_FONT_COMPRESSED is not enabled in lv_conf.h lv_font_fmt_txt.c:213
[Warn]	(52.170, +0)	 draw_letter_cb: Couldn't get the bitmap of a glyph lv_draw_sw_letter.c:174
[Warn]	(52.170, +0)	 lv_font_get_bitmap_fmt_txt: Compressed fonts is used but LV_USE_FONT_COMPRESSED is not enabled in lv_conf.h lv_font_fmt_txt.c:213
[Warn]	(52.171, +1)	 draw_letter_cb: Couldn't get the bitmap of a glyph lv_draw_sw_letter.c:174
[Warn]	(52.171, +0)	 lv_font_get_bitmap_fmt_txt: Compressed fonts is used but LV_USE_FONT_COMPRESSED is not enabled in lv_conf.h lv_font_fmt_txt.c:213
[Warn]	(52.171, +0)	 draw_letter_cb: Couldn't get the bitmap of a glyph lv_draw_sw_letter.c:174
[Warn]	(52.171, +0)	 lv_font_get_bitmap_fmt_txt: Compressed fonts is used but LV_USE_FONT_COMPRESSED is not enabled in lv_conf.h lv_font_fmt_txt.c:213
[Warn]	(52.172, +1)	 draw_letter_cb: Couldn't get the bitmap of a glyph lv_draw_sw_letter.c:174
[Warn]	(52.197, +25)	 lv_font_get_bitmap_fmt_txt: Compressed fonts is used but LV_USE_FONT_COMPRESSED is not enabled in lv_conf.h lv_font_fmt_txt.c:213
[Warn]	(52.197, +0)	 draw_letter_cb: Couldn't get the bitmap of a glyph lv_draw_sw_letter.c:174
[Warn]	(52.198, +1)	 lv_font_get_bitmap_fmt_txt: Compressed fonts is used but LV_USE_FONT_COMPRESSED is not enabled in lv_conf.h lv_font_fmt_txt.c:213
[Warn]	(52.198, +0)	 draw_letter_cb: Couldn't get the bitmap of a glyph lv_draw_sw_letter.c:174
[Warn]	(52.198, +0)	 lv_font_get_bitmap_fmt_txt: Compressed fonts is used but LV_USE_FONT_COMPRESSED is not enabled in lv_conf.h lv_font_fmt_txt.c:213
[Warn]	(52.199, +1)	 draw_letter_cb: Couldn't get the bitmap of a glyph lv_draw_sw_letter.c:174
[Warn]	(52.199, +0)	 lv_font_get_bitmap_fmt_txt: Compressed fonts is used but LV_USE_FONT_COMPRESSED is not enabled in lv_conf.h lv_font_fmt_txt.c:213
[Warn]	(52.199, +0)	 draw_letter_cb: Couldn't get the bitmap of a glyph lv_draw_sw_letter.c:174
[Warn]	(52.199, +0)	 lv_font_get_bitmap_fmt_txt: Compressed fonts is used but LV_USE_FONT_COMPRESSED is not enabled in lv_conf.h lv_font_fmt_txt.c:213
[Warn]	(52.200, +1)	 draw_letter_cb: Couldn't get the bitmap of a glyph lv_draw_sw_letter.c:174
[Warn]	(52.200, +0)	 lv_font_get_bitmap_fmt_txt: Compressed fonts is used but LV_USE_FONT_COMPRESSED is not enabled in lv_conf.h lv_font_fmt_txt.c:213
[Warn]	(52.200, +0)	 draw_letter_cb: Couldn't get the bitmap of a glyph lv_draw_sw_letter.c:174
[Warn]	(52.201, +1)	 lv_font_get_bitmap_fmt_txt: Compressed fonts is used but LV_USE_FONT_COMPRESSED is not enabled in lv_conf.h lv_font_fmt_txt.c:213
[Warn]	(52.201, +0)	 draw_letter_cb: Couldn't get the bitmap of a glyph lv_draw_sw_letter.c:174
[Warn]	(52.201, +0)	 lv_font_get_bitmap_fmt_txt: Compressed fonts is used but LV_USE_FONT_COMPRESSED is not enabled in lv_conf.h lv_font_fmt_txt.c:213
[Warn]	(52.202, +1)	 draw_letter_cb: Couldn't get the bitmap of a glyph lv_draw_sw_letter.c:174
[Warn]	(52.202, +0)	 lv_font_get_bitmap_fmt_txt: Compressed fonts is used but LV_USE_FONT_COMPRESSED is not enabled in lv_conf.h lv_font_fmt_txt.c:213
[Warn]	(52.202, +0)	 draw_letter_cb: Couldn't get the bitmap of a glyph lv_draw_sw_letter.c:174
[Warn]	(52.203, +1)	 lv_font_get_bitmap_fmt_txt: Compressed fonts is used but LV_USE_FONT_COMPRESSED is not enabled in lv_conf.h lv_font_fmt_txt.c:213
[Warn]	(52.203, +0)	 draw_letter_cb: Couldn't get the bitmap of a glyph lv_draw_sw_letter.c:174
[Warn]	(52.203, +0)	 lv_font_get_bitmap_fmt_txt: Compressed fonts is used but LV_USE_FONT_COMPRESSED is not enabled in lv_conf.h lv_font_fmt_txt.c:213
[Warn]	(52.204, +1)	 draw_letter_cb: Couldn't get the bitmap of a glyph lv_draw_sw_letter.c:174
[Warn]	(52.204, +0)	 lv_font_get_bitmap_fmt_txt: Compressed fonts is used but LV_USE_FONT_COMPRESSED is not enabled in lv_conf.h lv_font_fmt_txt.c:213
[Warn]	(52.204, +0)	 draw_letter_cb: Couldn't get the bitmap of a glyph lv_draw_sw_letter.c:174
[Warn]	(52.204, +0)	 lv_font_get_bitmap_fmt_txt: Compressed fonts is used but LV_USE_FONT_COMPRESSED is not enabled in lv_conf.h lv_font_fmt_txt.c:213
[Warn]	(52.205, +1)	 draw_letter_cb: Couldn't get the bitmap of a glyph lv_draw_sw_letter.c:174
[Warn]	(52.230, +25)	 lv_font_get_bitmap_fmt_txt: Compressed fonts is used but LV_USE_FONT_COMPRESSED is not enabled in lv_conf.h lv_font_fmt_txt.c:213
[Warn]	(52.230, +0)	 draw_letter_cb: Couldn't get the bitmap of a glyph lv_draw_sw_letter.c:174
[Warn]	(52.231, +1)	 lv_font_get_bitmap_fmt_txt: Compressed fonts is used but LV_USE_FONT_COMPRESSED is not enabled in lv_conf.h lv_font_fmt_txt.c:213
[Warn]	(52.231, +0)	 draw_letter_cb: Couldn't get the bitmap of a glyph lv_draw_sw_letter.c:174
[Warn]	(52.231, +0)	 lv_font_get_bitmap_fmt_txt: Compressed fonts is used but LV_USE_FONT_COMPRESSED is not enabled in lv_conf.h lv_font_fmt_txt.c:213
[Warn]	(52.232, +1)	 draw_letter_cb: Couldn't get the bitmap of a glyph lv_draw_sw_letter.c:174
[Warn]	(52.232, +0)	 lv_font_get_bitmap_fmt_txt: Compressed fonts is used but LV_USE_FONT_COMPRESSED is not enabled in lv_conf.h lv_font_fmt_txt.c:213
[Warn]	(52.232, +0)	 draw_letter_cb: Couldn't get the bitmap of a glyph lv_draw_sw_letter.c:174
[Warn]	(52.232, +0)	 lv_font_get_bitmap_fmt_txt: Compressed fonts is used but LV_USE_FONT_COMPRESSED is not enabled in lv_conf.h lv_font_fmt_txt.c:213
[Warn]	(52.233, +1)	 draw_letter_cb: Couldn't get the bitmap of a glyph lv_draw_sw_letter.c:174
[Warn]	(52.233, +0)	 lv_font_get_bitmap_fmt_txt: Compressed fonts is used but LV_USE_FONT_COMPRESSED is not enabled in lv_conf.h lv_font_fmt_txt.c:213
[Warn]	(52.233, +0)	 draw_letter_cb: Couldn't get the bitmap of a glyph lv_draw_sw_letter.c:174
[Warn]	(52.234, +1)	 lv_font_get_bitmap_fmt_txt: Compressed fonts is used but LV_USE_FONT_COMPRESSED is not enabled in lv_conf.h lv_font_fmt_txt.c:213
[Warn]	(52.234, +0)	 draw_letter_cb: Couldn't get the bitmap of a glyph lv_draw_sw_letter.c:174
[Warn]	(52.234, +0)	 lv_font_get_bitmap_fmt_txt: Compressed fonts is used but LV_USE_FONT_COMPRESSED is not enabled in lv_conf.h lv_font_fmt_txt.c:213
[Warn]	(52.235, +1)	 draw_letter_cb: Couldn't get the bitmap of a glyph lv_draw_sw_letter.c:174
[Warn]	(52.235, +0)	 lv_font_get_bitmap_fmt_txt: Compressed fonts is used but LV_USE_FONT_COMPRESSED is not enabled in lv_conf.h lv_font_fmt_txt.c:213
[Warn]	(52.235, +0)	 draw_letter_cb: Couldn't get the bitmap of a glyph lv_draw_sw_letter.c:174
[Warn]	(52.236, +1)	 lv_font_get_bitmap_fmt_txt: Compressed fonts is used but LV_USE_FONT_COMPRESSED is not enabled in lv_conf.h lv_font_fmt_txt.c:213
[Warn]	(52.236, +0)	 draw_letter_cb: Couldn't get the bitmap of a glyph lv_draw_sw_letter.c:174
[Warn]	(52.236, +0)	 lv_font_get_bitmap_fmt_txt: Compressed fonts is used but LV_USE_FONT_COMPRESSED is not enabled in lv_conf.h lv_font_fmt_txt.c:213
[Warn]	(52.237, +1)	 draw_letter_cb: Couldn't get the bitmap of a glyph lv_draw_sw_letter.c:174
[Warn]	(52.237, +0)	 lv_font_get_bitmap_fmt_txt: Compressed fonts is used but LV_USE_FONT_COMPRESSED is not enabled in lv_conf.h lv_font_fmt_txt.c:213
[Warn]	(52.237, +0)	 draw_letter_cb: Couldn't get the bitmap of a glyph lv_draw_sw_letter.c:174
[Warn]	(52.237, +0)	 lv_font_get_bitmap_fmt_txt: Compressed fonts is used but LV_USE_FONT_COMPRESSED is not enabled in lv_conf.h lv_font_fmt_txt.c:213
[Warn]	(52.238, +1)	 draw_letter_cb: Couldn't get the bitmap of a glyph lv_draw_sw_letter.c:174
[Warn]	(52.263, +25)	 lv_font_get_bitmap_fmt_txt: Compressed fonts is used but LV_USE_FONT_COMPRESSED is not enabled in lv_conf.h lv_font_fmt_txt.c:213
[Warn]	(52.263, +0)	 draw_letter_cb: Couldn't get the bitmap of a glyph lv_draw_sw_letter.c:174
[Warn]	(52.264, +1)	 lv_font_get_bitmap_fmt_txt: Compressed fonts is used but LV_USE_FONT_COMPRESSED is not enabled in lv_conf.h lv_font_fmt_txt.c:213
[Warn]	(52.264, +0)	 draw_letter_cb: Couldn't get the bitmap of a glyph lv_draw_sw_letter.c:174
[Warn]	(52.264, +0)	 lv_font_get_bitmap_fmt_txt: Compressed fonts is used but LV_USE_FONT_COMPRESSED is not enabled in lv_conf.h lv_font_fmt_txt.c:213
[Warn]	(52.265, +1)	 draw_letter_cb: Couldn't get the bitmap of a glyph lv_draw_sw_letter.c:174
[Warn]	(52.265, +0)	 lv_font_get_bitmap_fmt_txt: Compressed fonts is used but LV_USE_FONT_COMPRESSED is not enabled in lv_conf.h lv_font_fmt_txt.c:213
[Warn]	(52.265, +0)	 draw_letter_cb: Couldn't get the bitmap of a glyph lv_draw_sw_letter.c:174
[Warn]	(52.265, +0)	 lv_font_get_bitmap_fmt_txt: Compressed fonts is used but LV_USE_FONT_COMPRESSED is not enabled in lv_conf.h lv_font_fmt_txt.c:213
[Warn]	(52.266, +1)	 draw_letter_cb: Couldn't get the bitmap of a glyph lv_draw_sw_letter.c:174
[Warn]	(52.266, +0)	 lv_font_get_bitmap_fmt_txt: Compressed fonts is used but LV_USE_FONT_COMPRESSED is not enabled in lv_conf.h lv_font_fmt_txt.c:213
[Warn]	(52.267, +1)	 draw_letter_cb: Couldn't get the bitmap of a glyph lv_draw_sw_letter.c:174
[Warn]	(52.267, +0)	 lv_font_get_bitmap_fmt_txt: Compressed fonts is used but LV_USE_FONT_COMPRESSED is not enabled in lv_conf.h lv_font_fmt_txt.c:213
[Warn]	(52.267, +0)	 draw_letter_cb: Couldn't get the bitmap of a glyph lv_draw_sw_letter.c:174
[Warn]	(52.268, +1)	 lv_font_get_bitmap_fmt_txt: Compressed fonts is used but LV_USE_FONT_COMPRESSED is not enabled in lv_conf.h lv_font_fmt_txt.c:213
[Warn]	(52.268, +0)	 draw_letter_cb: Couldn't get the bitmap of a glyph lv_draw_sw_letter.c:174
[Warn]	(52.268, +0)	 lv_font_get_bitmap_fmt_txt: Compressed fonts is used but LV_USE_FONT_COMPRESSED is not enabled in lv_conf.h lv_font_fmt_txt.c:213
[Warn]	(52.269, +1)	 draw_letter_cb: Couldn't get the bitmap of a glyph lv_draw_sw_letter.c:174
[Warn]	(52.269, +0)	 lv_font_get_bitmap_fmt_txt: Compressed fonts is used but LV_USE_FONT_COMPRESSED is not enabled in lv_conf.h lv_font_fmt_txt.c:213
[Warn]	(52.269, +0)	 draw_letter_cb: Couldn't get the bitmap of a glyph lv_draw_sw_letter.c:174
[Warn]	(52.270, +1)	 lv_font_get_bitmap_fmt_txt: Compressed fonts is used but LV_USE_FONT_COMPRESSED is not enabled in lv_conf.h lv_font_fmt_txt.c:213
[Warn]	(52.270, +0)	 draw_letter_cb: Couldn't get the bitmap of a glyph lv_draw_sw_letter.c:174
[Warn]	(52.270, +0)	 lv_font_get_bitmap_fmt_txt: Compressed fonts is used but LV_USE_FONT_COMPRESSED is not enabled in lv_conf.h lv_font_fmt_txt.c:213
[Warn]	(52.271, +1)	 draw_letter_cb: Couldn't get the bitmap of a glyph lv_draw_sw_letter.c:174
[Warn]	(52.271, +0)	 lv_font_get_bitmap_fmt_txt: Compressed fonts is used but LV_USE_FONT_COMPRESSED is not enabled in lv_conf.h lv_font_fmt_txt.c:213
[Warn]	(52.271, +0)	 draw_letter_cb: Couldn't get the bitmap of a glyph lv_draw_sw_letter.c:174
[Warn]	(52.443, +172)	 lv_font_get_bitmap_fmt_txt: Compressed fonts is used but LV_USE_FONT_COMPRESSED is not enabled in lv_conf.h lv_font_fmt_txt.c:213
[Warn]	(52.443, +0)	 draw_letter_cb: Couldn't get the bitmap of a glyph lv_draw_sw_letter.c:174
[Warn]	(52.444, +1)	 lv_font_get_bitmap_fmt_txt: Compressed fonts is used but LV_USE_FONT_COMPRESSED is not enabled in lv_conf.h lv_font_fmt_txt.c:213
[Warn]	(52.444, +0)	 draw_letter_cb: Couldn't get the bitmap of a glyph lv_draw_sw_letter.c:174
[Warn]	(52.444, +0)	 lv_font_get_bitmap_fmt_txt: Compressed fonts is used but LV_USE_FONT_COMPRESSED is not enabled in lv_conf.h lv_font_fmt_txt.c:213
[Warn]	(52.445, +1)	 draw_letter_cb: Couldn't get the bitmap of a glyph lv_draw_sw_letter.c:174
[Warn]	(52.445, +0)	 lv_font_get_bitmap_fmt_txt: Compressed fonts is used but LV_USE_FONT_COMPRESSED is not enabled in lv_conf.h lv_font_fmt_txt.c:213
[Warn]	(52.445, +0)	 draw_letter_cb: Couldn't get the bitmap of a glyph lv_draw_sw_letter.c:174
[Warn]	(52.445, +0)	 lv_font_get_bitmap_fmt_txt: Compressed fonts is used but LV_USE_FONT_COMPRESSED is not enabled in lv_conf.h lv_font_fmt_txt.c:213
[Warn]	(52.446, +1)	 draw_letter_cb: Couldn't get the bitmap of a glyph lv_draw_sw_letter.c:174
[Warn]	(52.446, +0)	 lv_font_get_bitmap_fmt_txt: Compressed fonts is used but LV_USE_FONT_COMPRESSED is not enabled in lv_conf.h lv_font_fmt_txt.c:213
[Warn]	(52.446, +0)	 draw_letter_cb: Couldn't get the bitmap of a glyph lv_draw_sw_letter.c:174
[Warn]	(52.447, +1)	 lv_font_get_bitmap_fmt_txt: Compressed fonts is used but LV_USE_FONT_COMPRESSED is not enabled in lv_conf.h lv_font_fmt_txt.c:213
[Warn]	(52.447, +0)	 draw_letter_cb: Couldn't get the bitmap of a glyph lv_draw_sw_letter.c:174
[Warn]	(52.447, +0)	 lv_font_get_bitmap_fmt_txt: Compressed fonts is used but LV_USE_FONT_COMPRESSED is not enabled in lv_conf.h lv_font_fmt_txt.c:213
[Warn]	(52.448, +1)	 draw_letter_cb: Couldn't get the bitmap of a glyph lv_draw_sw_letter.c:174
[Warn]	(52.448, +0)	 lv_font_get_bitmap_fmt_txt: Compressed fonts is used but LV_USE_FONT_COMPRESSED is not enabled in lv_conf.h lv_font_fmt_txt.c:213
[Warn]	(52.448, +0)	 draw_letter_cb: Couldn't get the bitmap of a glyph lv_draw_sw_letter.c:174
[Warn]	(52.449, +1)	 lv_font_get_bitmap_fmt_txt: Compressed fonts is used but LV_USE_FONT_COMPRESSED is not enabled in lv_conf.h lv_font_fmt_txt.c:213
[Warn]	(52.449, +0)	 draw_letter_cb: Couldn't get the bitmap of a glyph lv_draw_sw_letter.c:174
[Warn]	(52.449, +0)	 lv_font_get_bitmap_fmt_txt: Compressed fonts is used but LV_USE_FONT_COMPRESSED is not enabled in lv_conf.h lv_font_fmt_txt.c:213
[Warn]	(52.450, +1)	 draw_letter_cb: Couldn't get the bitmap of a glyph lv_draw_sw_letter.c:174
[Warn]	(52.450, +0)	 lv_font_get_bitmap_fmt_txt: Compressed fonts is used but LV_USE_FONT_COMPRESSED is not enabled in lv_conf.h lv_font_fmt_txt.c:213
[Warn]	(52.450, +0)	 draw_letter_cb: Couldn't get the bitmap of a glyph lv_draw_sw_letter.c:174
[Warn]	(52.450, +0)	 lv_font_get_bitmap_fmt_txt: Compressed fonts is used but LV_USE_FONT_COMPRESSED is not enabled in lv_conf.h lv_font_fmt_txt.c:213
[Warn]	(52.451, +1)	 draw_letter_cb: Couldn't get the bitmap of a glyph lv_draw_sw_letter.c:174
[Warn]	(52.451, +0)	 lv_font_get_bitmap_fmt_txt: Compressed fonts is used but LV_USE_FONT_COMPRESSED is not enabled in lv_conf.h lv_font_fmt_txt.c:213
[Warn]	(52.451, +0)	 draw_letter_cb: Couldn't get the bitmap of a glyph lv_draw_sw_letter.c:174
[Warn]	(52.476, +25)	 lv_font_get_bitmap_fmt_txt: Compressed fonts is used but LV_USE_FONT_COMPRESSED is not enabled in lv_conf.h lv_font_fmt_txt.c:213
[Warn]	(52.476, +0)	 draw_letter_cb: Couldn't get the bitmap of a glyph lv_draw_sw_letter.c:174
[Warn]	(52.477, +1)	 lv_font_get_bitmap_fmt_txt: Compressed fonts is used but LV_USE_FONT_COMPRESSED is not enabled in lv_conf.h lv_font_fmt_txt.c:213
[Warn]	(52.477, +0)	 draw_letter_cb: Couldn't get the bitmap of a glyph lv_draw_sw_letter.c:174
[Warn]	(52.477, +0)	 lv_font_get_bitmap_fmt_txt: Compressed fonts is used but LV_USE_FONT_COMPRESSED is not enabled in lv_conf.h lv_font_fmt_txt.c:213
[Warn]	(52.478, +1)	 draw_letter_cb: Couldn't get the bitmap of a glyph lv_draw_sw_letter.c:174
[Warn]	(52.478, +0)	 lv_font_get_bitmap_fmt_txt: Compressed fonts is used but LV_USE_FONT_COMPRESSED is not enabled in lv_conf.h lv_font_fmt_txt.c:213
[Warn]	(52.478, +0)	 draw_letter_cb: Couldn't get the bitmap of a glyph lv_draw_sw_letter.c:174
[Warn]	(52.479, +1)	 lv_font_get_bitmap_fmt_txt: Compressed fonts is used but LV_USE_FONT_COMPRESSED is not enabled in lv_conf.h lv_font_fmt_txt.c:213
[Warn]	(52.479, +0)	 draw_letter_cb: Couldn't get the bitmap of a glyph lv_draw_sw_letter.c:174
[Warn]	(52.479, +0)	 lv_font_get_bitmap_fmt_txt: Compressed fonts is used but LV_USE_FONT_COMPRESSED is not enabled in lv_conf.h lv_font_fmt_txt.c:213
[Warn]	(52.480, +1)	 draw_letter_cb: Couldn't get the bitmap of a glyph lv_draw_sw_letter.c:174
[Warn]	(52.480, +0)	 lv_font_get_bitmap_fmt_txt: Compressed fonts is used but LV_USE_FONT_COMPRESSED is not enabled in lv_conf.h lv_font_fmt_txt.c:213
[Warn]	(52.480, +0)	 draw_letter_cb: Couldn't get the bitmap of a glyph lv_draw_sw_letter.c:174
[Warn]	(52.480, +0)	 lv_font_get_bitmap_fmt_txt: Compressed fonts is used but LV_USE_FONT_COMPRESSED is not enabled in lv_conf.h lv_font_fmt_txt.c:213
[Warn]	(52.481, +1)	 draw_letter_cb: Couldn't get the bitmap of a glyph lv_draw_sw_letter.c:174
[Warn]	(52.481, +0)	 lv_font_get_bitmap_fmt_txt: Compressed fonts is used but LV_USE_FONT_COMPRESSED is not enabled in lv_conf.h lv_font_fmt_txt.c:213
[Warn]	(52.481, +0)	 draw_letter_cb: Couldn't get the bitmap of a glyph lv_draw_sw_letter.c:174
[Warn]	(52.482, +1)	 lv_font_get_bitmap_fmt_txt: Compressed fonts is used but LV_USE_FONT_COMPRESSED is not enabled in lv_conf.h lv_font_fmt_txt.c:213
[Warn]	(52.482, +0)	 draw_letter_cb: Couldn't get the bitmap of a glyph lv_draw_sw_letter.c:174
[Warn]	(52.482, +0)	 lv_font_get_bitmap_fmt_txt: Compressed fonts is used but LV_USE_FONT_COMPRESSED is not enabled in lv_conf.h lv_font_fmt_txt.c:213
[Warn]	(52.483, +1)	 draw_letter_cb: Couldn't get the bitmap of a glyph lv_draw_sw_letter.c:174
[Warn]	(52.483, +0)	 lv_font_get_bitmap_fmt_txt: Compressed fonts is used but LV_USE_FONT_COMPRESSED is not enabled in lv_conf.h lv_font_fmt_txt.c:213
[Warn]	(52.483, +0)	 draw_letter_cb: Couldn't get the bitmap of a glyph lv_draw_sw_letter.c:174
[Warn]	(52.484, +1)	 lv_font_get_bitmap_fmt_txt: Compressed fonts is used but LV_USE_FONT_COMPRESSED is not enabled in lv_conf.h lv_font_fmt_txt.c:213
[Warn]	(52.484, +0)	 draw_letter_cb: Couldn't get the bitmap of a glyph lv_draw_sw_letter.c:174
[Warn]	(52.484, +0)	 lv_font_get_bitmap_fmt_txt: Compressed fonts is used but LV_USE_FONT_COMPRESSED is not enabled in lv_conf.h lv_font_fmt_txt.c:213
[Warn]	(52.485, +1)	 draw_letter_cb: Couldn't get the bitmap of a glyph lv_draw_sw_letter.c:174
[Warn]	(52.509, +24)	 lv_font_get_bitmap_fmt_txt: Compressed fonts is used but LV_USE_FONT_COMPRESSED is not enabled in lv_conf.h lv_font_fmt_txt.c:213
[Warn]	(52.509, +0)	 draw_letter_cb: Couldn't get the bitmap of a glyph lv_draw_sw_letter.c:174
[Warn]	(52.510, +1)	 lv_font_get_bitmap_fmt_txt: Compressed fonts is used but LV_USE_FONT_COMPRESSED is not enabled in lv_conf.h lv_font_fmt_txt.c:213
[Warn]	(52.510, +0)	 draw_letter_cb: Couldn't get the bitmap of a glyph lv_draw_sw_letter.c:174
[Warn]	(52.510, +0)	 lv_font_get_bitmap_fmt_txt: Compressed fonts is used but LV_USE_FONT_COMPRESSED is not enabled in lv_conf.h lv_font_fmt_txt.c:213
[Warn]	(52.511, +1)	 draw_letter_cb: Couldn't get the bitmap of a glyph lv_draw_sw_letter.c:174
[Warn]	(52.511, +0)	 lv_font_get_bitmap_fmt_txt: Compressed fonts is used but LV_USE_FONT_COMPRESSED is not enabled in lv_conf.h lv_font_fmt_txt.c:213
[Warn]	(52.511, +0)	 draw_letter_cb: Couldn't get the bitmap of a glyph lv_draw_sw_letter.c:174
[Warn]	(52.511, +0)	 lv_font_get_bitmap_fmt_txt: Compressed fonts is used but LV_USE_FONT_COMPRESSED is not enabled in lv_conf.h lv_font_fmt_txt.c:213
[Warn]	(52.512, +1)	 draw_letter_cb: Couldn't get the bitmap of a glyph lv_draw_sw_letter.c:174
[Warn]	(52.512, +0)	 lv_font_get_bitmap_fmt_txt: Compressed fonts is used but LV_USE_FONT_COMPRESSED is not enabled in lv_conf.h lv_font_fmt_txt.c:213
[Warn]	(52.512, +0)	 draw_letter_cb: Couldn't get the bitmap of a glyph lv_draw_sw_letter.c:174
[Warn]	(52.513, +1)	 lv_font_get_bitmap_fmt_txt: Compressed fonts is used but LV_USE_FONT_COMPRESSED is not enabled in lv_conf.h lv_font_fmt_txt.c:213
[Warn]	(52.513, +0)	 draw_letter_cb: Couldn't get the bitmap of a glyph lv_draw_sw_letter.c:174
[Warn]	(52.513, +0)	 lv_font_get_bitmap_fmt_txt: Compressed fonts is used but LV_USE_FONT_COMPRESSED is not enabled in lv_conf.h lv_font_fmt_txt.c:213
[Warn]	(52.514, +1)	 draw_letter_cb: Couldn't get the bitmap of a glyph lv_draw_sw_letter.c:174
[Warn]	(52.514, +0)	 lv_font_get_bitmap_fmt_txt: Compressed fonts is used but LV_USE_FONT_COMPRESSED is not enabled in lv_conf.h lv_font_fmt_txt.c:213
[Warn]	(52.514, +0)	 draw_letter_cb: Couldn't get the bitmap of a glyph lv_draw_sw_letter.c:174
[Warn]	(52.514, +0)	 lv_font_get_bitmap_fmt_txt: Compressed fonts is used but LV_USE_FONT_COMPRESSED is not enabled in lv_conf.h lv_font_fmt_txt.c:213
[Warn]	(52.515, +1)	 draw_letter_cb: Couldn't get the bitmap of a glyph lv_draw_sw_letter.c:174
[Warn]	(52.515, +0)	 lv_font_get_bitmap_fmt_txt: Compressed fonts is used but LV_USE_FONT_COMPRESSED is not enabled in lv_conf.h lv_font_fmt_txt.c:213
[Warn]	(52.515, +0)	 draw_letter_cb: Couldn't get the bitmap of a glyph lv_draw_sw_letter.c:174
[Warn]	(52.516, +1)	 lv_font_get_bitmap_fmt_txt: Compressed fonts is used but LV_USE_FONT_COMPRESSED is not enabled in lv_conf.h lv_font_fmt_txt.c:213
[Warn]	(52.516, +0)	 draw_letter_cb: Couldn't get the bitmap of a glyph lv_draw_sw_letter.c:174
[Warn]	(52.516, +0)	 lv_font_get_bitmap_fmt_txt: Compressed fonts is used but LV_USE_FONT_COMPRESSED is not enabled in lv_conf.h lv_font_fmt_txt.c:213
[Warn]	(52.517, +1)	 draw_letter_cb: Couldn't get the bitmap of a glyph lv_draw_sw_letter.c:174
[Warn]	(52.517, +0)	 lv_font_get_bitmap_fmt_txt: Compressed fonts is used but LV_USE_FONT_COMPRESSED is not enabled in lv_conf.h lv_font_fmt_txt.c:213
[Warn]	(52.517, +0)	 draw_letter_cb: Couldn't get the bitmap of a glyph lv_draw_sw_letter.c:174
[Warn]	(52.542, +25)	 lv_font_get_bitmap_fmt_txt: Compressed fonts is used but LV_USE_FONT_COMPRESSED is not enabled in lv_conf.h lv_font_fmt_txt.c:213
[Warn]	(52.542, +0)	 draw_letter_cb: Couldn't get the bitmap of a glyph lv_draw_sw_letter.c:174
[Warn]	(52.543, +1)	 lv_font_get_bitmap_fmt_txt: Compressed fonts is used but LV_USE_FONT_COMPRESSED is not enabled in lv_conf.h lv_font_fmt_txt.c:213
[Warn]	(52.543, +0)	 draw_letter_cb: Couldn't get the bitmap of a glyph lv_draw_sw_letter.c:174
[Warn]	(52.543, +0)	 lv_font_get_bitmap_fmt_txt: Compressed fonts is used but LV_USE_FONT_COMPRESSED is not enabled in lv_conf.h lv_font_fmt_txt.c:213
[Warn]	(52.544, +1)	 draw_letter_cb: Couldn't get the bitmap of a glyph lv_draw_sw_letter.c:174
[Warn]	(52.544, +0)	 lv_font_get_bitmap_fmt_txt: Compressed fonts is used but LV_USE_FONT_COMPRESSED is not enabled in lv_conf.h lv_font_fmt_txt.c:213
[Warn]	(52.544, +0)	 draw_letter_cb: Couldn't get the bitmap of a glyph lv_draw_sw_letter.c:174
[Warn]	(52.544, +0)	 lv_font_get_bitmap_fmt_txt: Compressed fonts is used but LV_USE_FONT_COMPRESSED is not enabled in lv_conf.h lv_font_fmt_txt.c:213
[Warn]	(52.545, +1)	 draw_letter_cb: Couldn't get the bitmap of a glyph lv_draw_sw_letter.c:174
[Warn]	(52.545, +0)	 lv_font_get_bitmap_fmt_txt: Compressed fonts is used but LV_USE_FONT_COMPRESSED is not enabled in lv_conf.h lv_font_fmt_txt.c:213
[Warn]	(52.545, +0)	 draw_letter_cb: Couldn't get the bitmap of a glyph lv_draw_sw_letter.c:174
[Warn]	(52.546, +1)	 lv_font_get_bitmap_fmt_txt: Compressed fonts is used but LV_USE_FONT_COMPRESSED is not enabled in lv_conf.h lv_font_fmt_txt.c:213
[Warn]	(52.546, +0)	 draw_letter_cb: Couldn't get the bitmap of a glyph lv_draw_sw_letter.c:174
[Warn]	(52.546, +0)	 lv_font_get_bitmap_fmt_txt: Compressed fonts is used but LV_USE_FONT_COMPRESSED is not enabled in lv_conf.h lv_font_fmt_txt.c:213
[Warn]	(52.547, +1)	 draw_letter_cb: Couldn't get the bitmap of a glyph lv_draw_sw_letter.c:174
[Warn]	(52.547, +0)	 lv_font_get_bitmap_fmt_txt: Compressed fonts is used but LV_USE_FONT_COMPRESSED is not enabled in lv_conf.h lv_font_fmt_txt.c:213
[Warn]	(52.547, +0)	 draw_letter_cb: Couldn't get the bitmap of a glyph lv_draw_sw_letter.c:174
[Warn]	(52.548, +1)	 lv_font_get_bitmap_fmt_txt: Compressed fonts is used but LV_USE_FONT_COMPRESSED is not enabled in lv_conf.h lv_font_fmt_txt.c:213
[Warn]	(52.548, +0)	 draw_letter_cb: Couldn't get the bitmap of a glyph lv_draw_sw_letter.c:174
[Warn]	(52.548, +0)	 lv_font_get_bitmap_fmt_txt: Compressed fonts is used but LV_USE_FONT_COMPRESSED is not enabled in lv_conf.h lv_font_fmt_txt.c:213
[Warn]	(52.549, +1)	 draw_letter_cb: Couldn't get the bitmap of a glyph lv_draw_sw_letter.c:174
[Warn]	(52.549, +0)	 lv_font_get_bitmap_fmt_txt: Compressed fonts is used but LV_USE_FONT_COMPRESSED is not enabled in lv_conf.h lv_font_fmt_txt.c:213
[Warn]	(52.549, +0)	 draw_letter_cb: Couldn't get the bitmap of a glyph lv_draw_sw_letter.c:174
[Warn]	(52.549, +0)	 lv_font_get_bitmap_fmt_txt: Compressed fonts is used but LV_USE_FONT_COMPRESSED is not enabled in lv_conf.h lv_font_fmt_txt.c:213
[Warn]	(52.550, +1)	 draw_letter_cb: Couldn't get the bitmap of a glyph lv_draw_sw_letter.c:174
[Warn]	(52.550, +0)	 lv_font_get_bitmap_fmt_txt: Compressed fonts is used but LV_USE_FONT_COMPRESSED is not enabled in lv_conf.h lv_font_fmt_txt.c:213
[Warn]	(52.550, +0)	 draw_letter_cb: Couldn't get the bitmap of a glyph lv_draw_sw_letter.c:174
[Warn]	(52.575, +25)	 lv_font_get_bitmap_fmt_txt: Compressed fonts is used but LV_USE_FONT_COMPRESSED is not enabled in lv_conf.h lv_font_fmt_txt.c:213
[Warn]	(52.575, +0)	 draw_letter_cb: Couldn't get the bitmap of a glyph lv_draw_sw_letter.c:174
[Warn]	(52.576, +1)	 lv_font_get_bitmap_fmt_txt: Compressed fonts is used but LV_USE_FONT_COMPRESSED is not enabled in lv_conf.h lv_font_fmt_txt.c:213
[Warn]	(52.576, +0)	 draw_letter_cb: Couldn't get the bitmap of a glyph lv_draw_sw_letter.c:174
[Warn]	(52.576, +0)	 lv_font_get_bitmap_fmt_txt: Compressed fonts is used but LV_USE_FONT_COMPRESSED is not enabled in lv_conf.h lv_font_fmt_txt.c:213
[Warn]	(52.577, +1)	 draw_letter_cb: Couldn't get the bitmap of a glyph lv_draw_sw_letter.c:174
[Warn]	(52.577, +0)	 lv_font_get_bitmap_fmt_txt: Compressed fonts is used but LV_USE_FONT_COMPRESSED is not enabled in lv_conf.h lv_font_fmt_txt.c:213
[Warn]	(52.577, +0)	 draw_letter_cb: Couldn't get the bitmap of a glyph lv_draw_sw_letter.c:174
[Warn]	(52.577, +0)	 lv_font_get_bitmap_fmt_txt: Compressed fonts is used but LV_USE_FONT_COMPRESSED is not enabled in lv_conf.h lv_font_fmt_txt.c:213
[Warn]	(52.578, +1)	 draw_letter_cb: Couldn't get the bitmap of a glyph lv_draw_sw_letter.c:174
[Warn]	(52.578, +0)	 lv_font_get_bitmap_fmt_txt: Compressed fonts is used but LV_USE_FONT_COMPRESSED is not enabled in lv_conf.h lv_font_fmt_txt.c:213
[Warn]	(52.578, +0)	 draw_letter_cb: Couldn't get the bitmap of a glyph lv_draw_sw_letter.c:174
[Warn]	(52.579, +1)	 lv_font_get_bitmap_fmt_txt: Compressed fonts is used but LV_USE_FONT_COMPRESSED is not enabled in lv_conf.h lv_font_fmt_txt.c:213
[Warn]	(52.579, +0)	 draw_letter_cb: Couldn't get the bitmap of a glyph lv_draw_sw_letter.c:174
[Warn]	(52.579, +0)	 lv_font_get_bitmap_fmt_txt: Compressed fonts is used but LV_USE_FONT_COMPRESSED is not enabled in lv_conf.h lv_font_fmt_txt.c:213
[Warn]	(52.580, +1)	 draw_letter_cb: Couldn't get the bitmap of a glyph lv_draw_sw_letter.c:174
[Warn]	(52.580, +0)	 lv_font_get_bitmap_fmt_txt: Compressed fonts is used but LV_USE_FONT_COMPRESSED is not enabled in lv_conf.h lv_font_fmt_txt.c:213
[Warn]	(52.580, +0)	 draw_letter_cb: Couldn't get the bitmap of a glyph lv_draw_sw_letter.c:174
[Warn]	(52.580, +0)	 lv_font_get_bitmap_fmt_txt: Compressed fonts is used but LV_USE_FONT_COMPRESSED is not enabled in lv_conf.h lv_font_fmt_txt.c:213
[Warn]	(52.581, +1)	 draw_letter_cb: Couldn't get the bitmap of a glyph lv_draw_sw_letter.c:174
[Warn]	(52.581, +0)	 lv_font_get_bitmap_fmt_txt: Compressed fonts is used but LV_USE_FONT_COMPRESSED is not enabled in lv_conf.h lv_font_fmt_txt.c:213
[Warn]	(52.581, +0)	 draw_letter_cb: Couldn't get the bitmap of a glyph lv_draw_sw_letter.c:174
[Warn]	(52.582, +1)	 lv_font_get_bitmap_fmt_txt: Compressed fonts is used but LV_USE_FONT_COMPRESSED is not enabled in lv_conf.h lv_font_fmt_txt.c:213
[Warn]	(52.582, +0)	 draw_letter_cb: Couldn't get the bitmap of a glyph lv_draw_sw_letter.c:174
[Warn]	(52.582, +0)	 lv_font_get_bitmap_fmt_txt: Compressed fonts is used but LV_USE_FONT_COMPRESSED is not enabled in lv_conf.h lv_font_fmt_txt.c:213
[Warn]	(52.583, +1)	 draw_letter_cb: Couldn't get the bitmap of a glyph lv_draw_sw_letter.c:174
[Warn]	(52.583, +0)	 lv_font_get_bitmap_fmt_txt: Compressed fonts is used but LV_USE_FONT_COMPRESSED is not enabled in lv_conf.h lv_font_fmt_txt.c:213
[Warn]	(52.583, +0)	 draw_letter_cb: Couldn't get the bitmap of a glyph lv_draw_sw_letter.c:174
[Warn]	(52.608, +25)	 lv_font_get_bitmap_fmt_txt: Compressed fonts is used but LV_USE_FONT_COMPRESSED is not enabled in lv_conf.h lv_font_fmt_txt.c:213
[Warn]	(52.608, +0)	 draw_letter_cb: Couldn't get the bitmap of a glyph lv_draw_sw_letter.c:174
[Warn]	(52.609, +1)	 lv_font_get_bitmap_fmt_txt: Compressed fonts is used but LV_USE_FONT_COMPRESSED is not enabled in lv_conf.h lv_font_fmt_txt.c:213
[Warn]	(52.609, +0)	 draw_letter_cb: Couldn't get the bitmap of a glyph lv_draw_sw_letter.c:174
[Warn]	(52.609, +0)	 lv_font_get_bitmap_fmt_txt: Compressed fonts is used but LV_USE_FONT_COMPRESSED is not enabled in lv_conf.h lv_font_fmt_txt.c:213
[Warn]	(52.610, +1)	 draw_letter_cb: Couldn't get the bitmap of a glyph lv_draw_sw_letter.c:174
[Warn]	(52.610, +0)	 lv_font_get_bitmap_fmt_txt: Compressed fonts is used but LV_USE_FONT_COMPRESSED is not enabled in lv_conf.h lv_font_fmt_txt.c:213
[Warn]	(52.610, +0)	 draw_letter_cb: Couldn't get the bitmap of a glyph lv_draw_sw_letter.c:174
[Warn]	(52.610, +0)	 lv_font_get_bitmap_fmt_txt: Compressed fonts is used but LV_USE_FONT_COMPRESSED is not enabled in lv_conf.h lv_font_fmt_txt.c:213
[Warn]	(52.611, +1)	 draw_letter_cb: Couldn't get the bitmap of a glyph lv_draw_sw_letter.c:174
[Warn]	(52.611, +0)	 lv_font_get_bitmap_fmt_txt: Compressed fonts is used but LV_USE_FONT_COMPRESSED is not enabled in lv_conf.h lv_font_fmt_txt.c:213
[Warn]	(52.611, +0)	 draw_letter_cb: Couldn't get the bitmap of a glyph lv_draw_sw_letter.c:174
[Warn]	(52.612, +1)	 lv_font_get_bitmap_fmt_txt: Compressed fonts is used but LV_USE_FONT_COMPRESSED is not enabled in lv_conf.h lv_font_fmt_txt.c:213
[Warn]	(52.612, +0)	 draw_letter_cb: Couldn't get the bitmap of a glyph lv_draw_sw_letter.c:174
[Warn]	(52.612, +0)	 lv_font_get_bitmap_fmt_txt: Compressed fonts is used but LV_USE_FONT_COMPRESSED is not enabled in lv_conf.h lv_font_fmt_txt.c:213
[Warn]	(52.613, +1)	 draw_letter_cb: Couldn't get the bitmap of a glyph lv_draw_sw_letter.c:174
[Warn]	(52.613, +0)	 lv_font_get_bitmap_fmt_txt: Compressed fonts is used but LV_USE_FONT_COMPRESSED is not enabled in lv_conf.h lv_font_fmt_txt.c:213
[Warn]	(52.613, +0)	 draw_letter_cb: Couldn't get the bitmap of a glyph lv_draw_sw_letter.c:174
[Warn]	(52.614, +1)	 lv_font_get_bitmap_fmt_txt: Compressed fonts is used but LV_USE_FONT_COMPRESSED is not enabled in lv_conf.h lv_font_fmt_txt.c:213
[Warn]	(52.614, +0)	 draw_letter_cb: Couldn't get the bitmap of a glyph lv_draw_sw_letter.c:174
[Warn]	(52.614, +0)	 lv_font_get_bitmap_fmt_txt: Compressed fonts is used but LV_USE_FONT_COMPRESSED is not enabled in lv_conf.h lv_font_fmt_txt.c:213
[Warn]	(52.615, +1)	 draw_letter_cb: Couldn't get the bitmap of a glyph lv_draw_sw_letter.c:174
[Warn]	(52.615, +0)	 lv_font_get_bitmap_fmt_txt: Compressed fonts is used but LV_USE_FONT_COMPRESSED is not enabled in lv_conf.h lv_font_fmt_txt.c:213
[Warn]	(52.615, +0)	 draw_letter_cb: Couldn't get the bitmap of a glyph lv_draw_sw_letter.c:174
[Warn]	(52.615, +0)	 lv_font_get_bitmap_fmt_txt: Compressed fonts is used but LV_USE_FONT_COMPRESSED is not enabled in lv_conf.h lv_font_fmt_txt.c:213
[Warn]	(52.616, +1)	 draw_letter_cb: Couldn't get the bitmap of a glyph lv_draw_sw_letter.c:174
[Warn]	(52.616, +0)	 lv_font_get_bitmap_fmt_txt: Compressed fonts is used but LV_USE_FONT_COMPRESSED is not enabled in lv_conf.h lv_font_fmt_txt.c:213
[Warn]	(52.616, +0)	 draw_letter_cb: Couldn't get the bitmap of a glyph lv_draw_sw_letter.c:174
[Warn]	(52.647, +31)	 lv_font_get_bitmap_fmt_txt: Compressed fonts is used but LV_USE_FONT_COMPRESSED is not enabled in lv_conf.h lv_font_fmt_txt.c:213
[Warn]	(52.648, +1)	 draw_letter_cb: Couldn't get the bitmap of a glyph lv_draw_sw_letter.c:174
[Warn]	(52.648, +0)	 lv_font_get_bitmap_fmt_txt: Compressed fonts is used but LV_USE_FONT_COMPRESSED is not enabled in lv_conf.h lv_font_fmt_txt.c:213
[Warn]	(52.649, +1)	 draw_letter_cb: Couldn't get the bitmap of a glyph lv_draw_sw_letter.c:174
[Warn]	(52.649, +0)	 lv_font_get_bitmap_fmt_txt: Compressed fonts is used but LV_USE_FONT_COMPRESSED is not enabled in lv_conf.h lv_font_fmt_txt.c:213
[Warn]	(52.649, +0)	 draw_letter_cb: Couldn't get the bitmap of a glyph lv_draw_sw_letter.c:174
[Warn]	(52.650, +1)	 lv_font_get_bitmap_fmt_txt: Compressed fonts is used but LV_USE_FONT_COMPRESSED is not enabled in lv_conf.h lv_font_fmt_txt.c:213
[Warn]	(52.650, +0)	 draw_letter_cb: Couldn't get the bitmap of a glyph lv_draw_sw_letter.c:174
[Warn]	(52.650, +0)	 lv_font_get_bitmap_fmt_txt: Compressed fonts is used but LV_USE_FONT_COMPRESSED is not enabled in lv_conf.h lv_font_fmt_txt.c:213
[Warn]	(52.651, +1)	 draw_letter_cb: Couldn't get the bitmap of a glyph lv_draw_sw_letter.c:174
[Warn]	(52.651, +0)	 lv_font_get_bitmap_fmt_txt: Compressed fonts is used but LV_USE_FONT_COMPRESSED is not enabled in lv_conf.h lv_font_fmt_txt.c:213
[Warn]	(52.651, +0)	 draw_letter_cb: Couldn't get the bitmap of a glyph lv_draw_sw_letter.c:174
[Warn]	(52.651, +0)	 lv_font_get_bitmap_fmt_txt: Compressed fonts is used but LV_USE_FONT_COMPRESSED is not enabled in lv_conf.h lv_font_fmt_txt.c:213
[Warn]	(52.652, +1)	 draw_letter_cb: Couldn't get the bitmap of a glyph lv_draw_sw_letter.c:174
[Warn]	(52.652, +0)	 lv_font_get_bitmap_fmt_txt: Compressed fonts is used but LV_USE_FONT_COMPRESSED is not enabled in lv_conf.h lv_font_fmt_txt.c:213
[Warn]	(52.652, +0)	 draw_letter_cb: Couldn't get the bitmap of a glyph lv_draw_sw_letter.c:174
[Warn]	(52.653, +1)	 lv_font_get_bitmap_fmt_txt: Compressed fonts is used but LV_USE_FONT_COMPRESSED is not enabled in lv_conf.h lv_font_fmt_txt.c:213
[Warn]	(52.653, +0)	 draw_letter_cb: Couldn't get the bitmap of a glyph lv_draw_sw_letter.c:174
[Warn]	(52.653, +0)	 lv_font_get_bitmap_fmt_txt: Compressed fonts is used but LV_USE_FONT_COMPRESSED is not enabled in lv_conf.h lv_font_fmt_txt.c:213
[Warn]	(52.654, +1)	 draw_letter_cb: Couldn't get the bitmap of a glyph lv_draw_sw_letter.c:174
[Warn]	(52.654, +0)	 lv_font_get_bitmap_fmt_txt: Compressed fonts is used but LV_USE_FONT_COMPRESSED is not enabled in lv_conf.h lv_font_fmt_txt.c:213
[Warn]	(52.654, +0)	 draw_letter_cb: Couldn't get the bitmap of a glyph lv_draw_sw_letter.c:174
[Warn]	(52.655, +1)	 lv_font_get_bitmap_fmt_txt: Compressed fonts is used but LV_USE_FONT_COMPRESSED is not enabled in lv_conf.h lv_font_fmt_txt.c:213
[Warn]	(52.655, +0)	 draw_letter_cb: Couldn't get the bitmap of a glyph lv_draw_sw_letter.c:174
[Warn]	(52.655, +0)	 lv_font_get_bitmap_fmt_txt: Compressed fonts is used but LV_USE_FONT_COMPRESSED is not enabled in lv_conf.h lv_font_fmt_txt.c:213
[Warn]	(52.656, +1)	 draw_letter_cb: Couldn't get the bitmap of a glyph lv_draw_sw_letter.c:174
[Warn]	(52.656, +0)	 lv_font_get_bitmap_fmt_txt: Compressed fonts is used but LV_USE_FONT_COMPRESSED is not enabled in lv_conf.h lv_font_fmt_txt.c:213
[Warn]	(52.656, +0)	 draw_letter_cb: Couldn't get the bitmap of a glyph lv_draw_sw_letter.c:174
[Warn]	(52.681, +25)	 lv_font_get_bitmap_fmt_txt: Compressed fonts is used but LV_USE_FONT_COMPRESSED is not enabled in lv_conf.h lv_font_fmt_txt.c:213
[Warn]	(52.681, +0)	 draw_letter_cb: Couldn't get the bitmap of a glyph lv_draw_sw_letter.c:174
[Warn]	(52.682, +1)	 lv_font_get_bitmap_fmt_txt: Compressed fonts is used but LV_USE_FONT_COMPRESSED is not enabled in lv_conf.h lv_font_fmt_txt.c:213
[Warn]	(52.682, +0)	 draw_letter_cb: Couldn't get the bitmap of a glyph lv_draw_sw_letter.c:174
[Warn]	(52.682, +0)	 lv_font_get_bitmap_fmt_txt: Compressed fonts is used but LV_USE_FONT_COMPRESSED is not enabled in lv_conf.h lv_font_fmt_txt.c:213
[Warn]	(52.683, +1)	 draw_letter_cb: Couldn't get the bitmap of a glyph lv_draw_sw_letter.c:174
[Warn]	(52.683, +0)	 lv_font_get_bitmap_fmt_txt: Compressed fonts is used but LV_USE_FONT_COMPRESSED is not enabled in lv_conf.h lv_font_fmt_txt.c:213
[Warn]	(52.683, +0)	 draw_letter_cb: Couldn't get the bitmap of a glyph lv_draw_sw_letter.c:174
[Warn]	(52.683, +0)	 lv_font_get_bitmap_fmt_txt: Compressed fonts is used but LV_USE_FONT_COMPRESSED is not enabled in lv_conf.h lv_font_fmt_txt.c:213
[Warn]	(52.684, +1)	 draw_letter_cb: Couldn't get the bitmap of a glyph lv_draw_sw_letter.c:174
[Warn]	(52.684, +0)	 lv_font_get_bitmap_fmt_txt: Compressed fonts is used but LV_USE_FONT_COMPRESSED is not enabled in lv_conf.h lv_font_fmt_txt.c:213
[Warn]	(52.684, +0)	 draw_letter_cb: Couldn't get the bitmap of a glyph lv_draw_sw_letter.c:174
[Warn]	(52.685, +1)	 lv_font_get_bitmap_fmt_txt: Compressed fonts is used but LV_USE_FONT_COMPRESSED is not enabled in lv_conf.h lv_font_fmt_txt.c:213
[Warn]	(52.685, +0)	 draw_letter_cb: Couldn't get the bitmap of a glyph lv_draw_sw_letter.c:174
[Warn]	(52.685, +0)	 lv_font_get_bitmap_fmt_txt: Compressed fonts is used but LV_USE_FONT_COMPRESSED is not enabled in lv_conf.h lv_font_fmt_txt.c:213
[Warn]	(52.686, +1)	 draw_letter_cb: Couldn't get the bitmap of a glyph lv_draw_sw_letter.c:174
[Warn]	(52.686, +0)	 lv_font_get_bitmap_fmt_txt: Compressed fonts is used but LV_USE_FONT_COMPRESSED is not enabled in lv_conf.h lv_font_fmt_txt.c:213
[Warn]	(52.686, +0)	 draw_letter_cb: Couldn't get the bitmap of a glyph lv_draw_sw_letter.c:174
[Warn]	(52.687, +1)	 lv_font_get_bitmap_fmt_txt: Compressed fonts is used but LV_USE_FONT_COMPRESSED is not enabled in lv_conf.h lv_font_fmt_txt.c:213
[Warn]	(52.687, +0)	 draw_letter_cb: Couldn't get the bitmap of a glyph lv_draw_sw_letter.c:174
[Warn]	(52.687, +0)	 lv_font_get_bitmap_fmt_txt: Compressed fonts is used but LV_USE_FONT_COMPRESSED is not enabled in lv_conf.h lv_font_fmt_txt.c:213
[Warn]	(52.688, +1)	 draw_letter_cb: Couldn't get the bitmap of a glyph lv_draw_sw_letter.c:174
[Warn]	(52.688, +0)	 lv_font_get_bitmap_fmt_txt: Compressed fonts is used but LV_USE_FONT_COMPRESSED is not enabled in lv_conf.h lv_font_fmt_txt.c:213
[Warn]	(52.688, +0)	 draw_letter_cb: Couldn't get the bitmap of a glyph lv_draw_sw_letter.c:174
[Warn]	(52.688, +0)	 lv_font_get_bitmap_fmt_txt: Compressed fonts is used but LV_USE_FONT_COMPRESSED is not enabled in lv_conf.h lv_font_fmt_txt.c:213
[Warn]	(52.689, +1)	 draw_letter_cb: Couldn't get the bitmap of a glyph lv_draw_sw_letter.c:174
[Warn]	(52.689, +0)	 lv_font_get_bitmap_fmt_txt: Compressed fonts is used but LV_USE_FONT_COMPRESSED is not enabled in lv_conf.h lv_font_fmt_txt.c:213
[Warn]	(52.689, +0)	 draw_letter_cb: Couldn't get the bitmap of a glyph lv_draw_sw_letter.c:174
[Warn]	(52.722, +33)	 lv_font_get_bitmap_fmt_txt: Compressed fonts is used but LV_USE_FONT_COMPRESSED is not enabled in lv_conf.h lv_font_fmt_txt.c:213
[Warn]	(52.723, +1)	 draw_letter_cb: Couldn't get the bitmap of a glyph lv_draw_sw_letter.c:174
[Warn]	(52.723, +0)	 lv_font_get_bitmap_fmt_txt: Compressed fonts is used but LV_USE_FONT_COMPRESSED is not enabled in lv_conf.h lv_font_fmt_txt.c:213
[Warn]	(52.723, +0)	 draw_letter_cb: Couldn't get the bitmap of a glyph lv_draw_sw_letter.c:174
[Warn]	(52.723, +0)	 lv_font_get_bitmap_fmt_txt: Compressed fonts is used but LV_USE_FONT_COMPRESSED is not enabled in lv_conf.h lv_font_fmt_txt.c:213
[Warn]	(52.724, +1)	 draw_letter_cb: Couldn't get the bitmap of a glyph lv_draw_sw_letter.c:174
[Warn]	(52.724, +0)	 lv_font_get_bitmap_fmt_txt: Compressed fonts is used but LV_USE_FONT_COMPRESSED is not enabled in lv_conf.h lv_font_fmt_txt.c:213
[Warn]	(52.724, +0)	 draw_letter_cb: Couldn't get the bitmap of a glyph lv_draw_sw_letter.c:174
[Warn]	(52.725, +1)	 lv_font_get_bitmap_fmt_txt: Compressed fonts is used but LV_USE_FONT_COMPRESSED is not enabled in lv_conf.h lv_font_fmt_txt.c:213
[Warn]	(52.725, +0)	 draw_letter_cb: Couldn't get the bitmap of a glyph lv_draw_sw_letter.c:174
[Warn]	(52.725, +0)	 lv_font_get_bitmap_fmt_txt: Compressed fonts is used but LV_USE_FONT_COMPRESSED is not enabled in lv_conf.h lv_font_fmt_txt.c:213
[Warn]	(52.726, +1)	 draw_letter_cb: Couldn't get the bitmap of a glyph lv_draw_sw_letter.c:174
[Warn]	(52.726, +0)	 lv_font_get_bitmap_fmt_txt: Compressed fonts is used but LV_USE_FONT_COMPRESSED is not enabled in lv_conf.h lv_font_fmt_txt.c:213
[Warn]	(52.726, +0)	 draw_letter_cb: Couldn't get the bitmap of a glyph lv_draw_sw_letter.c:174
[Warn]	(52.727, +1)	 lv_font_get_bitmap_fmt_txt: Compressed fonts is used but LV_USE_FONT_COMPRESSED is not enabled in lv_conf.h lv_font_fmt_txt.c:213
[Warn]	(52.727, +0)	 draw_letter_cb: Couldn't get the bitmap of a glyph lv_draw_sw_letter.c:174
[Warn]	(52.727, +0)	 lv_font_get_bitmap_fmt_txt: Compressed fonts is used but LV_USE_FONT_COMPRESSED is not enabled in lv_conf.h lv_font_fmt_txt.c:213
[Warn]	(52.728, +1)	 draw_letter_cb: Couldn't get the bitmap of a glyph lv_draw_sw_letter.c:174
[Warn]	(52.728, +0)	 lv_font_get_bitmap_fmt_txt: Compressed fonts is used but LV_USE_FONT_COMPRESSED is not enabled in lv_conf.h lv_font_fmt_txt.c:213
[Warn]	(52.728, +0)	 draw_letter_cb: Couldn't get the bitmap of a glyph lv_draw_sw_letter.c:174
[Warn]	(52.729, +1)	 lv_font_get_bitmap_fmt_txt: Compressed fonts is used but LV_USE_FONT_COMPRESSED is not enabled in lv_conf.h lv_font_fmt_txt.c:213
[Warn]	(52.729, +0)	 draw_letter_cb: Couldn't get the bitmap of a glyph lv_draw_sw_letter.c:174
[Warn]	(52.729, +0)	 lv_font_get_bitmap_fmt_txt: Compressed fonts is used but LV_USE_FONT_COMPRESSED is not enabled in lv_conf.h lv_font_fmt_txt.c:213
[Warn]	(52.730, +1)	 draw_letter_cb: Couldn't get the bitmap of a glyph lv_draw_sw_letter.c:174
[Warn]	(52.730, +0)	 lv_font_get_bitmap_fmt_txt: Compressed fonts is used but LV_USE_FONT_COMPRESSED is not enabled in lv_conf.h lv_font_fmt_txt.c:213
[Warn]	(52.730, +0)	 draw_letter_cb: Couldn't get the bitmap of a glyph lv_draw_sw_letter.c:174
[Warn]	(52.731, +1)	 lv_font_get_bitmap_fmt_txt: Compressed fonts is used but LV_USE_FONT_COMPRESSED is not enabled in lv_conf.h lv_font_fmt_txt.c:213
[Warn]	(52.731, +0)	 draw_letter_cb: Couldn't get the bitmap of a glyph lv_draw_sw_letter.c:174
[Warn]	(52.755, +24)	 lv_font_get_bitmap_fmt_txt: Compressed fonts is used but LV_USE_FONT_COMPRESSED is not enabled in lv_conf.h lv_font_fmt_txt.c:213
[Warn]	(52.755, +0)	 draw_letter_cb: Couldn't get the bitmap of a glyph lv_draw_sw_letter.c:174
[Warn]	(52.756, +1)	 lv_font_get_bitmap_fmt_txt: Compressed fonts is used but LV_USE_FONT_COMPRESSED is not enabled in lv_conf.h lv_font_fmt_txt.c:213
[Warn]	(52.756, +0)	 draw_letter_cb: Couldn't get the bitmap of a glyph lv_draw_sw_letter.c:174
[Warn]	(52.756, +0)	 lv_font_get_bitmap_fmt_txt: Compressed fonts is used but LV_USE_FONT_COMPRESSED is not enabled in lv_conf.h lv_font_fmt_txt.c:213
[Warn]	(52.756, +0)	 draw_letter_cb: Couldn't get the bitmap of a glyph lv_draw_sw_letter.c:174
[Warn]	(52.757, +1)	 lv_font_get_bitmap_fmt_txt: Compressed fonts is used but LV_USE_FONT_COMPRESSED is not enabled in lv_conf.h lv_font_fmt_txt.c:213
[Warn]	(52.757, +0)	 draw_letter_cb: Couldn't get the bitmap of a glyph lv_draw_sw_letter.c:174
[Warn]	(52.757, +0)	 lv_font_get_bitmap_fmt_txt: Compressed fonts is used but LV_USE_FONT_COMPRESSED is not enabled in lv_conf.h lv_font_fmt_txt.c:213
[Warn]	(52.758, +1)	 draw_letter_cb: Couldn't get the bitmap of a glyph lv_draw_sw_letter.c:174
[Warn]	(52.758, +0)	 lv_font_get_bitmap_fmt_txt: Compressed fonts is used but LV_USE_FONT_COMPRESSED is not enabled in lv_conf.h lv_font_fmt_txt.c:213
[Warn]	(52.758, +0)	 draw_letter_cb: Couldn't get the bitmap of a glyph lv_draw_sw_letter.c:174
[Warn]	(52.759, +1)	 lv_font_get_bitmap_fmt_txt: Compressed fonts is used but LV_USE_FONT_COMPRESSED is not enabled in lv_conf.h lv_font_fmt_txt.c:213
[Warn]	(52.759, +0)	 draw_letter_cb: Couldn't get the bitmap of a glyph lv_draw_sw_letter.c:174
[Warn]	(52.759, +0)	 lv_font_get_bitmap_fmt_txt: Compressed fonts is used but LV_USE_FONT_COMPRESSED is not enabled in lv_conf.h lv_font_fmt_txt.c:213
[Warn]	(52.760, +1)	 draw_letter_cb: Couldn't get the bitmap of a glyph lv_draw_sw_letter.c:174
[Warn]	(52.760, +0)	 lv_font_get_bitmap_fmt_txt: Compressed fonts is used but LV_USE_FONT_COMPRESSED is not enabled in lv_conf.h lv_font_fmt_txt.c:213
[Warn]	(52.760, +0)	 draw_letter_cb: Couldn't get the bitmap of a glyph lv_draw_sw_letter.c:174
[Warn]	(52.760, +0)	 lv_font_get_bitmap_fmt_txt: Compressed fonts is used but LV_USE_FONT_COMPRESSED is not enabled in lv_conf.h lv_font_fmt_txt.c:213
[Warn]	(52.761, +1)	 draw_letter_cb: Couldn't get the bitmap of a glyph lv_draw_sw_letter.c:174
[Warn]	(52.761, +0)	 lv_font_get_bitmap_fmt_txt: Compressed fonts is used but LV_USE_FONT_COMPRESSED is not enabled in lv_conf.h lv_font_fmt_txt.c:213
[Warn]	(52.761, +0)	 draw_letter_cb: Couldn't get the bitmap of a glyph lv_draw_sw_letter.c:174
[Warn]	(52.762, +1)	 lv_font_get_bitmap_fmt_txt: Compressed fonts is used but LV_USE_FONT_COMPRESSED is not enabled in lv_conf.h lv_font_fmt_txt.c:213
[Warn]	(52.762, +0)	 draw_letter_cb: Couldn't get the bitmap of a glyph lv_draw_sw_letter.c:174
[Warn]	(52.762, +0)	 lv_font_get_bitmap_fmt_txt: Compressed fonts is used but LV_USE_FONT_COMPRESSED is not enabled in lv_conf.h lv_font_fmt_txt.c:213
[Warn]	(52.763, +1)	 draw_letter_cb: Couldn't get the bitmap of a glyph lv_draw_sw_letter.c:174
[Warn]	(52.763, +0)	 lv_font_get_bitmap_fmt_txt: Compressed fonts is used but LV_USE_FONT_COMPRESSED is not enabled in lv_conf.h lv_font_fmt_txt.c:213
[Warn]	(52.763, +0)	 draw_letter_cb: Couldn't get the bitmap of a glyph lv_draw_sw_letter.c:174
[Warn]	(52.788, +25)	 lv_font_get_bitmap_fmt_txt: Compressed fonts is used but LV_USE_FONT_COMPRESSED is not enabled in lv_conf.h lv_font_fmt_txt.c:213
[Warn]	(52.788, +0)	 draw_letter_cb: Couldn't get the bitmap of a glyph lv_draw_sw_letter.c:174
[Warn]	(52.789, +1)	 lv_font_get_bitmap_fmt_txt: Compressed fonts is used but LV_USE_FONT_COMPRESSED is not enabled in lv_conf.h lv_font_fmt_txt.c:213
[Warn]	(52.789, +0)	 draw_letter_cb: Couldn't get the bitmap of a glyph lv_draw_sw_letter.c:174
[Warn]	(52.789, +0)	 lv_font_get_bitmap_fmt_txt: Compressed fonts is used but LV_USE_FONT_COMPRESSED is not enabled in lv_conf.h lv_font_fmt_txt.c:213
[Warn]	(52.790, +1)	 draw_letter_cb: Couldn't get the bitmap of a glyph lv_draw_sw_letter.c:174
[Warn]	(52.790, +0)	 lv_font_get_bitmap_fmt_txt: Compressed fonts is used but LV_USE_FONT_COMPRESSED is not enabled in lv_conf.h lv_font_fmt_txt.c:213
[Warn]	(52.790, +0)	 draw_letter_cb: Couldn't get the bitmap of a glyph lv_draw_sw_letter.c:174
[Warn]	(52.790, +0)	 lv_font_get_bitmap_fmt_txt: Compressed fonts is used but LV_USE_FONT_COMPRESSED is not enabled in lv_conf.h lv_font_fmt_txt.c:213
[Warn]	(52.791, +1)	 draw_letter_cb: Couldn't get the bitmap of a glyph lv_draw_sw_letter.c:174
[Warn]	(52.791, +0)	 lv_font_get_bitmap_fmt_txt: Compressed fonts is used but LV_USE_FONT_COMPRESSED is not enabled in lv_conf.h lv_font_fmt_txt.c:213
[Warn]	(52.791, +0)	 draw_letter_cb: Couldn't get the bitmap of a glyph lv_draw_sw_letter.c:174
[Warn]	(52.792, +1)	 lv_font_get_bitmap_fmt_txt: Compressed fonts is used but LV_USE_FONT_COMPRESSED is not enabled in lv_conf.h lv_font_fmt_txt.c:213
[Warn]	(52.792, +0)	 draw_letter_cb: Couldn't get the bitmap of a glyph lv_draw_sw_letter.c:174
[Warn]	(52.792, +0)	 lv_font_get_bitmap_fmt_txt: Compressed fonts is used but LV_USE_FONT_COMPRESSED is not enabled in lv_conf.h lv_font_fmt_txt.c:213
[Warn]	(52.793, +1)	 draw_letter_cb: Couldn't get the bitmap of a glyph lv_draw_sw_letter.c:174
[Warn]	(52.793, +0)	 lv_font_get_bitmap_fmt_txt: Compressed fonts is used but LV_USE_FONT_COMPRESSED is not enabled in lv_conf.h lv_font_fmt_txt.c:213
[Warn]	(52.793, +0)	 draw_letter_cb: Couldn't get the bitmap of a glyph lv_draw_sw_letter.c:174
[Warn]	(52.794, +1)	 lv_font_get_bitmap_fmt_txt: Compressed fonts is used but LV_USE_FONT_COMPRESSED is not enabled in lv_conf.h lv_font_fmt_txt.c:213
[Warn]	(52.794, +0)	 draw_letter_cb: Couldn't get the bitmap of a glyph lv_draw_sw_letter.c:174
[Warn]	(52.794, +0)	 lv_font_get_bitmap_fmt_txt: Compressed fonts is used but LV_USE_FONT_COMPRESSED is not enabled in lv_conf.h lv_font_fmt_txt.c:213
[Warn]	(52.795, +1)	 draw_letter_cb: Couldn't get the bitmap of a glyph lv_draw_sw_letter.c:174
[Warn]	(52.795, +0)	 lv_font_get_bitmap_fmt_txt: Compressed fonts is used but LV_USE_FONT_COMPRESSED is not enabled in lv_conf.h lv_font_fmt_txt.c:213
[Warn]	(52.795, +0)	 draw_letter_cb: Couldn't get the bitmap of a glyph lv_draw_sw_letter.c:174
[Warn]	(52.795, +0)	 lv_font_get_bitmap_fmt_txt: Compressed fonts is used but LV_USE_FONT_COMPRESSED is not enabled in lv_conf.h lv_font_fmt_txt.c:213
[Warn]	(52.796, +1)	 draw_letter_cb: Couldn't get the bitmap of a glyph lv_draw_sw_letter.c:174
[Warn]	(52.796, +0)	 lv_font_get_bitmap_fmt_txt: Compressed fonts is used but LV_USE_FONT_COMPRESSED is not enabled in lv_conf.h lv_font_fmt_txt.c:213
[Warn]	(52.796, +0)	 draw_letter_cb: Couldn't get the bitmap of a glyph lv_draw_sw_letter.c:174
[Warn]	(52.821, +25)	 lv_font_get_bitmap_fmt_txt: Compressed fonts is used but LV_USE_FONT_COMPRESSED is not enabled in lv_conf.h lv_font_fmt_txt.c:213
[Warn]	(52.821, +0)	 draw_letter_cb: Couldn't get the bitmap of a glyph lv_draw_sw_letter.c:174
[Warn]	(52.822, +1)	 lv_font_get_bitmap_fmt_txt: Compressed fonts is used but LV_USE_FONT_COMPRESSED is not enabled in lv_conf.h lv_font_fmt_txt.c:213
[Warn]	(52.822, +0)	 draw_letter_cb: Couldn't get the bitmap of a glyph lv_draw_sw_letter.c:174
[Warn]	(52.822, +0)	 lv_font_get_bitmap_fmt_txt: Compressed fonts is used but LV_USE_FONT_COMPRESSED is not enabled in lv_conf.h lv_font_fmt_txt.c:213
[Warn]	(52.823, +1)	 draw_letter_cb: Couldn't get the bitmap of a glyph lv_draw_sw_letter.c:174
[Warn]	(52.823, +0)	 lv_font_get_bitmap_fmt_txt: Compressed fonts is used but LV_USE_FONT_COMPRESSED is not enabled in lv_conf.h lv_font_fmt_txt.c:213
[Warn]	(52.823, +0)	 draw_letter_cb: Couldn't get the bitmap of a glyph lv_draw_sw_letter.c:174
[Warn]	(52.823, +0)	 lv_font_get_bitmap_fmt_txt: Compressed fonts is used but LV_USE_FONT_COMPRESSED is not enabled in lv_conf.h lv_font_fmt_txt.c:213
[Warn]	(52.824, +1)	 draw_letter_cb: Couldn't get the bitmap of a glyph lv_draw_sw_letter.c:174
[Warn]	(52.824, +0)	 lv_font_get_bitmap_fmt_txt: Compressed fonts is used but LV_USE_FONT_COMPRESSED is not enabled in lv_conf.h lv_font_fmt_txt.c:213
[Warn]	(52.824, +0)	 draw_letter_cb: Couldn't get the bitmap of a glyph lv_draw_sw_letter.c:174
[Warn]	(52.825, +1)	 lv_font_get_bitmap_fmt_txt: Compressed fonts is used but LV_USE_FONT_COMPRESSED is not enabled in lv_conf.h lv_font_fmt_txt.c:213
[Warn]	(52.825, +0)	 draw_letter_cb: Couldn't get the bitmap of a glyph lv_draw_sw_letter.c:174
[Warn]	(52.825, +0)	 lv_font_get_bitmap_fmt_txt: Compressed fonts is used but LV_USE_FONT_COMPRESSED is not enabled in lv_conf.h lv_font_fmt_txt.c:213
[Warn]	(52.826, +1)	 draw_letter_cb: Couldn't get the bitmap of a glyph lv_draw_sw_letter.c:174
[Warn]	(52.826, +0)	 lv_font_get_bitmap_fmt_txt: Compressed fonts is used but LV_USE_FONT_COMPRESSED is not enabled in lv_conf.h lv_font_fmt_txt.c:213
[Warn]	(52.826, +0)	 draw_letter_cb: Couldn't get the bitmap of a glyph lv_draw_sw_letter.c:174
[Warn]	(52.827, +1)	 lv_font_get_bitmap_fmt_txt: Compressed fonts is used but LV_USE_FONT_COMPRESSED is not enabled in lv_conf.h lv_font_fmt_txt.c:213
[Warn]	(52.827, +0)	 draw_letter_cb: Couldn't get the bitmap of a glyph lv_draw_sw_letter.c:174
[Warn]	(52.827, +0)	 lv_font_get_bitmap_fmt_txt: Compressed fonts is used but LV_USE_FONT_COMPRESSED is not enabled in lv_conf.h lv_font_fmt_txt.c:213
[Warn]	(52.828, +1)	 draw_letter_cb: Couldn't get the bitmap of a glyph lv_draw_sw_letter.c:174
[Warn]	(52.828, +0)	 lv_font_get_bitmap_fmt_txt: Compressed fonts is used but LV_USE_FONT_COMPRESSED is not enabled in lv_conf.h lv_font_fmt_txt.c:213
[Warn]	(52.828, +0)	 draw_letter_cb: Couldn't get the bitmap of a glyph lv_draw_sw_letter.c:174
[Warn]	(52.828, +0)	 lv_font_get_bitmap_fmt_txt: Compressed fonts is used but LV_USE_FONT_COMPRESSED is not enabled in lv_conf.h lv_font_fmt_txt.c:213
[Warn]	(52.829, +1)	 draw_letter_cb: Couldn't get the bitmap of a glyph lv_draw_sw_letter.c:174
[Warn]	(52.829, +0)	 lv_font_get_bitmap_fmt_txt: Compressed fonts is used but LV_USE_FONT_COMPRESSED is not enabled in lv_conf.h lv_font_fmt_txt.c:213
[Warn]	(52.829, +0)	 draw_letter_cb: Couldn't get the bitmap of a glyph lv_draw_sw_letter.c:174
[Warn]	(52.854, +25)	 lv_font_get_bitmap_fmt_txt: Compressed fonts is used but LV_USE_FONT_COMPRESSED is not enabled in lv_conf.h lv_font_fmt_txt.c:213
[Warn]	(52.854, +0)	 draw_letter_cb: Couldn't get the bitmap of a glyph lv_draw_sw_letter.c:174
[Warn]	(52.855, +1)	 lv_font_get_bitmap_fmt_txt: Compressed fonts is used but LV_USE_FONT_COMPRESSED is not enabled in lv_conf.h lv_font_fmt_txt.c:213
[Warn]	(52.855, +0)	 draw_letter_cb: Couldn't get the bitmap of a glyph lv_draw_sw_letter.c:174
[Warn]	(52.855, +0)	 lv_font_get_bitmap_fmt_txt: Compressed fonts is used but LV_USE_FONT_COMPRESSED is not enabled in lv_conf.h lv_font_fmt_txt.c:213
[Warn]	(52.856, +1)	 draw_letter_cb: Couldn't get the bitmap of a glyph lv_draw_sw_letter.c:174
[Warn]	(52.856, +0)	 lv_font_get_bitmap_fmt_txt: Compressed fonts is used but LV_USE_FONT_COMPRESSED is not enabled in lv_conf.h lv_font_fmt_txt.c:213
[Warn]	(52.856, +0)	 draw_letter_cb: Couldn't get the bitmap of a glyph lv_draw_sw_letter.c:174
[Warn]	(52.856, +0)	 lv_font_get_bitmap_fmt_txt: Compressed fonts is used but LV_USE_FONT_COMPRESSED is not enabled in lv_conf.h lv_font_fmt_txt.c:213
[Warn]	(52.857, +1)	 draw_letter_cb: Couldn't get the bitmap of a glyph lv_draw_sw_letter.c:174
[Warn]	(52.857, +0)	 lv_font_get_bitmap_fmt_txt: Compressed fonts is used but LV_USE_FONT_COMPRESSED is not enabled in lv_conf.h lv_font_fmt_txt.c:213
[Warn]	(52.857, +0)	 draw_letter_cb: Couldn't get the bitmap of a glyph lv_draw_sw_letter.c:174
[Warn]	(52.858, +1)	 lv_font_get_bitmap_fmt_txt: Compressed fonts is used but LV_USE_FONT_COMPRESSED is not enabled in lv_conf.h lv_font_fmt_txt.c:213
[Warn]	(52.858, +0)	 draw_letter_cb: Couldn't get the bitmap of a glyph lv_draw_sw_letter.c:174
[Warn]	(52.858, +0)	 lv_font_get_bitmap_fmt_txt: Compressed fonts is used but LV_USE_FONT_COMPRESSED is not enabled in lv_conf.h lv_font_fmt_txt.c:213
[Warn]	(52.859, +1)	 draw_letter_cb: Couldn't get the bitmap of a glyph lv_draw_sw_letter.c:174
[Warn]	(52.859, +0)	 lv_font_get_bitmap_fmt_txt: Compressed fonts is used but LV_USE_FONT_COMPRESSED is not enabled in lv_conf.h lv_font_fmt_txt.c:213
[Warn]	(52.859, +0)	 draw_letter_cb: Couldn't get the bitmap of a glyph lv_draw_sw_letter.c:174
[Warn]	(52.860, +1)	 lv_font_get_bitmap_fmt_txt: Compressed fonts is used but LV_USE_FONT_COMPRESSED is not enabled in lv_conf.h lv_font_fmt_txt.c:213
[Warn]	(52.860, +0)	 draw_letter_cb: Couldn't get the bitmap of a glyph lv_draw_sw_letter.c:174
[Warn]	(52.860, +0)	 lv_font_get_bitmap_fmt_txt: Compressed fonts is used but LV_USE_FONT_COMPRESSED is not enabled in lv_conf.h lv_font_fmt_txt.c:213
[Warn]	(52.861, +1)	 draw_letter_cb: Couldn't get the bitmap of a glyph lv_draw_sw_letter.c:174
[Warn]	(52.861, +0)	 lv_font_get_bitmap_fmt_txt: Compressed fonts is used but LV_USE_FONT_COMPRESSED is not enabled in lv_conf.h lv_font_fmt_txt.c:213
[Warn]	(52.861, +0)	 draw_letter_cb: Couldn't get the bitmap of a glyph lv_draw_sw_letter.c:174
[Warn]	(52.861, +0)	 lv_font_get_bitmap_fmt_txt: Compressed fonts is used but LV_USE_FONT_COMPRESSED is not enabled in lv_conf.h lv_font_fmt_txt.c:213
[Warn]	(52.862, +1)	 draw_letter_cb: Couldn't get the bitmap of a glyph lv_draw_sw_letter.c:174
[Warn]	(52.862, +0)	 lv_font_get_bitmap_fmt_txt: Compressed fonts is used but LV_USE_FONT_COMPRESSED is not enabled in lv_conf.h lv_font_fmt_txt.c:213
[Warn]	(52.862, +0)	 draw_letter_cb: Couldn't get the bitmap of a glyph lv_draw_sw_letter.c:174
[Warn]	(52.897, +35)	 lv_font_get_bitmap_fmt_txt: Compressed fonts is used but LV_USE_FONT_COMPRESSED is not enabled in lv_conf.h lv_font_fmt_txt.c:213
[Warn]	(52.897, +0)	 draw_letter_cb: Couldn't get the bitmap of a glyph lv_draw_sw_letter.c:174
[Warn]	(52.898, +1)	 lv_font_get_bitmap_fmt_txt: Compressed fonts is used but LV_USE_FONT_COMPRESSED is not enabled in lv_conf.h lv_font_fmt_txt.c:213
[Warn]	(52.898, +0)	 draw_letter_cb: Couldn't get the bitmap of a glyph lv_draw_sw_letter.c:174
[Warn]	(52.898, +0)	 lv_font_get_bitmap_fmt_txt: Compressed fonts is used but LV_USE_FONT_COMPRESSED is not enabled in lv_conf.h lv_font_fmt_txt.c:213
[Warn]	(52.899, +1)	 draw_letter_cb: Couldn't get the bitmap of a glyph lv_draw_sw_letter.c:174
[Warn]	(52.899, +0)	 lv_font_get_bitmap_fmt_txt: Compressed fonts is used but LV_USE_FONT_COMPRESSED is not enabled in lv_conf.h lv_font_fmt_txt.c:213
[Warn]	(52.899, +0)	 draw_letter_cb: Couldn't get the bitmap of a glyph lv_draw_sw_letter.c:174
[Warn]	(52.899, +0)	 lv_font_get_bitmap_fmt_txt: Compressed fonts is used but LV_USE_FONT_COMPRESSED is not enabled in lv_conf.h lv_font_fmt_txt.c:213
[Warn]	(52.900, +1)	 draw_letter_cb: Couldn't get the bitmap of a glyph lv_draw_sw_letter.c:174
[Warn]	(52.900, +0)	 lv_font_get_bitmap_fmt_txt: Compressed fonts is used but LV_USE_FONT_COMPRESSED is not enabled in lv_conf.h lv_font_fmt_txt.c:213
[Warn]	(52.900, +0)	 draw_letter_cb: Couldn't get the bitmap of a glyph lv_draw_sw_letter.c:174
[Warn]	(52.901, +1)	 lv_font_get_bitmap_fmt_txt: Compressed fonts is used but LV_USE_FONT_COMPRESSED is not enabled in lv_conf.h lv_font_fmt_txt.c:213
[Warn]	(52.901, +0)	 draw_letter_cb: Couldn't get the bitmap of a glyph lv_draw_sw_letter.c:174
[Warn]	(52.901, +0)	 lv_font_get_bitmap_fmt_txt: Compressed fonts is used but LV_USE_FONT_COMPRESSED is not enabled in lv_conf.h lv_font_fmt_txt.c:213
[Warn]	(52.902, +1)	 draw_letter_cb: Couldn't get the bitmap of a glyph lv_draw_sw_letter.c:174
[Warn]	(52.902, +0)	 lv_font_get_bitmap_fmt_txt: Compressed fonts is used but LV_USE_FONT_COMPRESSED is not enabled in lv_conf.h lv_font_fmt_txt.c:213
[Warn]	(52.902, +0)	 draw_letter_cb: Couldn't get the bitmap of a glyph lv_draw_sw_letter.c:174
[Warn]	(52.903, +1)	 lv_font_get_bitmap_fmt_txt: Compressed fonts is used but LV_USE_FONT_COMPRESSED is not enabled in lv_conf.h lv_font_fmt_txt.c:213
[Warn]	(52.903, +0)	 draw_letter_cb: Couldn't get the bitmap of a glyph lv_draw_sw_letter.c:174
[Warn]	(52.903, +0)	 lv_font_get_bitmap_fmt_txt: Compressed fonts is used but LV_USE_FONT_COMPRESSED is not enabled in lv_conf.h lv_font_fmt_txt.c:213
[Warn]	(52.904, +1)	 draw_letter_cb: Couldn't get the bitmap of a glyph lv_draw_sw_letter.c:174
[Warn]	(52.904, +0)	 lv_font_get_bitmap_fmt_txt: Compressed fonts is used but LV_USE_FONT_COMPRESSED is not enabled in lv_conf.h lv_font_fmt_txt.c:213
[Warn]	(52.904, +0)	 draw_letter_cb: Couldn't get the bitmap of a glyph lv_draw_sw_letter.c:174
[Warn]	(52.904, +0)	 lv_font_get_bitmap_fmt_txt: Compressed fonts is used but LV_USE_FONT_COMPRESSED is not enabled in lv_conf.h lv_font_fmt_txt.c:213
[Warn]	(52.905, +1)	 draw_letter_cb: Couldn't get the bitmap of a glyph lv_draw_sw_letter.c:174
[Warn]	(52.905, +0)	 lv_font_get_bitmap_fmt_txt: Compressed fonts is used but LV_USE_FONT_COMPRESSED is not enabled in lv_conf.h lv_font_fmt_txt.c:213
[Warn]	(52.905, +0)	 draw_letter_cb: Couldn't get the bitmap of a glyph lv_draw_sw_letter.c:174
[Warn]	(52.930, +25)	 lv_font_get_bitmap_fmt_txt: Compressed fonts is used but LV_USE_FONT_COMPRESSED is not enabled in lv_conf.h lv_font_fmt_txt.c:213
[Warn]	(52.930, +0)	 draw_letter_cb: Couldn't get the bitmap of a glyph lv_draw_sw_letter.c:174
[Warn]	(52.931, +1)	 lv_font_get_bitmap_fmt_txt: Compressed fonts is used but LV_USE_FONT_COMPRESSED is not enabled in lv_conf.h lv_font_fmt_txt.c:213
[Warn]	(52.931, +0)	 draw_letter_cb: Couldn't get the bitmap of a glyph lv_draw_sw_letter.c:174
[Warn]	(52.931, +0)	 lv_font_get_bitmap_fmt_txt: Compressed fonts is used but LV_USE_FONT_COMPRESSED is not enabled in lv_conf.h lv_font_fmt_txt.c:213
[Warn]	(52.931, +0)	 draw_letter_cb: Couldn't get the bitmap of a glyph lv_draw_sw_letter.c:174
[Warn]	(52.932, +1)	 lv_font_get_bitmap_fmt_txt: Compressed fonts is used but LV_USE_FONT_COMPRESSED is not enabled in lv_conf.h lv_font_fmt_txt.c:213
[Warn]	(52.932, +0)	 draw_letter_cb: Couldn't get the bitmap of a glyph lv_draw_sw_letter.c:174
[Warn]	(52.932, +0)	 lv_font_get_bitmap_fmt_txt: Compressed fonts is used but LV_USE_FONT_COMPRESSED is not enabled in lv_conf.h lv_font_fmt_txt.c:213
[Warn]	(52.933, +1)	 draw_letter_cb: Couldn't get the bitmap of a glyph lv_draw_sw_letter.c:174
[Warn]	(52.933, +0)	 lv_font_get_bitmap_fmt_txt: Compressed fonts is used but LV_USE_FONT_COMPRESSED is not enabled in lv_conf.h lv_font_fmt_txt.c:213
[Warn]	(52.933, +0)	 draw_letter_cb: Couldn't get the bitmap of a glyph lv_draw_sw_letter.c:174
[Warn]	(52.934, +1)	 lv_font_get_bitmap_fmt_txt: Compressed fonts is used but LV_USE_FONT_COMPRESSED is not enabled in lv_conf.h lv_font_fmt_txt.c:213
[Warn]	(52.934, +0)	 draw_letter_cb: Couldn't get the bitmap of a glyph lv_draw_sw_letter.c:174
[Warn]	(52.934, +0)	 lv_font_get_bitmap_fmt_txt: Compressed fonts is used but LV_USE_FONT_COMPRESSED is not enabled in lv_conf.h lv_font_fmt_txt.c:213
[Warn]	(52.935, +1)	 draw_letter_cb: Couldn't get the bitmap of a glyph lv_draw_sw_letter.c:174
[Warn]	(52.935, +0)	 lv_font_get_bitmap_fmt_txt: Compressed fonts is used but LV_USE_FONT_COMPRESSED is not enabled in lv_conf.h lv_font_fmt_txt.c:213
[Warn]	(52.935, +0)	 draw_letter_cb: Couldn't get the bitmap of a glyph lv_draw_sw_letter.c:174
[Warn]	(52.935, +0)	 lv_font_get_bitmap_fmt_txt: Compressed fonts is used but LV_USE_FONT_COMPRESSED is not enabled in lv_conf.h lv_font_fmt_txt.c:213
[Warn]	(52.936, +1)	 draw_letter_cb: Couldn't get the bitmap of a glyph lv_draw_sw_letter.c:174
[Warn]	(52.936, +0)	 lv_font_get_bitmap_fmt_txt: Compressed fonts is used but LV_USE_FONT_COMPRESSED is not enabled in lv_conf.h lv_font_fmt_txt.c:213
[Warn]	(52.936, +0)	 draw_letter_cb: Couldn't get the bitmap of a glyph lv_draw_sw_letter.c:174
[Warn]	(52.937, +1)	 lv_font_get_bitmap_fmt_txt: Compressed fonts is used but LV_USE_FONT_COMPRESSED is not enabled in lv_conf.h lv_font_fmt_txt.c:213
[Warn]	(52.937, +0)	 draw_letter_cb: Couldn't get the bitmap of a glyph lv_draw_sw_letter.c:174
[Warn]	(52.937, +0)	 lv_font_get_bitmap_fmt_txt: Compressed fonts is used but LV_USE_FONT_COMPRESSED is not enabled in lv_conf.h lv_font_fmt_txt.c:213
[Warn]	(52.938, +1)	 draw_letter_cb: Couldn't get the bitmap of a glyph lv_draw_sw_letter.c:174
[Warn]	(52.938, +0)	 lv_font_get_bitmap_fmt_txt: Compressed fonts is used but LV_USE_FONT_COMPRESSED is not enabled in lv_conf.h lv_font_fmt_txt.c:213
[Warn]	(52.938, +0)	 draw_letter_cb: Couldn't get the bitmap of a glyph lv_draw_sw_letter.c:174
[Warn]	(52.972, +34)	 lv_font_get_bitmap_fmt_txt: Compressed fonts is used but LV_USE_FONT_COMPRESSED is not enabled in lv_conf.h lv_font_fmt_txt.c:213
[Warn]	(52.972, +0)	 draw_letter_cb: Couldn't get the bitmap of a glyph lv_draw_sw_letter.c:174
[Warn]	(52.973, +1)	 lv_font_get_bitmap_fmt_txt: Compressed fonts is used but LV_USE_FONT_COMPRESSED is not enabled in lv_conf.h lv_font_fmt_txt.c:213
[Warn]	(52.973, +0)	 draw_letter_cb: Couldn't get the bitmap of a glyph lv_draw_sw_letter.c:174
[Warn]	(52.973, +0)	 lv_font_get_bitmap_fmt_txt: Compressed fonts is used but LV_USE_FONT_COMPRESSED is not enabled in lv_conf.h lv_font_fmt_txt.c:213
[Warn]	(52.974, +1)	 draw_letter_cb: Couldn't get the bitmap of a glyph lv_draw_sw_letter.c:174
[Warn]	(52.974, +0)	 lv_font_get_bitmap_fmt_txt: Compressed fonts is used but LV_USE_FONT_COMPRESSED is not enabled in lv_conf.h lv_font_fmt_txt.c:213
[Warn]	(52.974, +0)	 draw_letter_cb: Couldn't get the bitmap of a glyph lv_draw_sw_letter.c:174
[Warn]	(52.974, +0)	 lv_font_get_bitmap_fmt_txt: Compressed fonts is used but LV_USE_FONT_COMPRESSED is not enabled in lv_conf.h lv_font_fmt_txt.c:213
[Warn]	(52.975, +1)	 draw_letter_cb: Couldn't get the bitmap of a glyph lv_draw_sw_letter.c:174
[Warn]	(52.975, +0)	 lv_font_get_bitmap_fmt_txt: Compressed fonts is used but LV_USE_FONT_COMPRESSED is not enabled in lv_conf.h lv_font_fmt_txt.c:213
[Warn]	(52.975, +0)	 draw_letter_cb: Couldn't get the bitmap of a glyph lv_draw_sw_letter.c:174
[Warn]	(52.976, +1)	 lv_font_get_bitmap_fmt_txt: Compressed fonts is used but LV_USE_FONT_COMPRESSED is not enabled in lv_conf.h lv_font_fmt_txt.c:213
[Warn]	(52.976, +0)	 draw_letter_cb: Couldn't get the bitmap of a glyph lv_draw_sw_letter.c:174
[Warn]	(52.976, +0)	 lv_font_get_bitmap_fmt_txt: Compressed fonts is used but LV_USE_FONT_COMPRESSED is not enabled in lv_conf.h lv_font_fmt_txt.c:213
[Warn]	(52.977, +1)	 draw_letter_cb: Couldn't get the bitmap of a glyph lv_draw_sw_letter.c:174
[Warn]	(52.977, +0)	 lv_font_get_bitmap_fmt_txt: Compressed fonts is used but LV_USE_FONT_COMPRESSED is not enabled in lv_conf.h lv_font_fmt_txt.c:213
[Warn]	(52.977, +0)	 draw_letter_cb: Couldn't get the bitmap of a glyph lv_draw_sw_letter.c:174
[Warn]	(52.978, +1)	 lv_font_get_bitmap_fmt_txt: Compressed fonts is used but LV_USE_FONT_COMPRESSED is not enabled in lv_conf.h lv_font_fmt_txt.c:213
[Warn]	(52.978, +0)	 draw_letter_cb: Couldn't get the bitmap of a glyph lv_draw_sw_letter.c:174
[Warn]	(52.978, +0)	 lv_font_get_bitmap_fmt_txt: Compressed fonts is used but LV_USE_FONT_COMPRESSED is not enabled in lv_conf.h lv_font_fmt_txt.c:213
[Warn]	(52.979, +1)	 draw_letter_cb: Couldn't get the bitmap of a glyph lv_draw_sw_letter.c:174
[Warn]	(52.979, +0)	 lv_font_get_bitmap_fmt_txt: Compressed fonts is used but LV_USE_FONT_COMPRESSED is not enabled in lv_conf.h lv_font_fmt_txt.c:213
[Warn]	(52.979, +0)	 draw_letter_cb: Couldn't get the bitmap of a glyph lv_draw_sw_letter.c:174
[Warn]	(52.979, +0)	 lv_font_get_bitmap_fmt_txt: Compressed fonts is used but LV_USE_FONT_COMPRESSED is not enabled in lv_conf.h lv_font_fmt_txt.c:213
[Warn]	(52.980, +1)	 draw_letter_cb: Couldn't get the bitmap of a glyph lv_draw_sw_letter.c:174
[Warn]	(52.980, +0)	 lv_font_get_bitmap_fmt_txt: Compressed fonts is used but LV_USE_FONT_COMPRESSED is not enabled in lv_conf.h lv_font_fmt_txt.c:213
[Warn]	(52.980, +0)	 draw_letter_cb: Couldn't get the bitmap of a glyph lv_draw_sw_letter.c:174
[Warn]	(53.130, +150)	 lv_font_get_bitmap_fmt_txt: Compressed fonts is used but LV_USE_FONT_COMPRESSED is not enabled in lv_conf.h lv_font_fmt_txt.c:213
[Warn]	(53.130, +0)	 draw_letter_cb: Couldn't get the bitmap of a glyph lv_draw_sw_letter.c:174
[Warn]	(53.131, +1)	 lv_font_get_bitmap_fmt_txt: Compressed fonts is used but LV_USE_FONT_COMPRESSED is not enabled in lv_conf.h lv_font_fmt_txt.c:213
[Warn]	(53.131, +0)	 draw_letter_cb: Couldn't get the bitmap of a glyph lv_draw_sw_letter.c:174
[Warn]	(53.131, +0)	 lv_font_get_bitmap_fmt_txt: Compressed fonts is used but LV_USE_FONT_COMPRESSED is not enabled in lv_conf.h lv_font_fmt_txt.c:213
[Warn]	(53.132, +1)	 draw_letter_cb: Couldn't get the bitmap of a glyph lv_draw_sw_letter.c:174
[Warn]	(53.132, +0)	 lv_font_get_bitmap_fmt_txt: Compressed fonts is used but LV_USE_FONT_COMPRESSED is not enabled in lv_conf.h lv_font_fmt_txt.c:213
[Warn]	(53.132, +0)	 draw_letter_cb: Couldn't get the bitmap of a glyph lv_draw_sw_letter.c:174
[Warn]	(53.132, +0)	 lv_font_get_bitmap_fmt_txt: Compressed fonts is used but LV_USE_FONT_COMPRESSED is not enabled in lv_conf.h lv_font_fmt_txt.c:213
[Warn]	(53.133, +1)	 draw_letter_cb: Couldn't get the bitmap of a glyph lv_draw_sw_letter.c:174
[Warn]	(53.133, +0)	 lv_font_get_bitmap_fmt_txt: Compressed fonts is used but LV_USE_FONT_COMPRESSED is not enabled in lv_conf.h lv_font_fmt_txt.c:213
[Warn]	(53.133, +0)	 draw_letter_cb: Couldn't get the bitmap of a glyph lv_draw_sw_letter.c:174
[Warn]	(53.134, +1)	 lv_font_get_bitmap_fmt_txt: Compressed fonts is used but LV_USE_FONT_COMPRESSED is not enabled in lv_conf.h lv_font_fmt_txt.c:213
[Warn]	(53.134, +0)	 draw_letter_cb: Couldn't get the bitmap of a glyph lv_draw_sw_letter.c:174
[Warn]	(53.134, +0)	 lv_font_get_bitmap_fmt_txt: Compressed fonts is used but LV_USE_FONT_COMPRESSED is not enabled in lv_conf.h lv_font_fmt_txt.c:213
[Warn]	(53.135, +1)	 draw_letter_cb: Couldn't get the bitmap of a glyph lv_draw_sw_letter.c:174
[Warn]	(53.135, +0)	 lv_font_get_bitmap_fmt_txt: Compressed fonts is used but LV_USE_FONT_COMPRESSED is not enabled in lv_conf.h lv_font_fmt_txt.c:213
[Warn]	(53.135, +0)	 draw_letter_cb: Couldn't get the bitmap of a glyph lv_draw_sw_letter.c:174
[Warn]	(53.136, +1)	 lv_font_get_bitmap_fmt_txt: Compressed fonts is used but LV_USE_FONT_COMPRESSED is not enabled in lv_conf.h lv_font_fmt_txt.c:213
[Warn]	(53.136, +0)	 draw_letter_cb: Couldn't get the bitmap of a glyph lv_draw_sw_letter.c:174
[Warn]	(53.136, +0)	 lv_font_get_bitmap_fmt_txt: Compressed fonts is used but LV_USE_FONT_COMPRESSED is not enabled in lv_conf.h lv_font_fmt_txt.c:213
[Warn]	(53.137, +1)	 draw_letter_cb: Couldn't get the bitmap of a glyph lv_draw_sw_letter.c:174
[Warn]	(53.137, +0)	 lv_font_get_bitmap_fmt_txt: Compressed fonts is used but LV_USE_FONT_COMPRESSED is not enabled in lv_conf.h lv_font_fmt_txt.c:213
[Warn]	(53.137, +0)	 draw_letter_cb: Couldn't get the bitmap of a glyph lv_draw_sw_letter.c:174
[Warn]	(53.138, +1)	 lv_font_get_bitmap_fmt_txt: Compressed fonts is used but LV_USE_FONT_COMPRESSED is not enabled in lv_conf.h lv_font_fmt_txt.c:213
[Warn]	(53.138, +0)	 draw_letter_cb: Couldn't get the bitmap of a glyph lv_draw_sw_letter.c:174
[Warn]	(53.138, +0)	 lv_font_get_bitmap_fmt_txt: Compressed fonts is used but LV_USE_FONT_COMPRESSED is not enabled in lv_conf.h lv_font_fmt_txt.c:213
[Warn]	(53.139, +1)	 draw_letter_cb: Couldn't get the bitmap of a glyph lv_draw_sw_letter.c:174
[Warn]	(53.139, +0)	 lv_font_get_bitmap_fmt_txt: Compressed fonts is used but LV_USE_FONT_COMPRESSED is not enabled in lv_conf.h lv_font_fmt_txt.c:213
[Warn]	(53.139, +0)	 draw_letter_cb: Couldn't get the bitmap of a glyph lv_draw_sw_letter.c:174
[Warn]	(53.139, +0)	 lv_font_get_bitmap_fmt_txt: Compressed fonts is used but LV_USE_FONT_COMPRESSED is not enabled in lv_conf.h lv_font_fmt_txt.c:213
[Warn]	(53.140, +1)	 draw_letter_cb: Couldn't get the bitmap of a glyph lv_draw_sw_letter.c:174
[Warn]	(53.163, +23)	 lv_font_get_bitmap_fmt_txt: Compressed fonts is used but LV_USE_FONT_COMPRESSED is not enabled in lv_conf.h lv_font_fmt_txt.c:213
[Warn]	(53.163, +0)	 draw_letter_cb: Couldn't get the bitmap of a glyph lv_draw_sw_letter.c:174
[Warn]	(53.164, +1)	 lv_font_get_bitmap_fmt_txt: Compressed fonts is used but LV_USE_FONT_COMPRESSED is not enabled in lv_conf.h lv_font_fmt_txt.c:213
[Warn]	(53.164, +0)	 draw_letter_cb: Couldn't get the bitmap of a glyph lv_draw_sw_letter.c:174
[Warn]	(53.164, +0)	 lv_font_get_bitmap_fmt_txt: Compressed fonts is used but LV_USE_FONT_COMPRESSED is not enabled in lv_conf.h lv_font_fmt_txt.c:213
[Warn]	(53.165, +1)	 draw_letter_cb: Couldn't get the bitmap of a glyph lv_draw_sw_letter.c:174
[Warn]	(53.165, +0)	 lv_font_get_bitmap_fmt_txt: Compressed fonts is used but LV_USE_FONT_COMPRESSED is not enabled in lv_conf.h lv_font_fmt_txt.c:213
[Warn]	(53.165, +0)	 draw_letter_cb: Couldn't get the bitmap of a glyph lv_draw_sw_letter.c:174
[Warn]	(53.165, +0)	 lv_font_get_bitmap_fmt_txt: Compressed fonts is used but LV_USE_FONT_COMPRESSED is not enabled in lv_conf.h lv_font_fmt_txt.c:213
[Warn]	(53.166, +1)	 draw_letter_cb: Couldn't get the bitmap of a glyph lv_draw_sw_letter.c:174
[Warn]	(53.166, +0)	 lv_font_get_bitmap_fmt_txt: Compressed fonts is used but LV_USE_FONT_COMPRESSED is not enabled in lv_conf.h lv_font_fmt_txt.c:213
[Warn]	(53.166, +0)	 draw_letter_cb: Couldn't get the bitmap of a glyph lv_draw_sw_letter.c:174
[Warn]	(53.167, +1)	 lv_font_get_bitmap_fmt_txt: Compressed fonts is used but LV_USE_FONT_COMPRESSED is not enabled in lv_conf.h lv_font_fmt_txt.c:213
[Warn]	(53.167, +0)	 draw_letter_cb: Couldn't get the bitmap of a glyph lv_draw_sw_letter.c:174
[Warn]	(53.167, +0)	 lv_font_get_bitmap_fmt_txt: Compressed fonts is used but LV_USE_FONT_COMPRESSED is not enabled in lv_conf.h lv_font_fmt_txt.c:213
[Warn]	(53.168, +1)	 draw_letter_cb: Couldn't get the bitmap of a glyph lv_draw_sw_letter.c:174
[Warn]	(53.168, +0)	 lv_font_get_bitmap_fmt_txt: Compressed fonts is used but LV_USE_FONT_COMPRESSED is not enabled in lv_conf.h lv_font_fmt_txt.c:213
[Warn]	(53.168, +0)	 draw_letter_cb: Couldn't get the bitmap of a glyph lv_draw_sw_letter.c:174
[Warn]	(53.169, +1)	 lv_font_get_bitmap_fmt_txt: Compressed fonts is used but LV_USE_FONT_COMPRESSED is not enabled in lv_conf.h lv_font_fmt_txt.c:213
[Warn]	(53.169, +0)	 draw_letter_cb: Couldn't get the bitmap of a glyph lv_draw_sw_letter.c:174
[Warn]	(53.169, +0)	 lv_font_get_bitmap_fmt_txt: Compressed fonts is used but LV_USE_FONT_COMPRESSED is not enabled in lv_conf.h lv_font_fmt_txt.c:213
[Warn]	(53.170, +1)	 draw_letter_cb: Couldn't get the bitmap of a glyph lv_draw_sw_letter.c:174
[Warn]	(53.170, +0)	 lv_font_get_bitmap_fmt_txt: Compressed fonts is used but LV_USE_FONT_COMPRESSED is not enabled in lv_conf.h lv_font_fmt_txt.c:213
[Warn]	(53.170, +0)	 draw_letter_cb: Couldn't get the bitmap of a glyph lv_draw_sw_letter.c:174
[Warn]	(53.170, +0)	 lv_font_get_bitmap_fmt_txt: Compressed fonts is used but LV_USE_FONT_COMPRESSED is not enabled in lv_conf.h lv_font_fmt_txt.c:213
[Warn]	(53.171, +1)	 draw_letter_cb: Couldn't get the bitmap of a glyph lv_draw_sw_letter.c:174
[Warn]	(53.171, +0)	 lv_font_get_bitmap_fmt_txt: Compressed fonts is used but LV_USE_FONT_COMPRESSED is not enabled in lv_conf.h lv_font_fmt_txt.c:213
[Warn]	(53.171, +0)	 draw_letter_cb: Couldn't get the bitmap of a glyph lv_draw_sw_letter.c:174
[Warn]	(53.172, +1)	 lv_font_get_bitmap_fmt_txt: Compressed fonts is used but LV_USE_FONT_COMPRESSED is not enabled in lv_conf.h lv_font_fmt_txt.c:213
[Warn]	(53.172, +0)	 draw_letter_cb: Couldn't get the bitmap of a glyph lv_draw_sw_letter.c:174
[Warn]	(53.172, +0)	 lv_font_get_bitmap_fmt_txt: Compressed fonts is used but LV_USE_FONT_COMPRESSED is not enabled in lv_conf.h lv_font_fmt_txt.c:213
[Warn]	(53.173, +1)	 draw_letter_cb: Couldn't get the bitmap of a glyph lv_draw_sw_letter.c:174
[Warn]	(53.196, +23)	 lv_font_get_bitmap_fmt_txt: Compressed fonts is used but LV_USE_FONT_COMPRESSED is not enabled in lv_conf.h lv_font_fmt_txt.c:213
[Warn]	(53.196, +0)	 draw_letter_cb: Couldn't get the bitmap of a glyph lv_draw_sw_letter.c:174
[Warn]	(53.197, +1)	 lv_font_get_bitmap_fmt_txt: Compressed fonts is used but LV_USE_FONT_COMPRESSED is not enabled in lv_conf.h lv_font_fmt_txt.c:213
[Warn]	(53.197, +0)	 draw_letter_cb: Couldn't get the bitmap of a glyph lv_draw_sw_letter.c:174
[Warn]	(53.197, +0)	 lv_font_get_bitmap_fmt_txt: Compressed fonts is used but LV_USE_FONT_COMPRESSED is not enabled in lv_conf.h lv_font_fmt_txt.c:213
[Warn]	(53.198, +1)	 draw_letter_cb: Couldn't get the bitmap of a glyph lv_draw_sw_letter.c:174
[Warn]	(53.198, +0)	 lv_font_get_bitmap_fmt_txt: Compressed fonts is used but LV_USE_FONT_COMPRESSED is not enabled in lv_conf.h lv_font_fmt_txt.c:213
[Warn]	(53.198, +0)	 draw_letter_cb: Couldn't get the bitmap of a glyph lv_draw_sw_letter.c:174
[Warn]	(53.199, +1)	 lv_font_get_bitmap_fmt_txt: Compressed fonts is used but LV_USE_FONT_COMPRESSED is not enabled in lv_conf.h lv_font_fmt_txt.c:213
[Warn]	(53.199, +0)	 draw_letter_cb: Couldn't get the bitmap of a glyph lv_draw_sw_letter.c:174
[Warn]	(53.199, +0)	 lv_font_get_bitmap_fmt_txt: Compressed fonts is used but LV_USE_FONT_COMPRESSED is not enabled in lv_conf.h lv_font_fmt_txt.c:213
[Warn]	(53.200, +1)	 draw_letter_cb: Couldn't get the bitmap of a glyph lv_draw_sw_letter.c:174
[Warn]	(53.200, +0)	 lv_font_get_bitmap_fmt_txt: Compressed fonts is used but LV_USE_FONT_COMPRESSED is not enabled in lv_conf.h lv_font_fmt_txt.c:213
[Warn]	(53.200, +0)	 draw_letter_cb: Couldn't get the bitmap of a glyph lv_draw_sw_letter.c:174
[Warn]	(53.201, +1)	 lv_font_get_bitmap_fmt_txt: Compressed fonts is used but LV_USE_FONT_COMPRESSED is not enabled in lv_conf.h lv_font_fmt_txt.c:213
[Warn]	(53.201, +0)	 draw_letter_cb: Couldn't get the bitmap of a glyph lv_draw_sw_letter.c:174
[Warn]	(53.201, +0)	 lv_font_get_bitmap_fmt_txt: Compressed fonts is used but LV_USE_FONT_COMPRESSED is not enabled in lv_conf.h lv_font_fmt_txt.c:213
[Warn]	(53.202, +1)	 draw_letter_cb: Couldn't get the bitmap of a glyph lv_draw_sw_letter.c:174
[Warn]	(53.202, +0)	 lv_font_get_bitmap_fmt_txt: Compressed fonts is used but LV_USE_FONT_COMPRESSED is not enabled in lv_conf.h lv_font_fmt_txt.c:213
[Warn]	(53.202, +0)	 draw_letter_cb: Couldn't get the bitmap of a glyph lv_draw_sw_letter.c:174
[Warn]	(53.203, +1)	 lv_font_get_bitmap_fmt_txt: Compressed fonts is used but LV_USE_FONT_COMPRESSED is not enabled in lv_conf.h lv_font_fmt_txt.c:213
[Warn]	(53.203, +0)	 draw_letter_cb: Couldn't get the bitmap of a glyph lv_draw_sw_letter.c:174
[Warn]	(53.203, +0)	 lv_font_get_bitmap_fmt_txt: Compressed fonts is used but LV_USE_FONT_COMPRESSED is not enabled in lv_conf.h lv_font_fmt_txt.c:213
[Warn]	(53.204, +1)	 draw_letter_cb: Couldn't get the bitmap of a glyph lv_draw_sw_letter.c:174
[Warn]	(53.204, +0)	 lv_font_get_bitmap_fmt_txt: Compressed fonts is used but LV_USE_FONT_COMPRESSED is not enabled in lv_conf.h lv_font_fmt_txt.c:213
[Warn]	(53.204, +0)	 draw_letter_cb: Couldn't get the bitmap of a glyph lv_draw_sw_letter.c:174
[Warn]	(53.204, +0)	 lv_font_get_bitmap_fmt_txt: Compressed fonts is used but LV_USE_FONT_COMPRESSED is not enabled in lv_conf.h lv_font_fmt_txt.c:213
[Warn]	(53.205, +1)	 draw_letter_cb: Couldn't get the bitmap of a glyph lv_draw_sw_letter.c:174
[Warn]	(53.205, +0)	 lv_font_get_bitmap_fmt_txt: Compressed fonts is used but LV_USE_FONT_COMPRESSED is not enabled in lv_conf.h lv_font_fmt_txt.c:213
[Warn]	(53.205, +0)	 draw_letter_cb: Couldn't get the bitmap of a glyph lv_draw_sw_letter.c:174
[Warn]	(53.206, +1)	 lv_font_get_bitmap_fmt_txt: Compressed fonts is used but LV_USE_FONT_COMPRESSED is not enabled in lv_conf.h lv_font_fmt_txt.c:213
[Warn]	(53.206, +0)	 draw_letter_cb: Couldn't get the bitmap of a glyph lv_draw_sw_letter.c:174
[Warn]	(53.229, +23)	 lv_font_get_bitmap_fmt_txt: Compressed fonts is used but LV_USE_FONT_COMPRESSED is not enabled in lv_conf.h lv_font_fmt_txt.c:213
[Warn]	(53.229, +0)	 draw_letter_cb: Couldn't get the bitmap of a glyph lv_draw_sw_letter.c:174
[Warn]	(53.230, +1)	 lv_font_get_bitmap_fmt_txt: Compressed fonts is used but LV_USE_FONT_COMPRESSED is not enabled in lv_conf.h lv_font_fmt_txt.c:213
[Warn]	(53.230, +0)	 draw_letter_cb: Couldn't get the bitmap of a glyph lv_draw_sw_letter.c:174
[Warn]	(53.230, +0)	 lv_font_get_bitmap_fmt_txt: Compressed fonts is used but LV_USE_FONT_COMPRESSED is not enabled in lv_conf.h lv_font_fmt_txt.c:213
[Warn]	(53.230, +0)	 draw_letter_cb: Couldn't get the bitmap of a glyph lv_draw_sw_letter.c:174
[Warn]	(53.231, +1)	 lv_font_get_bitmap_fmt_txt: Compressed fonts is used but LV_USE_FONT_COMPRESSED is not enabled in lv_conf.h lv_font_fmt_txt.c:213
[Warn]	(53.231, +0)	 draw_letter_cb: Couldn't get the bitmap of a glyph lv_draw_sw_letter.c:174
[Warn]	(53.231, +0)	 lv_font_get_bitmap_fmt_txt: Compressed fonts is used but LV_USE_FONT_COMPRESSED is not enabled in lv_conf.h lv_font_fmt_txt.c:213
[Warn]	(53.232, +1)	 draw_letter_cb: Couldn't get the bitmap of a glyph lv_draw_sw_letter.c:174
[Warn]	(53.232, +0)	 lv_font_get_bitmap_fmt_txt: Compressed fonts is used but LV_USE_FONT_COMPRESSED is not enabled in lv_conf.h lv_font_fmt_txt.c:213
[Warn]	(53.232, +0)	 draw_letter_cb: Couldn't get the bitmap of a glyph lv_draw_sw_letter.c:174
[Warn]	(53.233, +1)	 lv_font_get_bitmap_fmt_txt: Compressed fonts is used but LV_USE_FONT_COMPRESSED is not enabled in lv_conf.h lv_font_fmt_txt.c:213
[Warn]	(53.233, +0)	 draw_letter_cb: Couldn't get the bitmap of a glyph lv_draw_sw_letter.c:174
[Warn]	(53.233, +0)	 lv_font_get_bitmap_fmt_txt: Compressed fonts is used but LV_USE_FONT_COMPRESSED is not enabled in lv_conf.h lv_font_fmt_txt.c:213
[Warn]	(53.234, +1)	 draw_letter_cb: Couldn't get the bitmap of a glyph lv_draw_sw_letter.c:174
[Warn]	(53.234, +0)	 lv_font_get_bitmap_fmt_txt: Compressed fonts is used but LV_USE_FONT_COMPRESSED is not enabled in lv_conf.h lv_font_fmt_txt.c:213
[Warn]	(53.234, +0)	 draw_letter_cb: Couldn't get the bitmap of a glyph lv_draw_sw_letter.c:174
[Warn]	(53.234, +0)	 lv_font_get_bitmap_fmt_txt: Compressed fonts is used but LV_USE_FONT_COMPRESSED is not enabled in lv_conf.h lv_font_fmt_txt.c:213
[Warn]	(53.235, +1)	 draw_letter_cb: Couldn't get the bitmap of a glyph lv_draw_sw_letter.c:174
[Warn]	(53.235, +0)	 lv_font_get_bitmap_fmt_txt: Compressed fonts is used but LV_USE_FONT_COMPRESSED is not enabled in lv_conf.h lv_font_fmt_txt.c:213
[Warn]	(53.235, +0)	 draw_letter_cb: Couldn't get the bitmap of a glyph lv_draw_sw_letter.c:174
[Warn]	(53.236, +1)	 lv_font_get_bitmap_fmt_txt: Compressed fonts is used but LV_USE_FONT_COMPRESSED is not enabled in lv_conf.h lv_font_fmt_txt.c:213
[Warn]	(53.236, +0)	 draw_letter_cb: Couldn't get the bitmap of a glyph lv_draw_sw_letter.c:174
[Warn]	(53.236, +0)	 lv_font_get_bitmap_fmt_txt: Compressed fonts is used but LV_USE_FONT_COMPRESSED is not enabled in lv_conf.h lv_font_fmt_txt.c:213
[Warn]	(53.237, +1)	 draw_letter_cb: Couldn't get the bitmap of a glyph lv_draw_sw_letter.c:174
[Warn]	(53.237, +0)	 lv_font_get_bitmap_fmt_txt: Compressed fonts is used but LV_USE_FONT_COMPRESSED is not enabled in lv_conf.h lv_font_fmt_txt.c:213
[Warn]	(53.237, +0)	 draw_letter_cb: Couldn't get the bitmap of a glyph lv_draw_sw_letter.c:174
[Warn]	(53.238, +1)	 lv_font_get_bitmap_fmt_txt: Compressed fonts is used but LV_USE_FONT_COMPRESSED is not enabled in lv_conf.h lv_font_fmt_txt.c:213
[Warn]	(53.238, +0)	 draw_letter_cb: Couldn't get the bitmap of a glyph lv_draw_sw_letter.c:174
[Warn]	(53.238, +0)	 lv_font_get_bitmap_fmt_txt: Compressed fonts is used but LV_USE_FONT_COMPRESSED is not enabled in lv_conf.h lv_font_fmt_txt.c:213
[Warn]	(53.239, +1)	 draw_letter_cb: Couldn't get the bitmap of a glyph lv_draw_sw_letter.c:174
[Warn]	(53.262, +23)	 lv_font_get_bitmap_fmt_txt: Compressed fonts is used but LV_USE_FONT_COMPRESSED is not enabled in lv_conf.h lv_font_fmt_txt.c:213
[Warn]	(53.262, +0)	 draw_letter_cb: Couldn't get the bitmap of a glyph lv_draw_sw_letter.c:174
[Warn]	(53.263, +1)	 lv_font_get_bitmap_fmt_txt: Compressed fonts is used but LV_USE_FONT_COMPRESSED is not enabled in lv_conf.h lv_font_fmt_txt.c:213
[Warn]	(53.263, +0)	 draw_letter_cb: Couldn't get the bitmap of a glyph lv_draw_sw_letter.c:174
[Warn]	(53.263, +0)	 lv_font_get_bitmap_fmt_txt: Compressed fonts is used but LV_USE_FONT_COMPRESSED is not enabled in lv_conf.h lv_font_fmt_txt.c:213
[Warn]	(53.264, +1)	 draw_letter_cb: Couldn't get the bitmap of a glyph lv_draw_sw_letter.c:174
[Warn]	(53.264, +0)	 lv_font_get_bitmap_fmt_txt: Compressed fonts is used but LV_USE_FONT_COMPRESSED is not enabled in lv_conf.h lv_font_fmt_txt.c:213
[Warn]	(53.264, +0)	 draw_letter_cb: Couldn't get the bitmap of a glyph lv_draw_sw_letter.c:174
[Warn]	(53.264, +0)	 lv_font_get_bitmap_fmt_txt: Compressed fonts is used but LV_USE_FONT_COMPRESSED is not enabled in lv_conf.h lv_font_fmt_txt.c:213
[Warn]	(53.265, +1)	 draw_letter_cb: Couldn't get the bitmap of a glyph lv_draw_sw_letter.c:174
[Warn]	(53.265, +0)	 lv_font_get_bitmap_fmt_txt: Compressed fonts is used but LV_USE_FONT_COMPRESSED is not enabled in lv_conf.h lv_font_fmt_txt.c:213
[Warn]	(53.265, +0)	 draw_letter_cb: Couldn't get the bitmap of a glyph lv_draw_sw_letter.c:174
[Warn]	(53.266, +1)	 lv_font_get_bitmap_fmt_txt: Compressed fonts is used but LV_USE_FONT_COMPRESSED is not enabled in lv_conf.h lv_font_fmt_txt.c:213
[Warn]	(53.266, +0)	 draw_letter_cb: Couldn't get the bitmap of a glyph lv_draw_sw_letter.c:174
[Warn]	(53.266, +0)	 lv_font_get_bitmap_fmt_txt: Compressed fonts is used but LV_USE_FONT_COMPRESSED is not enabled in lv_conf.h lv_font_fmt_txt.c:213
[Warn]	(53.267, +1)	 draw_letter_cb: Couldn't get the bitmap of a glyph lv_draw_sw_letter.c:174
[Warn]	(53.267, +0)	 lv_font_get_bitmap_fmt_txt: Compressed fonts is used but LV_USE_FONT_COMPRESSED is not enabled in lv_conf.h lv_font_fmt_txt.c:213
[Warn]	(53.267, +0)	 draw_letter_cb: Couldn't get the bitmap of a glyph lv_draw_sw_letter.c:174
[Warn]	(53.268, +1)	 lv_font_get_bitmap_fmt_txt: Compressed fonts is used but LV_USE_FONT_COMPRESSED is not enabled in lv_conf.h lv_font_fmt_txt.c:213
[Warn]	(53.268, +0)	 draw_letter_cb: Couldn't get the bitmap of a glyph lv_draw_sw_letter.c:174
[Warn]	(53.268, +0)	 lv_font_get_bitmap_fmt_txt: Compressed fonts is used but LV_USE_FONT_COMPRESSED is not enabled in lv_conf.h lv_font_fmt_txt.c:213
[Warn]	(53.269, +1)	 draw_letter_cb: Couldn't get the bitmap of a glyph lv_draw_sw_letter.c:174
[Warn]	(53.269, +0)	 lv_font_get_bitmap_fmt_txt: Compressed fonts is used but LV_USE_FONT_COMPRESSED is not enabled in lv_conf.h lv_font_fmt_txt.c:213
[Warn]	(53.269, +0)	 draw_letter_cb: Couldn't get the bitmap of a glyph lv_draw_sw_letter.c:174
[Warn]	(53.270, +1)	 lv_font_get_bitmap_fmt_txt: Compressed fonts is used but LV_USE_FONT_COMPRESSED is not enabled in lv_conf.h lv_font_fmt_txt.c:213
[Warn]	(53.270, +0)	 draw_letter_cb: Couldn't get the bitmap of a glyph lv_draw_sw_letter.c:174
[Warn]	(53.271, +1)	 lv_font_get_bitmap_fmt_txt: Compressed fonts is used but LV_USE_FONT_COMPRESSED is not enabled in lv_conf.h lv_font_fmt_txt.c:213
[Warn]	(53.271, +0)	 draw_letter_cb: Couldn't get the bitmap of a glyph lv_draw_sw_letter.c:174
[Warn]	(53.271, +0)	 lv_font_get_bitmap_fmt_txt: Compressed fonts is used but LV_USE_FONT_COMPRESSED is not enabled in lv_conf.h lv_font_fmt_txt.c:213
[Warn]	(53.272, +1)	 draw_letter_cb: Couldn't get the bitmap of a glyph lv_draw_sw_letter.c:174
[Warn]	(53.272, +0)	 lv_font_get_bitmap_fmt_txt: Compressed fonts is used but LV_USE_FONT_COMPRESSED is not enabled in lv_conf.h lv_font_fmt_txt.c:213
[Warn]	(53.272, +0)	 draw_letter_cb: Couldn't get the bitmap of a glyph lv_draw_sw_letter.c:174
[Warn]	(53.295, +23)	 lv_font_get_bitmap_fmt_txt: Compressed fonts is used but LV_USE_FONT_COMPRESSED is not enabled in lv_conf.h lv_font_fmt_txt.c:213
[Warn]	(53.295, +0)	 draw_letter_cb: Couldn't get the bitmap of a glyph lv_draw_sw_letter.c:174
[Warn]	(53.296, +1)	 lv_font_get_bitmap_fmt_txt: Compressed fonts is used but LV_USE_FONT_COMPRESSED is not enabled in lv_conf.h lv_font_fmt_txt.c:213
[Warn]	(53.296, +0)	 draw_letter_cb: Couldn't get the bitmap of a glyph lv_draw_sw_letter.c:174
[Warn]	(53.296, +0)	 lv_font_get_bitmap_fmt_txt: Compressed fonts is used but LV_USE_FONT_COMPRESSED is not enabled in lv_conf.h lv_font_fmt_txt.c:213
[Warn]	(53.297, +1)	 draw_letter_cb: Couldn't get the bitmap of a glyph lv_draw_sw_letter.c:174
[Warn]	(53.297, +0)	 lv_font_get_bitmap_fmt_txt: Compressed fonts is used but LV_USE_FONT_COMPRESSED is not enabled in lv_conf.h lv_font_fmt_txt.c:213
[Warn]	(53.297, +0)	 draw_letter_cb: Couldn't get the bitmap of a glyph lv_draw_sw_letter.c:174
[Warn]	(53.297, +0)	 lv_font_get_bitmap_fmt_txt: Compressed fonts is used but LV_USE_FONT_COMPRESSED is not enabled in lv_conf.h lv_font_fmt_txt.c:213
[Warn]	(53.298, +1)	 draw_letter_cb: Couldn't get the bitmap of a glyph lv_draw_sw_letter.c:174
[Warn]	(53.298, +0)	 lv_font_get_bitmap_fmt_txt: Compressed fonts is used but LV_USE_FONT_COMPRESSED is not enabled in lv_conf.h lv_font_fmt_txt.c:213
[Warn]	(53.298, +0)	 draw_letter_cb: Couldn't get the bitmap of a glyph lv_draw_sw_letter.c:174
[Warn]	(53.299, +1)	 lv_font_get_bitmap_fmt_txt: Compressed fonts is used but LV_USE_FONT_COMPRESSED is not enabled in lv_conf.h lv_font_fmt_txt.c:213
[Warn]	(53.299, +0)	 draw_letter_cb: Couldn't get the bitmap of a glyph lv_draw_sw_letter.c:174
[Warn]	(53.299, +0)	 lv_font_get_bitmap_fmt_txt: Compressed fonts is used but LV_USE_FONT_COMPRESSED is not enabled in lv_conf.h lv_font_fmt_txt.c:213
[Warn]	(53.300, +1)	 draw_letter_cb: Couldn't get the bitmap of a glyph lv_draw_sw_letter.c:174
[Warn]	(53.300, +0)	 lv_font_get_bitmap_fmt_txt: Compressed fonts is used but LV_USE_FONT_COMPRESSED is not enabled in lv_conf.h lv_font_fmt_txt.c:213
[Warn]	(53.300, +0)	 draw_letter_cb: Couldn't get the bitmap of a glyph lv_draw_sw_letter.c:174
[Warn]	(53.300, +0)	 lv_font_get_bitmap_fmt_txt: Compressed fonts is used but LV_USE_FONT_COMPRESSED is not enabled in lv_conf.h lv_font_fmt_txt.c:213
[Warn]	(53.301, +1)	 draw_letter_cb: Couldn't get the bitmap of a glyph lv_draw_sw_letter.c:174
[Warn]	(53.301, +0)	 lv_font_get_bitmap_fmt_txt: Compressed fonts is used but LV_USE_FONT_COMPRESSED is not enabled in lv_conf.h lv_font_fmt_txt.c:213
[Warn]	(53.301, +0)	 draw_letter_cb: Couldn't get the bitmap of a glyph lv_draw_sw_letter.c:174
[Warn]	(53.302, +1)	 lv_font_get_bitmap_fmt_txt: Compressed fonts is used but LV_USE_FONT_COMPRESSED is not enabled in lv_conf.h lv_font_fmt_txt.c:213
[Warn]	(53.302, +0)	 draw_letter_cb: Couldn't get the bitmap of a glyph lv_draw_sw_letter.c:174
[Warn]	(53.302, +0)	 lv_font_get_bitmap_fmt_txt: Compressed fonts is used but LV_USE_FONT_COMPRESSED is not enabled in lv_conf.h lv_font_fmt_txt.c:213
[Warn]	(53.303, +1)	 draw_letter_cb: Couldn't get the bitmap of a glyph lv_draw_sw_letter.c:174
[Warn]	(53.303, +0)	 lv_font_get_bitmap_fmt_txt: Compressed fonts is used but LV_USE_FONT_COMPRESSED is not enabled in lv_conf.h lv_font_fmt_txt.c:213
[Warn]	(53.303, +0)	 draw_letter_cb: Couldn't get the bitmap of a glyph lv_draw_sw_letter.c:174
[Warn]	(53.304, +1)	 lv_font_get_bitmap_fmt_txt: Compressed fonts is used but LV_USE_FONT_COMPRESSED is not enabled in lv_conf.h lv_font_fmt_txt.c:213
[Warn]	(53.304, +0)	 draw_letter_cb: Couldn't get the bitmap of a glyph lv_draw_sw_letter.c:174
[Warn]	(53.304, +0)	 lv_font_get_bitmap_fmt_txt: Compressed fonts is used but LV_USE_FONT_COMPRESSED is not enabled in lv_conf.h lv_font_fmt_txt.c:213
[Warn]	(53.305, +1)	 draw_letter_cb: Couldn't get the bitmap of a glyph lv_draw_sw_letter.c:174
[Warn]	(53.328, +23)	 lv_font_get_bitmap_fmt_txt: Compressed fonts is used but LV_USE_FONT_COMPRESSED is not enabled in lv_conf.h lv_font_fmt_txt.c:213
[Warn]	(53.328, +0)	 draw_letter_cb: Couldn't get the bitmap of a glyph lv_draw_sw_letter.c:174
[Warn]	(53.329, +1)	 lv_font_get_bitmap_fmt_txt: Compressed fonts is used but LV_USE_FONT_COMPRESSED is not enabled in lv_conf.h lv_font_fmt_txt.c:213
[Warn]	(53.329, +0)	 draw_letter_cb: Couldn't get the bitmap of a glyph lv_draw_sw_letter.c:174
[Warn]	(53.329, +0)	 lv_font_get_bitmap_fmt_txt: Compressed fonts is used but LV_USE_FONT_COMPRESSED is not enabled in lv_conf.h lv_font_fmt_txt.c:213
[Warn]	(53.330, +1)	 draw_letter_cb: Couldn't get the bitmap of a glyph lv_draw_sw_letter.c:174
[Warn]	(53.330, +0)	 lv_font_get_bitmap_fmt_txt: Compressed fonts is used but LV_USE_FONT_COMPRESSED is not enabled in lv_conf.h lv_font_fmt_txt.c:213
[Warn]	(53.330, +0)	 draw_letter_cb: Couldn't get the bitmap of a glyph lv_draw_sw_letter.c:174
[Warn]	(53.330, +0)	 lv_font_get_bitmap_fmt_txt: Compressed fonts is used but LV_USE_FONT_COMPRESSED is not enabled in lv_conf.h lv_font_fmt_txt.c:213
[Warn]	(53.331, +1)	 draw_letter_cb: Couldn't get the bitmap of a glyph lv_draw_sw_letter.c:174
[Warn]	(53.331, +0)	 lv_font_get_bitmap_fmt_txt: Compressed fonts is used but LV_USE_FONT_COMPRESSED is not enabled in lv_conf.h lv_font_fmt_txt.c:213
[Warn]	(53.331, +0)	 draw_letter_cb: Couldn't get the bitmap of a glyph lv_draw_sw_letter.c:174
[Warn]	(53.332, +1)	 lv_font_get_bitmap_fmt_txt: Compressed fonts is used but LV_USE_FONT_COMPRESSED is not enabled in lv_conf.h lv_font_fmt_txt.c:213
[Warn]	(53.332, +0)	 draw_letter_cb: Couldn't get the bitmap of a glyph lv_draw_sw_letter.c:174
[Warn]	(53.332, +0)	 lv_font_get_bitmap_fmt_txt: Compressed fonts is used but LV_USE_FONT_COMPRESSED is not enabled in lv_conf.h lv_font_fmt_txt.c:213
[Warn]	(53.333, +1)	 draw_letter_cb: Couldn't get the bitmap of a glyph lv_draw_sw_letter.c:174
[Warn]	(53.333, +0)	 lv_font_get_bitmap_fmt_txt: Compressed fonts is used but LV_USE_FONT_COMPRESSED is not enabled in lv_conf.h lv_font_fmt_txt.c:213
[Warn]	(53.333, +0)	 draw_letter_cb: Couldn't get the bitmap of a glyph lv_draw_sw_letter.c:174
[Warn]	(53.334, +1)	 lv_font_get_bitmap_fmt_txt: Compressed fonts is used but LV_USE_FONT_COMPRESSED is not enabled in lv_conf.h lv_font_fmt_txt.c:213
[Warn]	(53.334, +0)	 draw_letter_cb: Couldn't get the bitmap of a glyph lv_draw_sw_letter.c:174
[Warn]	(53.334, +0)	 lv_font_get_bitmap_fmt_txt: Compressed fonts is used but LV_USE_FONT_COMPRESSED is not enabled in lv_conf.h lv_font_fmt_txt.c:213
[Warn]	(53.335, +1)	 draw_letter_cb: Couldn't get the bitmap of a glyph lv_draw_sw_letter.c:174
[Warn]	(53.335, +0)	 lv_font_get_bitmap_fmt_txt: Compressed fonts is used but LV_USE_FONT_COMPRESSED is not enabled in lv_conf.h lv_font_fmt_txt.c:213
[Warn]	(53.335, +0)	 draw_letter_cb: Couldn't get the bitmap of a glyph lv_draw_sw_letter.c:174
[Warn]	(53.335, +0)	 lv_font_get_bitmap_fmt_txt: Compressed fonts is used but LV_USE_FONT_COMPRESSED is not enabled in lv_conf.h lv_font_fmt_txt.c:213
[Warn]	(53.336, +1)	 draw_letter_cb: Couldn't get the bitmap of a glyph lv_draw_sw_letter.c:174
[Warn]	(53.336, +0)	 lv_font_get_bitmap_fmt_txt: Compressed fonts is used but LV_USE_FONT_COMPRESSED is not enabled in lv_conf.h lv_font_fmt_txt.c:213
[Warn]	(53.336, +0)	 draw_letter_cb: Couldn't get the bitmap of a glyph lv_draw_sw_letter.c:174
[Warn]	(53.337, +1)	 lv_font_get_bitmap_fmt_txt: Compressed fonts is used but LV_USE_FONT_COMPRESSED is not enabled in lv_conf.h lv_font_fmt_txt.c:213
[Warn]	(53.337, +0)	 draw_letter_cb: Couldn't get the bitmap of a glyph lv_draw_sw_letter.c:174
[Warn]	(53.337, +0)	 lv_font_get_bitmap_fmt_txt: Compressed fonts is used but LV_USE_FONT_COMPRESSED is not enabled in lv_conf.h lv_font_fmt_txt.c:213
[Warn]	(53.338, +1)	 draw_letter_cb: Couldn't get the bitmap of a glyph lv_draw_sw_letter.c:174
[Warn]	(53.361, +23)	 lv_font_get_bitmap_fmt_txt: Compressed fonts is used but LV_USE_FONT_COMPRESSED is not enabled in lv_conf.h lv_font_fmt_txt.c:213
[Warn]	(53.361, +0)	 draw_letter_cb: Couldn't get the bitmap of a glyph lv_draw_sw_letter.c:174
[Warn]	(53.362, +1)	 lv_font_get_bitmap_fmt_txt: Compressed fonts is used but LV_USE_FONT_COMPRESSED is not enabled in lv_conf.h lv_font_fmt_txt.c:213
[Warn]	(53.362, +0)	 draw_letter_cb: Couldn't get the bitmap of a glyph lv_draw_sw_letter.c:174
[Warn]	(53.362, +0)	 lv_font_get_bitmap_fmt_txt: Compressed fonts is used but LV_USE_FONT_COMPRESSED is not enabled in lv_conf.h lv_font_fmt_txt.c:213
[Warn]	(53.363, +1)	 draw_letter_cb: Couldn't get the bitmap of a glyph lv_draw_sw_letter.c:174
[Warn]	(53.363, +0)	 lv_font_get_bitmap_fmt_txt: Compressed fonts is used but LV_USE_FONT_COMPRESSED is not enabled in lv_conf.h lv_font_fmt_txt.c:213
[Warn]	(53.363, +0)	 draw_letter_cb: Couldn't get the bitmap of a glyph lv_draw_sw_letter.c:174
[Warn]	(53.363, +0)	 lv_font_get_bitmap_fmt_txt: Compressed fonts is used but LV_USE_FONT_COMPRESSED is not enabled in lv_conf.h lv_font_fmt_txt.c:213
[Warn]	(53.364, +1)	 draw_letter_cb: Couldn't get the bitmap of a glyph lv_draw_sw_letter.c:174
[Warn]	(53.364, +0)	 lv_font_get_bitmap_fmt_txt: Compressed fonts is used but LV_USE_FONT_COMPRESSED is not enabled in lv_conf.h lv_font_fmt_txt.c:213
[Warn]	(53.364, +0)	 draw_letter_cb: Couldn't get the bitmap of a glyph lv_draw_sw_letter.c:174
[Warn]	(53.365, +1)	 lv_font_get_bitmap_fmt_txt: Compressed fonts is used but LV_USE_FONT_COMPRESSED is not enabled in lv_conf.h lv_font_fmt_txt.c:213
[Warn]	(53.365, +0)	 draw_letter_cb: Couldn't get the bitmap of a glyph lv_draw_sw_letter.c:174
[Warn]	(53.365, +0)	 lv_font_get_bitmap_fmt_txt: Compressed fonts is used but LV_USE_FONT_COMPRESSED is not enabled in lv_conf.h lv_font_fmt_txt.c:213
[Warn]	(53.366, +1)	 draw_letter_cb: Couldn't get the bitmap of a glyph lv_draw_sw_letter.c:174
[Warn]	(53.366, +0)	 lv_font_get_bitmap_fmt_txt: Compressed fonts is used but LV_USE_FONT_COMPRESSED is not enabled in lv_conf.h lv_font_fmt_txt.c:213
[Warn]	(53.366, +0)	 draw_letter_cb: Couldn't get the bitmap of a glyph lv_draw_sw_letter.c:174
[Warn]	(53.367, +1)	 lv_font_get_bitmap_fmt_txt: Compressed fonts is used but LV_USE_FONT_COMPRESSED is not enabled in lv_conf.h lv_font_fmt_txt.c:213
[Warn]	(53.367, +0)	 draw_letter_cb: Couldn't get the bitmap of a glyph lv_draw_sw_letter.c:174
[Warn]	(53.367, +0)	 lv_font_get_bitmap_fmt_txt: Compressed fonts is used but LV_USE_FONT_COMPRESSED is not enabled in lv_conf.h lv_font_fmt_txt.c:213
[Warn]	(53.368, +1)	 draw_letter_cb: Couldn't get the bitmap of a glyph lv_draw_sw_letter.c:174
[Warn]	(53.368, +0)	 lv_font_get_bitmap_fmt_txt: Compressed fonts is used but LV_USE_FONT_COMPRESSED is not enabled in lv_conf.h lv_font_fmt_txt.c:213
[Warn]	(53.368, +0)	 draw_letter_cb: Couldn't get the bitmap of a glyph lv_draw_sw_letter.c:174
[Warn]	(53.368, +0)	 lv_font_get_bitmap_fmt_txt: Compressed fonts is used but LV_USE_FONT_COMPRESSED is not enabled in lv_conf.h lv_font_fmt_txt.c:213
[Warn]	(53.369, +1)	 draw_letter_cb: Couldn't get the bitmap of a glyph lv_draw_sw_letter.c:174
[Warn]	(53.369, +0)	 lv_font_get_bitmap_fmt_txt: Compressed fonts is used but LV_USE_FONT_COMPRESSED is not enabled in lv_conf.h lv_font_fmt_txt.c:213
[Warn]	(53.369, +0)	 draw_letter_cb: Couldn't get the bitmap of a glyph lv_draw_sw_letter.c:174
[Warn]	(53.370, +1)	 lv_font_get_bitmap_fmt_txt: Compressed fonts is used but LV_USE_FONT_COMPRESSED is not enabled in lv_conf.h lv_font_fmt_txt.c:213
[Warn]	(53.370, +0)	 draw_letter_cb: Couldn't get the bitmap of a glyph lv_draw_sw_letter.c:174
[Warn]	(53.370, +0)	 lv_font_get_bitmap_fmt_txt: Compressed fonts is used but LV_USE_FONT_COMPRESSED is not enabled in lv_conf.h lv_font_fmt_txt.c:213
[Warn]	(53.371, +1)	 draw_letter_cb: Couldn't get the bitmap of a glyph lv_draw_sw_letter.c:174
[Warn]	(53.396, +25)	 lv_font_get_bitmap_fmt_txt: Compressed fonts is used but LV_USE_FONT_COMPRESSED is not enabled in lv_conf.h lv_font_fmt_txt.c:213
[Warn]	(53.396, +0)	 draw_letter_cb: Couldn't get the bitmap of a glyph lv_draw_sw_letter.c:174
[Warn]	(53.397, +1)	 lv_font_get_bitmap_fmt_txt: Compressed fonts is used but LV_USE_FONT_COMPRESSED is not enabled in lv_conf.h lv_font_fmt_txt.c:213
[Warn]	(53.397, +0)	 draw_letter_cb: Couldn't get the bitmap of a glyph lv_draw_sw_letter.c:174
[Warn]	(53.397, +0)	 lv_font_get_bitmap_fmt_txt: Compressed fonts is used but LV_USE_FONT_COMPRESSED is not enabled in lv_conf.h lv_font_fmt_txt.c:213
[Warn]	(53.398, +1)	 draw_letter_cb: Couldn't get the bitmap of a glyph lv_draw_sw_letter.c:174
[Warn]	(53.398, +0)	 lv_font_get_bitmap_fmt_txt: Compressed fonts is used but LV_USE_FONT_COMPRESSED is not enabled in lv_conf.h lv_font_fmt_txt.c:213
[Warn]	(53.398, +0)	 draw_letter_cb: Couldn't get the bitmap of a glyph lv_draw_sw_letter.c:174
[Warn]	(53.398, +0)	 lv_font_get_bitmap_fmt_txt: Compressed fonts is used but LV_USE_FONT_COMPRESSED is not enabled in lv_conf.h lv_font_fmt_txt.c:213
[Warn]	(53.399, +1)	 draw_letter_cb: Couldn't get the bitmap of a glyph lv_draw_sw_letter.c:174
[Warn]	(53.399, +0)	 lv_font_get_bitmap_fmt_txt: Compressed fonts is used but LV_USE_FONT_COMPRESSED is not enabled in lv_conf.h lv_font_fmt_txt.c:213
[Warn]	(53.399, +0)	 draw_letter_cb: Couldn't get the bitmap of a glyph lv_draw_sw_letter.c:174
[Warn]	(53.400, +1)	 lv_font_get_bitmap_fmt_txt: Compressed fonts is used but LV_USE_FONT_COMPRESSED is not enabled in lv_conf.h lv_font_fmt_txt.c:213
[Warn]	(53.400, +0)	 draw_letter_cb: Couldn't get the bitmap of a glyph lv_draw_sw_letter.c:174
[Warn]	(53.400, +0)	 lv_font_get_bitmap_fmt_txt: Compressed fonts is used but LV_USE_FONT_COMPRESSED is not enabled in lv_conf.h lv_font_fmt_txt.c:213
[Warn]	(53.401, +1)	 draw_letter_cb: Couldn't get the bitmap of a glyph lv_draw_sw_letter.c:174
[Warn]	(53.401, +0)	 lv_font_get_bitmap_fmt_txt: Compressed fonts is used but LV_USE_FONT_COMPRESSED is not enabled in lv_conf.h lv_font_fmt_txt.c:213
[Warn]	(53.401, +0)	 draw_letter_cb: Couldn't get the bitmap of a glyph lv_draw_sw_letter.c:174
[Warn]	(53.402, +1)	 lv_font_get_bitmap_fmt_txt: Compressed fonts is used but LV_USE_FONT_COMPRESSED is not enabled in lv_conf.h lv_font_fmt_txt.c:213
[Warn]	(53.402, +0)	 draw_letter_cb: Couldn't get the bitmap of a glyph lv_draw_sw_letter.c:174
[Warn]	(53.402, +0)	 lv_font_get_bitmap_fmt_txt: Compressed fonts is used but LV_USE_FONT_COMPRESSED is not enabled in lv_conf.h lv_font_fmt_txt.c:213
[Warn]	(53.403, +1)	 draw_letter_cb: Couldn't get the bitmap of a glyph lv_draw_sw_letter.c:174
[Warn]	(53.403, +0)	 lv_font_get_bitmap_fmt_txt: Compressed fonts is used but LV_USE_FONT_COMPRESSED is not enabled in lv_conf.h lv_font_fmt_txt.c:213
[Warn]	(53.403, +0)	 draw_letter_cb: Couldn't get the bitmap of a glyph lv_draw_sw_letter.c:174
[Warn]	(53.403, +0)	 lv_font_get_bitmap_fmt_txt: Compressed fonts is used but LV_USE_FONT_COMPRESSED is not enabled in lv_conf.h lv_font_fmt_txt.c:213
[Warn]	(53.404, +1)	 draw_letter_cb: Couldn't get the bitmap of a glyph lv_draw_sw_letter.c:174
[Warn]	(53.404, +0)	 lv_font_get_bitmap_fmt_txt: Compressed fonts is used but LV_USE_FONT_COMPRESSED is not enabled in lv_conf.h lv_font_fmt_txt.c:213
[Warn]	(53.404, +0)	 draw_letter_cb: Couldn't get the bitmap of a glyph lv_draw_sw_letter.c:174
[Warn]	(53.405, +1)	 lv_font_get_bitmap_fmt_txt: Compressed fonts is used but LV_USE_FONT_COMPRESSED is not enabled in lv_conf.h lv_font_fmt_txt.c:213
[Warn]	(53.405, +0)	 draw_letter_cb: Couldn't get the bitmap of a glyph lv_draw_sw_letter.c:174
[Warn]	(53.405, +0)	 lv_font_get_bitmap_fmt_txt: Compressed fonts is used but LV_USE_FONT_COMPRESSED is not enabled in lv_conf.h lv_font_fmt_txt.c:213
[Warn]	(53.406, +1)	 draw_letter_cb: Couldn't get the bitmap of a glyph lv_draw_sw_letter.c:174
[Warn]	(53.429, +23)	 lv_font_get_bitmap_fmt_txt: Compressed fonts is used but LV_USE_FONT_COMPRESSED is not enabled in lv_conf.h lv_font_fmt_txt.c:213
[Warn]	(53.429, +0)	 draw_letter_cb: Couldn't get the bitmap of a glyph lv_draw_sw_letter.c:174
[Warn]	(53.430, +1)	 lv_font_get_bitmap_fmt_txt: Compressed fonts is used but LV_USE_FONT_COMPRESSED is not enabled in lv_conf.h lv_font_fmt_txt.c:213
[Warn]	(53.430, +0)	 draw_letter_cb: Couldn't get the bitmap of a glyph lv_draw_sw_letter.c:174
[Warn]	(53.430, +0)	 lv_font_get_bitmap_fmt_txt: Compressed fonts is used but LV_USE_FONT_COMPRESSED is not enabled in lv_conf.h lv_font_fmt_txt.c:213
[Warn]	(53.431, +1)	 draw_letter_cb: Couldn't get the bitmap of a glyph lv_draw_sw_letter.c:174
[Warn]	(53.431, +0)	 lv_font_get_bitmap_fmt_txt: Compressed fonts is used but LV_USE_FONT_COMPRESSED is not enabled in lv_conf.h lv_font_fmt_txt.c:213
[Warn]	(53.431, +0)	 draw_letter_cb: Couldn't get the bitmap of a glyph lv_draw_sw_letter.c:174
[Warn]	(53.431, +0)	 lv_font_get_bitmap_fmt_txt: Compressed fonts is used but LV_USE_FONT_COMPRESSED is not enabled in lv_conf.h lv_font_fmt_txt.c:213
[Warn]	(53.432, +1)	 draw_letter_cb: Couldn't get the bitmap of a glyph lv_draw_sw_letter.c:174
[Warn]	(53.432, +0)	 lv_font_get_bitmap_fmt_txt: Compressed fonts is used but LV_USE_FONT_COMPRESSED is not enabled in lv_conf.h lv_font_fmt_txt.c:213
[Warn]	(53.432, +0)	 draw_letter_cb: Couldn't get the bitmap of a glyph lv_draw_sw_letter.c:174
[Warn]	(53.433, +1)	 lv_font_get_bitmap_fmt_txt: Compressed fonts is used but LV_USE_FONT_COMPRESSED is not enabled in lv_conf.h lv_font_fmt_txt.c:213
[Warn]	(53.433, +0)	 draw_letter_cb: Couldn't get the bitmap of a glyph lv_draw_sw_letter.c:174
[Warn]	(53.433, +0)	 lv_font_get_bitmap_fmt_txt: Compressed fonts is used but LV_USE_FONT_COMPRESSED is not enabled in lv_conf.h lv_font_fmt_txt.c:213
[Warn]	(53.434, +1)	 draw_letter_cb: Couldn't get the bitmap of a glyph lv_draw_sw_letter.c:174
[Warn]	(53.434, +0)	 lv_font_get_bitmap_fmt_txt: Compressed fonts is used but LV_USE_FONT_COMPRESSED is not enabled in lv_conf.h lv_font_fmt_txt.c:213
[Warn]	(53.434, +0)	 draw_letter_cb: Couldn't get the bitmap of a glyph lv_draw_sw_letter.c:174
[Warn]	(53.435, +1)	 lv_font_get_bitmap_fmt_txt: Compressed fonts is used but LV_USE_FONT_COMPRESSED is not enabled in lv_conf.h lv_font_fmt_txt.c:213
[Warn]	(53.435, +0)	 draw_letter_cb: Couldn't get the bitmap of a glyph lv_draw_sw_letter.c:174
[Warn]	(53.435, +0)	 lv_font_get_bitmap_fmt_txt: Compressed fonts is used but LV_USE_FONT_COMPRESSED is not enabled in lv_conf.h lv_font_fmt_txt.c:213
[Warn]	(53.436, +1)	 draw_letter_cb: Couldn't get the bitmap of a glyph lv_draw_sw_letter.c:174
[Warn]	(53.436, +0)	 lv_font_get_bitmap_fmt_txt: Compressed fonts is used but LV_USE_FONT_COMPRESSED is not enabled in lv_conf.h lv_font_fmt_txt.c:213
[Warn]	(53.436, +0)	 draw_letter_cb: Couldn't get the bitmap of a glyph lv_draw_sw_letter.c:174
[Warn]	(53.436, +0)	 lv_font_get_bitmap_fmt_txt: Compressed fonts is used but LV_USE_FONT_COMPRESSED is not enabled in lv_conf.h lv_font_fmt_txt.c:213
[Warn]	(53.437, +1)	 draw_letter_cb: Couldn't get the bitmap of a glyph lv_draw_sw_letter.c:174
[Warn]	(53.437, +0)	 lv_font_get_bitmap_fmt_txt: Compressed fonts is used but LV_USE_FONT_COMPRESSED is not enabled in lv_conf.h lv_font_fmt_txt.c:213
[Warn]	(53.437, +0)	 draw_letter_cb: Couldn't get the bitmap of a glyph lv_draw_sw_letter.c:174
[Warn]	(53.438, +1)	 lv_font_get_bitmap_fmt_txt: Compressed fonts is used but LV_USE_FONT_COMPRESSED is not enabled in lv_conf.h lv_font_fmt_txt.c:213
[Warn]	(53.438, +0)	 draw_letter_cb: Couldn't get the bitmap of a glyph lv_draw_sw_letter.c:174
[Warn]	(53.438, +0)	 lv_font_get_bitmap_fmt_txt: Compressed fonts is used but LV_USE_FONT_COMPRESSED is not enabled in lv_conf.h lv_font_fmt_txt.c:213
[Warn]	(53.439, +1)	 draw_letter_cb: Couldn't get the bitmap of a glyph lv_draw_sw_letter.c:174
[Warn]	(53.475, +36)	 lv_font_get_bitmap_fmt_txt: Compressed fonts is used but LV_USE_FONT_COMPRESSED is not enabled in lv_conf.h lv_font_fmt_txt.c:213
[Warn]	(53.475, +0)	 draw_letter_cb: Couldn't get the bitmap of a glyph lv_draw_sw_letter.c:174
[Warn]	(53.476, +1)	 lv_font_get_bitmap_fmt_txt: Compressed fonts is used but LV_USE_FONT_COMPRESSED is not enabled in lv_conf.h lv_font_fmt_txt.c:213
[Warn]	(53.476, +0)	 draw_letter_cb: Couldn't get the bitmap of a glyph lv_draw_sw_letter.c:174
[Warn]	(53.476, +0)	 lv_font_get_bitmap_fmt_txt: Compressed fonts is used but LV_USE_FONT_COMPRESSED is not enabled in lv_conf.h lv_font_fmt_txt.c:213
[Warn]	(53.477, +1)	 draw_letter_cb: Couldn't get the bitmap of a glyph lv_draw_sw_letter.c:174
[Warn]	(53.477, +0)	 lv_font_get_bitmap_fmt_txt: Compressed fonts is used but LV_USE_FONT_COMPRESSED is not enabled in lv_conf.h lv_font_fmt_txt.c:213
[Warn]	(53.477, +0)	 draw_letter_cb: Couldn't get the bitmap of a glyph lv_draw_sw_letter.c:174
[Warn]	(53.477, +0)	 lv_font_get_bitmap_fmt_txt: Compressed fonts is used but LV_USE_FONT_COMPRESSED is not enabled in lv_conf.h lv_font_fmt_txt.c:213
[Warn]	(53.478, +1)	 draw_letter_cb: Couldn't get the bitmap of a glyph lv_draw_sw_letter.c:174
[Warn]	(53.478, +0)	 lv_font_get_bitmap_fmt_txt: Compressed fonts is used but LV_USE_FONT_COMPRESSED is not enabled in lv_conf.h lv_font_fmt_txt.c:213
[Warn]	(53.478, +0)	 draw_letter_cb: Couldn't get the bitmap of a glyph lv_draw_sw_letter.c:174
[Warn]	(53.479, +1)	 lv_font_get_bitmap_fmt_txt: Compressed fonts is used but LV_USE_FONT_COMPRESSED is not enabled in lv_conf.h lv_font_fmt_txt.c:213
[Warn]	(53.479, +0)	 draw_letter_cb: Couldn't get the bitmap of a glyph lv_draw_sw_letter.c:174
[Warn]	(53.479, +0)	 lv_font_get_bitmap_fmt_txt: Compressed fonts is used but LV_USE_FONT_COMPRESSED is not enabled in lv_conf.h lv_font_fmt_txt.c:213
[Warn]	(53.480, +1)	 draw_letter_cb: Couldn't get the bitmap of a glyph lv_draw_sw_letter.c:174
[Warn]	(53.480, +0)	 lv_font_get_bitmap_fmt_txt: Compressed fonts is used but LV_USE_FONT_COMPRESSED is not enabled in lv_conf.h lv_font_fmt_txt.c:213
[Warn]	(53.480, +0)	 draw_letter_cb: Couldn't get the bitmap of a glyph lv_draw_sw_letter.c:174
[Warn]	(53.480, +0)	 lv_font_get_bitmap_fmt_txt: Compressed fonts is used but LV_USE_FONT_COMPRESSED is not enabled in lv_conf.h lv_font_fmt_txt.c:213
[Warn]	(53.481, +1)	 draw_letter_cb: Couldn't get the bitmap of a glyph lv_draw_sw_letter.c:174
[Warn]	(53.481, +0)	 lv_font_get_bitmap_fmt_txt: Compressed fonts is used but LV_USE_FONT_COMPRESSED is not enabled in lv_conf.h lv_font_fmt_txt.c:213
[Warn]	(53.482, +1)	 draw_letter_cb: Couldn't get the bitmap of a glyph lv_draw_sw_letter.c:174
[Warn]	(53.482, +0)	 lv_font_get_bitmap_fmt_txt: Compressed fonts is used but LV_USE_FONT_COMPRESSED is not enabled in lv_conf.h lv_font_fmt_txt.c:213
[Warn]	(53.482, +0)	 draw_letter_cb: Couldn't get the bitmap of a glyph lv_draw_sw_letter.c:174
[Warn]	(53.482, +0)	 lv_font_get_bitmap_fmt_txt: Compressed fonts is used but LV_USE_FONT_COMPRESSED is not enabled in lv_conf.h lv_font_fmt_txt.c:213
[Warn]	(53.483, +1)	 draw_letter_cb: Couldn't get the bitmap of a glyph lv_draw_sw_letter.c:174
[Warn]	(53.483, +0)	 lv_font_get_bitmap_fmt_txt: Compressed fonts is used but LV_USE_FONT_COMPRESSED is not enabled in lv_conf.h lv_font_fmt_txt.c:213
[Warn]	(53.483, +0)	 draw_letter_cb: Couldn't get the bitmap of a glyph lv_draw_sw_letter.c:174
[Warn]	(53.484, +1)	 lv_font_get_bitmap_fmt_txt: Compressed fonts is used but LV_USE_FONT_COMPRESSED is not enabled in lv_conf.h lv_font_fmt_txt.c:213
[Warn]	(53.484, +0)	 draw_letter_cb: Couldn't get the bitmap of a glyph lv_draw_sw_letter.c:174
[Warn]	(53.484, +0)	 lv_font_get_bitmap_fmt_txt: Compressed fonts is used but LV_USE_FONT_COMPRESSED is not enabled in lv_conf.h lv_font_fmt_txt.c:213
[Warn]	(53.485, +1)	 draw_letter_cb: Couldn't get the bitmap of a glyph lv_draw_sw_letter.c:174
[Warn]	(53.508, +23)	 lv_font_get_bitmap_fmt_txt: Compressed fonts is used but LV_USE_FONT_COMPRESSED is not enabled in lv_conf.h lv_font_fmt_txt.c:213
[Warn]	(53.508, +0)	 draw_letter_cb: Couldn't get the bitmap of a glyph lv_draw_sw_letter.c:174
[Warn]	(53.509, +1)	 lv_font_get_bitmap_fmt_txt: Compressed fonts is used but LV_USE_FONT_COMPRESSED is not enabled in lv_conf.h lv_font_fmt_txt.c:213
[Warn]	(53.509, +0)	 draw_letter_cb: Couldn't get the bitmap of a glyph lv_draw_sw_letter.c:174
[Warn]	(53.509, +0)	 lv_font_get_bitmap_fmt_txt: Compressed fonts is used but LV_USE_FONT_COMPRESSED is not enabled in lv_conf.h lv_font_fmt_txt.c:213
[Warn]	(53.510, +1)	 draw_letter_cb: Couldn't get the bitmap of a glyph lv_draw_sw_letter.c:174
[Warn]	(53.510, +0)	 lv_font_get_bitmap_fmt_txt: Compressed fonts is used but LV_USE_FONT_COMPRESSED is not enabled in lv_conf.h lv_font_fmt_txt.c:213
[Warn]	(53.510, +0)	 draw_letter_cb: Couldn't get the bitmap of a glyph lv_draw_sw_letter.c:174
[Warn]	(53.510, +0)	 lv_font_get_bitmap_fmt_txt: Compressed fonts is used but LV_USE_FONT_COMPRESSED is not enabled in lv_conf.h lv_font_fmt_txt.c:213
[Warn]	(53.511, +1)	 draw_letter_cb: Couldn't get the bitmap of a glyph lv_draw_sw_letter.c:174
[Warn]	(53.511, +0)	 lv_font_get_bitmap_fmt_txt: Compressed fonts is used but LV_USE_FONT_COMPRESSED is not enabled in lv_conf.h lv_font_fmt_txt.c:213
[Warn]	(53.511, +0)	 draw_letter_cb: Couldn't get the bitmap of a glyph lv_draw_sw_letter.c:174
[Warn]	(53.512, +1)	 lv_font_get_bitmap_fmt_txt: Compressed fonts is used but LV_USE_FONT_COMPRESSED is not enabled in lv_conf.h lv_font_fmt_txt.c:213
[Warn]	(53.512, +0)	 draw_letter_cb: Couldn't get the bitmap of a glyph lv_draw_sw_letter.c:174
[Warn]	(53.512, +0)	 lv_font_get_bitmap_fmt_txt: Compressed fonts is used but LV_USE_FONT_COMPRESSED is not enabled in lv_conf.h lv_font_fmt_txt.c:213
[Warn]	(53.513, +1)	 draw_letter_cb: Couldn't get the bitmap of a glyph lv_draw_sw_letter.c:174
[Warn]	(53.513, +0)	 lv_font_get_bitmap_fmt_txt: Compressed fonts is used but LV_USE_FONT_COMPRESSED is not enabled in lv_conf.h lv_font_fmt_txt.c:213
[Warn]	(53.513, +0)	 draw_letter_cb: Couldn't get the bitmap of a glyph lv_draw_sw_letter.c:174
[Warn]	(53.514, +1)	 lv_font_get_bitmap_fmt_txt: Compressed fonts is used but LV_USE_FONT_COMPRESSED is not enabled in lv_conf.h lv_font_fmt_txt.c:213
[Warn]	(53.514, +0)	 draw_letter_cb: Couldn't get the bitmap of a glyph lv_draw_sw_letter.c:174
[Warn]	(53.514, +0)	 lv_font_get_bitmap_fmt_txt: Compressed fonts is used but LV_USE_FONT_COMPRESSED is not enabled in lv_conf.h lv_font_fmt_txt.c:213
[Warn]	(53.515, +1)	 draw_letter_cb: Couldn't get the bitmap of a glyph lv_draw_sw_letter.c:174
[Warn]	(53.515, +0)	 lv_font_get_bitmap_fmt_txt: Compressed fonts is used but LV_USE_FONT_COMPRESSED is not enabled in lv_conf.h lv_font_fmt_txt.c:213
[Warn]	(53.515, +0)	 draw_letter_cb: Couldn't get the bitmap of a glyph lv_draw_sw_letter.c:174
[Warn]	(53.515, +0)	 lv_font_get_bitmap_fmt_txt: Compressed fonts is used but LV_USE_FONT_COMPRESSED is not enabled in lv_conf.h lv_font_fmt_txt.c:213
[Warn]	(53.516, +1)	 draw_letter_cb: Couldn't get the bitmap of a glyph lv_draw_sw_letter.c:174
[Warn]	(53.516, +0)	 lv_font_get_bitmap_fmt_txt: Compressed fonts is used but LV_USE_FONT_COMPRESSED is not enabled in lv_conf.h lv_font_fmt_txt.c:213
[Warn]	(53.516, +0)	 draw_letter_cb: Couldn't get the bitmap of a glyph lv_draw_sw_letter.c:174
[Warn]	(53.517, +1)	 lv_font_get_bitmap_fmt_txt: Compressed fonts is used but LV_USE_FONT_COMPRESSED is not enabled in lv_conf.h lv_font_fmt_txt.c:213
[Warn]	(53.517, +0)	 draw_letter_cb: Couldn't get the bitmap of a glyph lv_draw_sw_letter.c:174
[Warn]	(53.517, +0)	 lv_font_get_bitmap_fmt_txt: Compressed fonts is used but LV_USE_FONT_COMPRESSED is not enabled in lv_conf.h lv_font_fmt_txt.c:213
[Warn]	(53.518, +1)	 draw_letter_cb: Couldn't get the bitmap of a glyph lv_draw_sw_letter.c:174
[Warn]	(53.550, +32)	 lv_font_get_bitmap_fmt_txt: Compressed fonts is used but LV_USE_FONT_COMPRESSED is not enabled in lv_conf.h lv_font_fmt_txt.c:213
[Warn]	(53.550, +0)	 draw_letter_cb: Couldn't get the bitmap of a glyph lv_draw_sw_letter.c:174
[Warn]	(53.551, +1)	 lv_font_get_bitmap_fmt_txt: Compressed fonts is used but LV_USE_FONT_COMPRESSED is not enabled in lv_conf.h lv_font_fmt_txt.c:213
[Warn]	(53.551, +0)	 draw_letter_cb: Couldn't get the bitmap of a glyph lv_draw_sw_letter.c:174
[Warn]	(53.551, +0)	 lv_font_get_bitmap_fmt_txt: Compressed fonts is used but LV_USE_FONT_COMPRESSED is not enabled in lv_conf.h lv_font_fmt_txt.c:213
[Warn]	(53.552, +1)	 draw_letter_cb: Couldn't get the bitmap of a glyph lv_draw_sw_letter.c:174
[Warn]	(53.552, +0)	 lv_font_get_bitmap_fmt_txt: Compressed fonts is used but LV_USE_FONT_COMPRESSED is not enabled in lv_conf.h lv_font_fmt_txt.c:213
[Warn]	(53.552, +0)	 draw_letter_cb: Couldn't get the bitmap of a glyph lv_draw_sw_letter.c:174
[Warn]	(53.552, +0)	 lv_font_get_bitmap_fmt_txt: Compressed fonts is used but LV_USE_FONT_COMPRESSED is not enabled in lv_conf.h lv_font_fmt_txt.c:213
[Warn]	(53.553, +1)	 draw_letter_cb: Couldn't get the bitmap of a glyph lv_draw_sw_letter.c:174
[Warn]	(53.553, +0)	 lv_font_get_bitmap_fmt_txt: Compressed fonts is used but LV_USE_FONT_COMPRESSED is not enabled in lv_conf.h lv_font_fmt_txt.c:213
[Warn]	(53.553, +0)	 draw_letter_cb: Couldn't get the bitmap of a glyph lv_draw_sw_letter.c:174
[Warn]	(53.554, +1)	 lv_font_get_bitmap_fmt_txt: Compressed fonts is used but LV_USE_FONT_COMPRESSED is not enabled in lv_conf.h lv_font_fmt_txt.c:213
[Warn]	(53.554, +0)	 draw_letter_cb: Couldn't get the bitmap of a glyph lv_draw_sw_letter.c:174
[Warn]	(53.554, +0)	 lv_font_get_bitmap_fmt_txt: Compressed fonts is used but LV_USE_FONT_COMPRESSED is not enabled in lv_conf.h lv_font_fmt_txt.c:213
[Warn]	(53.555, +1)	 draw_letter_cb: Couldn't get the bitmap of a glyph lv_draw_sw_letter.c:174
[Warn]	(53.555, +0)	 lv_font_get_bitmap_fmt_txt: Compressed fonts is used but LV_USE_FONT_COMPRESSED is not enabled in lv_conf.h lv_font_fmt_txt.c:213
[Warn]	(53.555, +0)	 draw_letter_cb: Couldn't get the bitmap of a glyph lv_draw_sw_letter.c:174
[Warn]	(53.556, +1)	 lv_font_get_bitmap_fmt_txt: Compressed fonts is used but LV_USE_FONT_COMPRESSED is not enabled in lv_conf.h lv_font_fmt_txt.c:213
[Warn]	(53.556, +0)	 draw_letter_cb: Couldn't get the bitmap of a glyph lv_draw_sw_letter.c:174
[Warn]	(53.556, +0)	 lv_font_get_bitmap_fmt_txt: Compressed fonts is used but LV_USE_FONT_COMPRESSED is not enabled in lv_conf.h lv_font_fmt_txt.c:213
[Warn]	(53.557, +1)	 draw_letter_cb: Couldn't get the bitmap of a glyph lv_draw_sw_letter.c:174
[Warn]	(53.557, +0)	 lv_font_get_bitmap_fmt_txt: Compressed fonts is used but LV_USE_FONT_COMPRESSED is not enabled in lv_conf.h lv_font_fmt_txt.c:213
[Warn]	(53.557, +0)	 draw_letter_cb: Couldn't get the bitmap of a glyph lv_draw_sw_letter.c:174
[Warn]	(53.557, +0)	 lv_font_get_bitmap_fmt_txt: Compressed fonts is used but LV_USE_FONT_COMPRESSED is not enabled in lv_conf.h lv_font_fmt_txt.c:213
[Warn]	(53.558, +1)	 draw_letter_cb: Couldn't get the bitmap of a glyph lv_draw_sw_letter.c:174
[Warn]	(53.558, +0)	 lv_font_get_bitmap_fmt_txt: Compressed fonts is used but LV_USE_FONT_COMPRESSED is not enabled in lv_conf.h lv_font_fmt_txt.c:213
[Warn]	(53.558, +0)	 draw_letter_cb: Couldn't get the bitmap of a glyph lv_draw_sw_letter.c:174
[Warn]	(53.559, +1)	 lv_font_get_bitmap_fmt_txt: Compressed fonts is used but LV_USE_FONT_COMPRESSED is not enabled in lv_conf.h lv_font_fmt_txt.c:213
[Warn]	(53.559, +0)	 draw_letter_cb: Couldn't get the bitmap of a glyph lv_draw_sw_letter.c:174
[Warn]	(53.559, +0)	 lv_font_get_bitmap_fmt_txt: Compressed fonts is used but LV_USE_FONT_COMPRESSED is not enabled in lv_conf.h lv_font_fmt_txt.c:213
[Warn]	(53.560, +1)	 draw_letter_cb: Couldn't get the bitmap of a glyph lv_draw_sw_letter.c:174
[Warn]	(53.583, +23)	 lv_font_get_bitmap_fmt_txt: Compressed fonts is used but LV_USE_FONT_COMPRESSED is not enabled in lv_conf.h lv_font_fmt_txt.c:213
[Warn]	(53.583, +0)	 draw_letter_cb: Couldn't get the bitmap of a glyph lv_draw_sw_letter.c:174
[Warn]	(53.584, +1)	 lv_font_get_bitmap_fmt_txt: Compressed fonts is used but LV_USE_FONT_COMPRESSED is not enabled in lv_conf.h lv_font_fmt_txt.c:213
[Warn]	(53.584, +0)	 draw_letter_cb: Couldn't get the bitmap of a glyph lv_draw_sw_letter.c:174
[Warn]	(53.584, +0)	 lv_font_get_bitmap_fmt_txt: Compressed fonts is used but LV_USE_FONT_COMPRESSED is not enabled in lv_conf.h lv_font_fmt_txt.c:213
[Warn]	(53.585, +1)	 draw_letter_cb: Couldn't get the bitmap of a glyph lv_draw_sw_letter.c:174
[Warn]	(53.585, +0)	 lv_font_get_bitmap_fmt_txt: Compressed fonts is used but LV_USE_FONT_COMPRESSED is not enabled in lv_conf.h lv_font_fmt_txt.c:213
[Warn]	(53.585, +0)	 draw_letter_cb: Couldn't get the bitmap of a glyph lv_draw_sw_letter.c:174
[Warn]	(53.585, +0)	 lv_font_get_bitmap_fmt_txt: Compressed fonts is used but LV_USE_FONT_COMPRESSED is not enabled in lv_conf.h lv_font_fmt_txt.c:213
[Warn]	(53.586, +1)	 draw_letter_cb: Couldn't get the bitmap of a glyph lv_draw_sw_letter.c:174
[Warn]	(53.586, +0)	 lv_font_get_bitmap_fmt_txt: Compressed fonts is used but LV_USE_FONT_COMPRESSED is not enabled in lv_conf.h lv_font_fmt_txt.c:213
[Warn]	(53.586, +0)	 draw_letter_cb: Couldn't get the bitmap of a glyph lv_draw_sw_letter.c:174
[Warn]	(53.587, +1)	 lv_font_get_bitmap_fmt_txt: Compressed fonts is used but LV_USE_FONT_COMPRESSED is not enabled in lv_conf.h lv_font_fmt_txt.c:213
[Warn]	(53.587, +0)	 draw_letter_cb: Couldn't get the bitmap of a glyph lv_draw_sw_letter.c:174
[Warn]	(53.587, +0)	 lv_font_get_bitmap_fmt_txt: Compressed fonts is used but LV_USE_FONT_COMPRESSED is not enabled in lv_conf.h lv_font_fmt_txt.c:213
[Warn]	(53.588, +1)	 draw_letter_cb: Couldn't get the bitmap of a glyph lv_draw_sw_letter.c:174
[Warn]	(53.588, +0)	 lv_font_get_bitmap_fmt_txt: Compressed fonts is used but LV_USE_FONT_COMPRESSED is not enabled in lv_conf.h lv_font_fmt_txt.c:213
[Warn]	(53.588, +0)	 draw_letter_cb: Couldn't get the bitmap of a glyph lv_draw_sw_letter.c:174
[Warn]	(53.589, +1)	 lv_font_get_bitmap_fmt_txt: Compressed fonts is used but LV_USE_FONT_COMPRESSED is not enabled in lv_conf.h lv_font_fmt_txt.c:213
[Warn]	(53.589, +0)	 draw_letter_cb: Couldn't get the bitmap of a glyph lv_draw_sw_letter.c:174
[Warn]	(53.589, +0)	 lv_font_get_bitmap_fmt_txt: Compressed fonts is used but LV_USE_FONT_COMPRESSED is not enabled in lv_conf.h lv_font_fmt_txt.c:213
[Warn]	(53.590, +1)	 draw_letter_cb: Couldn't get the bitmap of a glyph lv_draw_sw_letter.c:174
[Warn]	(53.590, +0)	 lv_font_get_bitmap_fmt_txt: Compressed fonts is used but LV_USE_FONT_COMPRESSED is not enabled in lv_conf.h lv_font_fmt_txt.c:213
[Warn]	(53.590, +0)	 draw_letter_cb: Couldn't get the bitmap of a glyph lv_draw_sw_letter.c:174
[Warn]	(53.590, +0)	 lv_font_get_bitmap_fmt_txt: Compressed fonts is used but LV_USE_FONT_COMPRESSED is not enabled in lv_conf.h lv_font_fmt_txt.c:213
[Warn]	(53.591, +1)	 draw_letter_cb: Couldn't get the bitmap of a glyph lv_draw_sw_letter.c:174
[Warn]	(53.591, +0)	 lv_font_get_bitmap_fmt_txt: Compressed fonts is used but LV_USE_FONT_COMPRESSED is not enabled in lv_conf.h lv_font_fmt_txt.c:213
[Warn]	(53.591, +0)	 draw_letter_cb: Couldn't get the bitmap of a glyph lv_draw_sw_letter.c:174
[Warn]	(53.592, +1)	 lv_font_get_bitmap_fmt_txt: Compressed fonts is used but LV_USE_FONT_COMPRESSED is not enabled in lv_conf.h lv_font_fmt_txt.c:213
[Warn]	(53.592, +0)	 draw_letter_cb: Couldn't get the bitmap of a glyph lv_draw_sw_letter.c:174
[Warn]	(53.592, +0)	 lv_font_get_bitmap_fmt_txt: Compressed fonts is used but LV_USE_FONT_COMPRESSED is not enabled in lv_conf.h lv_font_fmt_txt.c:213
[Warn]	(53.593, +1)	 draw_letter_cb: Couldn't get the bitmap of a glyph lv_draw_sw_letter.c:174
[Warn]	(53.616, +23)	 lv_font_get_bitmap_fmt_txt: Compressed fonts is used but LV_USE_FONT_COMPRESSED is not enabled in lv_conf.h lv_font_fmt_txt.c:213
[Warn]	(53.616, +0)	 draw_letter_cb: Couldn't get the bitmap of a glyph lv_draw_sw_letter.c:174
[Warn]	(53.617, +1)	 lv_font_get_bitmap_fmt_txt: Compressed fonts is used but LV_USE_FONT_COMPRESSED is not enabled in lv_conf.h lv_font_fmt_txt.c:213
[Warn]	(53.617, +0)	 draw_letter_cb: Couldn't get the bitmap of a glyph lv_draw_sw_letter.c:174
[Warn]	(53.617, +0)	 lv_font_get_bitmap_fmt_txt: Compressed fonts is used but LV_USE_FONT_COMPRESSED is not enabled in lv_conf.h lv_font_fmt_txt.c:213
[Warn]	(53.618, +1)	 draw_letter_cb: Couldn't get the bitmap of a glyph lv_draw_sw_letter.c:174
[Warn]	(53.618, +0)	 lv_font_get_bitmap_fmt_txt: Compressed fonts is used but LV_USE_FONT_COMPRESSED is not enabled in lv_conf.h lv_font_fmt_txt.c:213
[Warn]	(53.618, +0)	 draw_letter_cb: Couldn't get the bitmap of a glyph lv_draw_sw_letter.c:174
[Warn]	(53.619, +1)	 lv_font_get_bitmap_fmt_txt: Compressed fonts is used but LV_USE_FONT_COMPRESSED is not enabled in lv_conf.h lv_font_fmt_txt.c:213
[Warn]	(53.619, +0)	 draw_letter_cb: Couldn't get the bitmap of a glyph lv_draw_sw_letter.c:174
[Warn]	(53.619, +0)	 lv_font_get_bitmap_fmt_txt: Compressed fonts is used but LV_USE_FONT_COMPRESSED is not enabled in lv_conf.h lv_font_fmt_txt.c:213
[Warn]	(53.620, +1)	 draw_letter_cb: Couldn't get the bitmap of a glyph lv_draw_sw_letter.c:174
[Warn]	(53.620, +0)	 lv_font_get_bitmap_fmt_txt: Compressed fonts is used but LV_USE_FONT_COMPRESSED is not enabled in lv_conf.h lv_font_fmt_txt.c:213
[Warn]	(53.620, +0)	 draw_letter_cb: Couldn't get the bitmap of a glyph lv_draw_sw_letter.c:174
[Warn]	(53.620, +0)	 lv_font_get_bitmap_fmt_txt: Compressed fonts is used but LV_USE_FONT_COMPRESSED is not enabled in lv_conf.h lv_font_fmt_txt.c:213
[Warn]	(53.621, +1)	 draw_letter_cb: Couldn't get the bitmap of a glyph lv_draw_sw_letter.c:174
[Warn]	(53.621, +0)	 lv_font_get_bitmap_fmt_txt: Compressed fonts is used but LV_USE_FONT_COMPRESSED is not enabled in lv_conf.h lv_font_fmt_txt.c:213
[Warn]	(53.621, +0)	 draw_letter_cb: Couldn't get the bitmap of a glyph lv_draw_sw_letter.c:174
[Warn]	(53.622, +1)	 lv_font_get_bitmap_fmt_txt: Compressed fonts is used but LV_USE_FONT_COMPRESSED is not enabled in lv_conf.h lv_font_fmt_txt.c:213
[Warn]	(53.622, +0)	 draw_letter_cb: Couldn't get the bitmap of a glyph lv_draw_sw_letter.c:174
[Warn]	(53.622, +0)	 lv_font_get_bitmap_fmt_txt: Compressed fonts is used but LV_USE_FONT_COMPRESSED is not enabled in lv_conf.h lv_font_fmt_txt.c:213
[Warn]	(53.623, +1)	 draw_letter_cb: Couldn't get the bitmap of a glyph lv_draw_sw_letter.c:174
[Warn]	(53.623, +0)	 lv_font_get_bitmap_fmt_txt: Compressed fonts is used but LV_USE_FONT_COMPRESSED is not enabled in lv_conf.h lv_font_fmt_txt.c:213
[Warn]	(53.623, +0)	 draw_letter_cb: Couldn't get the bitmap of a glyph lv_draw_sw_letter.c:174
[Warn]	(53.624, +1)	 lv_font_get_bitmap_fmt_txt: Compressed fonts is used but LV_USE_FONT_COMPRESSED is not enabled in lv_conf.h lv_font_fmt_txt.c:213
[Warn]	(53.624, +0)	 draw_letter_cb: Couldn't get the bitmap of a glyph lv_draw_sw_letter.c:174
[Warn]	(53.624, +0)	 lv_font_get_bitmap_fmt_txt: Compressed fonts is used but LV_USE_FONT_COMPRESSED is not enabled in lv_conf.h lv_font_fmt_txt.c:213
[Warn]	(53.625, +1)	 draw_letter_cb: Couldn't get the bitmap of a glyph lv_draw_sw_letter.c:174
[Warn]	(53.625, +0)	 lv_font_get_bitmap_fmt_txt: Compressed fonts is used but LV_USE_FONT_COMPRESSED is not enabled in lv_conf.h lv_font_fmt_txt.c:213
[Warn]	(53.625, +0)	 draw_letter_cb: Couldn't get the bitmap of a glyph lv_draw_sw_letter.c:174
[Warn]	(53.625, +0)	 lv_font_get_bitmap_fmt_txt: Compressed fonts is used but LV_USE_FONT_COMPRESSED is not enabled in lv_conf.h lv_font_fmt_txt.c:213
[Warn]	(53.626, +1)	 draw_letter_cb: Couldn't get the bitmap of a glyph lv_draw_sw_letter.c:174
[Warn]	(53.649, +23)	 lv_font_get_bitmap_fmt_txt: Compressed fonts is used but LV_USE_FONT_COMPRESSED is not enabled in lv_conf.h lv_font_fmt_txt.c:213
[Warn]	(53.649, +0)	 draw_letter_cb: Couldn't get the bitmap of a glyph lv_draw_sw_letter.c:174
[Warn]	(53.650, +1)	 lv_font_get_bitmap_fmt_txt: Compressed fonts is used but LV_USE_FONT_COMPRESSED is not enabled in lv_conf.h lv_font_fmt_txt.c:213
[Warn]	(53.650, +0)	 draw_letter_cb: Couldn't get the bitmap of a glyph lv_draw_sw_letter.c:174
[Warn]	(53.650, +0)	 lv_font_get_bitmap_fmt_txt: Compressed fonts is used but LV_USE_FONT_COMPRESSED is not enabled in lv_conf.h lv_font_fmt_txt.c:213
[Warn]	(53.651, +1)	 draw_letter_cb: Couldn't get the bitmap of a glyph lv_draw_sw_letter.c:174
[Warn]	(53.651, +0)	 lv_font_get_bitmap_fmt_txt: Compressed fonts is used but LV_USE_FONT_COMPRESSED is not enabled in lv_conf.h lv_font_fmt_txt.c:213
[Warn]	(53.651, +0)	 draw_letter_cb: Couldn't get the bitmap of a glyph lv_draw_sw_letter.c:174
[Warn]	(53.651, +0)	 lv_font_get_bitmap_fmt_txt: Compressed fonts is used but LV_USE_FONT_COMPRESSED is not enabled in lv_conf.h lv_font_fmt_txt.c:213
[Warn]	(53.652, +1)	 draw_letter_cb: Couldn't get the bitmap of a glyph lv_draw_sw_letter.c:174
[Warn]	(53.652, +0)	 lv_font_get_bitmap_fmt_txt: Compressed fonts is used but LV_USE_FONT_COMPRESSED is not enabled in lv_conf.h lv_font_fmt_txt.c:213
[Warn]	(53.652, +0)	 draw_letter_cb: Couldn't get the bitmap of a glyph lv_draw_sw_letter.c:174
[Warn]	(53.653, +1)	 lv_font_get_bitmap_fmt_txt: Compressed fonts is used but LV_USE_FONT_COMPRESSED is not enabled in lv_conf.h lv_font_fmt_txt.c:213
[Warn]	(53.653, +0)	 draw_letter_cb: Couldn't get the bitmap of a glyph lv_draw_sw_letter.c:174
[Warn]	(53.653, +0)	 lv_font_get_bitmap_fmt_txt: Compressed fonts is used but LV_USE_FONT_COMPRESSED is not enabled in lv_conf.h lv_font_fmt_txt.c:213
[Warn]	(53.654, +1)	 draw_letter_cb: Couldn't get the bitmap of a glyph lv_draw_sw_letter.c:174
[Warn]	(53.654, +0)	 lv_font_get_bitmap_fmt_txt: Compressed fonts is used but LV_USE_FONT_COMPRESSED is not enabled in lv_conf.h lv_font_fmt_txt.c:213
[Warn]	(53.654, +0)	 draw_letter_cb: Couldn't get the bitmap of a glyph lv_draw_sw_letter.c:174
[Warn]	(53.654, +0)	 lv_font_get_bitmap_fmt_txt: Compressed fonts is used but LV_USE_FONT_COMPRESSED is not enabled in lv_conf.h lv_font_fmt_txt.c:213
[Warn]	(53.655, +1)	 draw_letter_cb: Couldn't get the bitmap of a glyph lv_draw_sw_letter.c:174
[Warn]	(53.655, +0)	 lv_font_get_bitmap_fmt_txt: Compressed fonts is used but LV_USE_FONT_COMPRESSED is not enabled in lv_conf.h lv_font_fmt_txt.c:213
[Warn]	(53.655, +0)	 draw_letter_cb: Couldn't get the bitmap of a glyph lv_draw_sw_letter.c:174
[Warn]	(53.656, +1)	 lv_font_get_bitmap_fmt_txt: Compressed fonts is used but LV_USE_FONT_COMPRESSED is not enabled in lv_conf.h lv_font_fmt_txt.c:213
[Warn]	(53.656, +0)	 draw_letter_cb: Couldn't get the bitmap of a glyph lv_draw_sw_letter.c:174
[Warn]	(53.656, +0)	 lv_font_get_bitmap_fmt_txt: Compressed fonts is used but LV_USE_FONT_COMPRESSED is not enabled in lv_conf.h lv_font_fmt_txt.c:213
[Warn]	(53.657, +1)	 draw_letter_cb: Couldn't get the bitmap of a glyph lv_draw_sw_letter.c:174
[Warn]	(53.657, +0)	 lv_font_get_bitmap_fmt_txt: Compressed fonts is used but LV_USE_FONT_COMPRESSED is not enabled in lv_conf.h lv_font_fmt_txt.c:213
[Warn]	(53.657, +0)	 draw_letter_cb: Couldn't get the bitmap of a glyph lv_draw_sw_letter.c:174
[Warn]	(53.657, +0)	 lv_font_get_bitmap_fmt_txt: Compressed fonts is used but LV_USE_FONT_COMPRESSED is not enabled in lv_conf.h lv_font_fmt_txt.c:213
[Warn]	(53.658, +1)	 draw_letter_cb: Couldn't get the bitmap of a glyph lv_draw_sw_letter.c:174
[Warn]	(53.658, +0)	 lv_font_get_bitmap_fmt_txt: Compressed fonts is used but LV_USE_FONT_COMPRESSED is not enabled in lv_conf.h lv_font_fmt_txt.c:213
[Warn]	(53.658, +0)	 draw_letter_cb: Couldn't get the bitmap of a glyph lv_draw_sw_letter.c:174
[Warn]	(54.243, +585)	 lv_font_get_bitmap_fmt_txt: Compressed fonts is used but LV_USE_FONT_COMPRESSED is not enabled in lv_conf.h lv_font_fmt_txt.c:213
[Warn]	(54.243, +0)	 draw_letter_cb: Couldn't get the bitmap of a glyph lv_draw_sw_letter.c:174
[Warn]	(54.244, +1)	 lv_font_get_bitmap_fmt_txt: Compressed fonts is used but LV_USE_FONT_COMPRESSED is not enabled in lv_conf.h lv_font_fmt_txt.c:213
[Warn]	(54.244, +0)	 draw_letter_cb: Couldn't get the bitmap of a glyph lv_draw_sw_letter.c:174
[Warn]	(54.244, +0)	 lv_font_get_bitmap_fmt_txt: Compressed fonts is used but LV_USE_FONT_COMPRESSED is not enabled in lv_conf.h lv_font_fmt_txt.c:213
[Warn]	(54.245, +1)	 draw_letter_cb: Couldn't get the bitmap of a glyph lv_draw_sw_letter.c:174
[Warn]	(54.245, +0)	 lv_font_get_bitmap_fmt_txt: Compressed fonts is used but LV_USE_FONT_COMPRESSED is not enabled in lv_conf.h lv_font_fmt_txt.c:213
[Warn]	(54.245, +0)	 draw_letter_cb: Couldn't get the bitmap of a glyph lv_draw_sw_letter.c:174
[Warn]	(54.245, +0)	 lv_font_get_bitmap_fmt_txt: Compressed fonts is used but LV_USE_FONT_COMPRESSED is not enabled in lv_conf.h lv_font_fmt_txt.c:213
[Warn]	(54.246, +1)	 draw_letter_cb: Couldn't get the bitmap of a glyph lv_draw_sw_letter.c:174
[Warn]	(54.246, +0)	 lv_font_get_bitmap_fmt_txt: Compressed fonts is used but LV_USE_FONT_COMPRESSED is not enabled in lv_conf.h lv_font_fmt_txt.c:213
[Warn]	(54.246, +0)	 draw_letter_cb: Couldn't get the bitmap of a glyph lv_draw_sw_letter.c:174
[Warn]	(54.247, +1)	 lv_font_get_bitmap_fmt_txt: Compressed fonts is used but LV_USE_FONT_COMPRESSED is not enabled in lv_conf.h lv_font_fmt_txt.c:213
[Warn]	(54.247, +0)	 draw_letter_cb: Couldn't get the bitmap of a glyph lv_draw_sw_letter.c:174
[Warn]	(54.247, +0)	 lv_font_get_bitmap_fmt_txt: Compressed fonts is used but LV_USE_FONT_COMPRESSED is not enabled in lv_conf.h lv_font_fmt_txt.c:213
[Warn]	(54.248, +1)	 draw_letter_cb: Couldn't get the bitmap of a glyph lv_draw_sw_letter.c:174
[Warn]	(54.248, +0)	 lv_font_get_bitmap_fmt_txt: Compressed fonts is used but LV_USE_FONT_COMPRESSED is not enabled in lv_conf.h lv_font_fmt_txt.c:213
[Warn]	(54.248, +0)	 draw_letter_cb: Couldn't get the bitmap of a glyph lv_draw_sw_letter.c:174
[Warn]	(54.249, +1)	 lv_font_get_bitmap_fmt_txt: Compressed fonts is used but LV_USE_FONT_COMPRESSED is not enabled in lv_conf.h lv_font_fmt_txt.c:213
[Warn]	(54.249, +0)	 draw_letter_cb: Couldn't get the bitmap of a glyph lv_draw_sw_letter.c:174
[Warn]	(54.249, +0)	 lv_font_get_bitmap_fmt_txt: Compressed fonts is used but LV_USE_FONT_COMPRESSED is not enabled in lv_conf.h lv_font_fmt_txt.c:213
[Warn]	(54.250, +1)	 draw_letter_cb: Couldn't get the bitmap of a glyph lv_draw_sw_letter.c:174
[Warn]	(54.250, +0)	 lv_font_get_bitmap_fmt_txt: Compressed fonts is used but LV_USE_FONT_COMPRESSED is not enabled in lv_conf.h lv_font_fmt_txt.c:213
[Warn]	(54.250, +0)	 draw_letter_cb: Couldn't get the bitmap of a glyph lv_draw_sw_letter.c:174
[Warn]	(54.250, +0)	 lv_font_get_bitmap_fmt_txt: Compressed fonts is used but LV_USE_FONT_COMPRESSED is not enabled in lv_conf.h lv_font_fmt_txt.c:213
[Warn]	(54.251, +1)	 draw_letter_cb: Couldn't get the bitmap of a glyph lv_draw_sw_letter.c:174
[Warn]	(54.251, +0)	 lv_font_get_bitmap_fmt_txt: Compressed fonts is used but LV_USE_FONT_COMPRESSED is not enabled in lv_conf.h lv_font_fmt_txt.c:213
[Warn]	(54.251, +0)	 draw_letter_cb: Couldn't get the bitmap of a glyph lv_draw_sw_letter.c:174
[Warn]	(54.252, +1)	 lv_font_get_bitmap_fmt_txt: Compressed fonts is used but LV_USE_FONT_COMPRESSED is not enabled in lv_conf.h lv_font_fmt_txt.c:213
[Warn]	(54.252, +0)	 draw_letter_cb: Couldn't get the bitmap of a glyph lv_draw_sw_letter.c:174
[Warn]	(54.252, +0)	 lv_font_get_bitmap_fmt_txt: Compressed fonts is used but LV_USE_FONT_COMPRESSED is not enabled in lv_conf.h lv_font_fmt_txt.c:213
[Warn]	(54.253, +1)	 draw_letter_cb: Couldn't get the bitmap of a glyph lv_draw_sw_letter.c:174
[Warn]	(54.253, +0)	 lv_font_get_bitmap_fmt_txt: Compressed fonts is used but LV_USE_FONT_COMPRESSED is not enabled in lv_conf.h lv_font_fmt_txt.c:213
[Warn]	(54.253, +0)	 draw_letter_cb: Couldn't get the bitmap of a glyph lv_draw_sw_letter.c:174
[Warn]	(54.253, +0)	 lv_font_get_bitmap_fmt_txt: Compressed fonts is used but LV_USE_FONT_COMPRESSED is not enabled in lv_conf.h lv_font_fmt_txt.c:213
[Warn]	(54.254, +1)	 draw_letter_cb: Couldn't get the bitmap of a glyph lv_draw_sw_letter.c:174
[Warn]	(54.444, +190)	 lv_font_get_bitmap_fmt_txt: Compressed fonts is used but LV_USE_FONT_COMPRESSED is not enabled in lv_conf.h lv_font_fmt_txt.c:213
[Warn]	(54.444, +0)	 draw_letter_cb: Couldn't get the bitmap of a glyph lv_draw_sw_letter.c:174
[Warn]	(54.444, +0)	 lv_font_get_bitmap_fmt_txt: Compressed fonts is used but LV_USE_FONT_COMPRESSED is not enabled in lv_conf.h lv_font_fmt_txt.c:213
[Warn]	(54.445, +1)	 draw_letter_cb: Couldn't get the bitmap of a glyph lv_draw_sw_letter.c:174
[Warn]	(54.445, +0)	 lv_font_get_bitmap_fmt_txt: Compressed fonts is used but LV_USE_FONT_COMPRESSED is not enabled in lv_conf.h lv_font_fmt_txt.c:213
[Warn]	(54.445, +0)	 draw_letter_cb: Couldn't get the bitmap of a glyph lv_draw_sw_letter.c:174
[Warn]	(54.446, +1)	 lv_font_get_bitmap_fmt_txt: Compressed fonts is used but LV_USE_FONT_COMPRESSED is not enabled in lv_conf.h lv_font_fmt_txt.c:213
[Warn]	(54.446, +0)	 draw_letter_cb: Couldn't get the bitmap of a glyph lv_draw_sw_letter.c:174
[Warn]	(54.446, +0)	 lv_font_get_bitmap_fmt_txt: Compressed fonts is used but LV_USE_FONT_COMPRESSED is not enabled in lv_conf.h lv_font_fmt_txt.c:213
[Warn]	(54.447, +1)	 draw_letter_cb: Couldn't get the bitmap of a glyph lv_draw_sw_letter.c:174
[Warn]	(54.447, +0)	 lv_font_get_bitmap_fmt_txt: Compressed fonts is used but LV_USE_FONT_COMPRESSED is not enabled in lv_conf.h lv_font_fmt_txt.c:213
[Warn]	(54.447, +0)	 draw_letter_cb: Couldn't get the bitmap of a glyph lv_draw_sw_letter.c:174
[Warn]	(54.448, +1)	 lv_font_get_bitmap_fmt_txt: Compressed fonts is used but LV_USE_FONT_COMPRESSED is not enabled in lv_conf.h lv_font_fmt_txt.c:213
[Warn]	(54.448, +0)	 draw_letter_cb: Couldn't get the bitmap of a glyph lv_draw_sw_letter.c:174
[Warn]	(54.448, +0)	 lv_font_get_bitmap_fmt_txt: Compressed fonts is used but LV_USE_FONT_COMPRESSED is not enabled in lv_conf.h lv_font_fmt_txt.c:213
[Warn]	(54.449, +1)	 draw_letter_cb: Couldn't get the bitmap of a glyph lv_draw_sw_letter.c:174
[Warn]	(54.449, +0)	 lv_font_get_bitmap_fmt_txt: Compressed fonts is used but LV_USE_FONT_COMPRESSED is not enabled in lv_conf.h lv_font_fmt_txt.c:213
[Warn]	(54.449, +0)	 draw_letter_cb: Couldn't get the bitmap of a glyph lv_draw_sw_letter.c:174
[Warn]	(54.449, +0)	 lv_font_get_bitmap_fmt_txt: Compressed fonts is used but LV_USE_FONT_COMPRESSED is not enabled in lv_conf.h lv_font_fmt_txt.c:213
[Warn]	(54.450, +1)	 draw_letter_cb: Couldn't get the bitmap of a glyph lv_draw_sw_letter.c:174
[Warn]	(54.450, +0)	 lv_font_get_bitmap_fmt_txt: Compressed fonts is used but LV_USE_FONT_COMPRESSED is not enabled in lv_conf.h lv_font_fmt_txt.c:213
[Warn]	(54.450, +0)	 draw_letter_cb: Couldn't get the bitmap of a glyph lv_draw_sw_letter.c:174
[Warn]	(54.451, +1)	 lv_font_get_bitmap_fmt_txt: Compressed fonts is used but LV_USE_FONT_COMPRESSED is not enabled in lv_conf.h lv_font_fmt_txt.c:213
[Warn]	(54.451, +0)	 draw_letter_cb: Couldn't get the bitmap of a glyph lv_draw_sw_letter.c:174
[Warn]	(54.451, +0)	 lv_font_get_bitmap_fmt_txt: Compressed fonts is used but LV_USE_FONT_COMPRESSED is not enabled in lv_conf.h lv_font_fmt_txt.c:213
[Warn]	(54.452, +1)	 draw_letter_cb: Couldn't get the bitmap of a glyph lv_draw_sw_letter.c:174
[Warn]	(54.452, +0)	 lv_font_get_bitmap_fmt_txt: Compressed fonts is used but LV_USE_FONT_COMPRESSED is not enabled in lv_conf.h lv_font_fmt_txt.c:213
[Warn]	(54.452, +0)	 draw_letter_cb: Couldn't get the bitmap of a glyph lv_draw_sw_letter.c:174
[Warn]	(54.452, +0)	 lv_font_get_bitmap_fmt_txt: Compressed fonts is used but LV_USE_FONT_COMPRESSED is not enabled in lv_conf.h lv_font_fmt_txt.c:213
[Warn]	(54.453, +1)	 draw_letter_cb: Couldn't get the bitmap of a glyph lv_draw_sw_letter.c:174
[Warn]	(54.453, +0)	 lv_font_get_bitmap_fmt_txt: Compressed fonts is used but LV_USE_FONT_COMPRESSED is not enabled in lv_conf.h lv_font_fmt_txt.c:213
[Warn]	(54.453, +0)	 draw_letter_cb: Couldn't get the bitmap of a glyph lv_draw_sw_letter.c:174
[Warn]	(54.454, +1)	 lv_font_get_bitmap_fmt_txt: Compressed fonts is used but LV_USE_FONT_COMPRESSED is not enabled in lv_conf.h lv_font_fmt_txt.c:213
[Warn]	(54.454, +0)	 draw_letter_cb: Couldn't get the bitmap of a glyph lv_draw_sw_letter.c:174
[Warn]	(54.454, +0)	 lv_font_get_bitmap_fmt_txt: Compressed fonts is used but LV_USE_FONT_COMPRESSED is not enabled in lv_conf.h lv_font_fmt_txt.c:213
[Warn]	(54.455, +1)	 draw_letter_cb: Couldn't get the bitmap of a glyph lv_draw_sw_letter.c:174
[Warn]	(54.477, +22)	 lv_font_get_bitmap_fmt_txt: Compressed fonts is used but LV_USE_FONT_COMPRESSED is not enabled in lv_conf.h lv_font_fmt_txt.c:213
[Warn]	(54.477, +0)	 draw_letter_cb: Couldn't get the bitmap of a glyph lv_draw_sw_letter.c:174
[Warn]	(54.477, +0)	 lv_font_get_bitmap_fmt_txt: Compressed fonts is used but LV_USE_FONT_COMPRESSED is not enabled in lv_conf.h lv_font_fmt_txt.c:213
[Warn]	(54.478, +1)	 draw_letter_cb: Couldn't get the bitmap of a glyph lv_draw_sw_letter.c:174
[Warn]	(54.478, +0)	 lv_font_get_bitmap_fmt_txt: Compressed fonts is used but LV_USE_FONT_COMPRESSED is not enabled in lv_conf.h lv_font_fmt_txt.c:213
[Warn]	(54.478, +0)	 draw_letter_cb: Couldn't get the bitmap of a glyph lv_draw_sw_letter.c:174
[Warn]	(54.479, +1)	 lv_font_get_bitmap_fmt_txt: Compressed fonts is used but LV_USE_FONT_COMPRESSED is not enabled in lv_conf.h lv_font_fmt_txt.c:213
[Warn]	(54.479, +0)	 draw_letter_cb: Couldn't get the bitmap of a glyph lv_draw_sw_letter.c:174
[Warn]	(54.479, +0)	 lv_font_get_bitmap_fmt_txt: Compressed fonts is used but LV_USE_FONT_COMPRESSED is not enabled in lv_conf.h lv_font_fmt_txt.c:213
[Warn]	(54.480, +1)	 draw_letter_cb: Couldn't get the bitmap of a glyph lv_draw_sw_letter.c:174
[Warn]	(54.480, +0)	 lv_font_get_bitmap_fmt_txt: Compressed fonts is used but LV_USE_FONT_COMPRESSED is not enabled in lv_conf.h lv_font_fmt_txt.c:213
[Warn]	(54.480, +0)	 draw_letter_cb: Couldn't get the bitmap of a glyph lv_draw_sw_letter.c:174
[Warn]	(54.480, +0)	 lv_font_get_bitmap_fmt_txt: Compressed fonts is used but LV_USE_FONT_COMPRESSED is not enabled in lv_conf.h lv_font_fmt_txt.c:213
[Warn]	(54.481, +1)	 draw_letter_cb: Couldn't get the bitmap of a glyph lv_draw_sw_letter.c:174
[Warn]	(54.481, +0)	 lv_font_get_bitmap_fmt_txt: Compressed fonts is used but LV_USE_FONT_COMPRESSED is not enabled in lv_conf.h lv_font_fmt_txt.c:213
[Warn]	(54.481, +0)	 draw_letter_cb: Couldn't get the bitmap of a glyph lv_draw_sw_letter.c:174
[Warn]	(54.482, +1)	 lv_font_get_bitmap_fmt_txt: Compressed fonts is used but LV_USE_FONT_COMPRESSED is not enabled in lv_conf.h lv_font_fmt_txt.c:213
[Warn]	(54.482, +0)	 draw_letter_cb: Couldn't get the bitmap of a glyph lv_draw_sw_letter.c:174
[Warn]	(54.482, +0)	 lv_font_get_bitmap_fmt_txt: Compressed fonts is used but LV_USE_FONT_COMPRESSED is not enabled in lv_conf.h lv_font_fmt_txt.c:213
[Warn]	(54.483, +1)	 draw_letter_cb: Couldn't get the bitmap of a glyph lv_draw_sw_letter.c:174
[Warn]	(54.483, +0)	 lv_font_get_bitmap_fmt_txt: Compressed fonts is used but LV_USE_FONT_COMPRESSED is not enabled in lv_conf.h lv_font_fmt_txt.c:213
[Warn]	(54.483, +0)	 draw_letter_cb: Couldn't get the bitmap of a glyph lv_draw_sw_letter.c:174
[Warn]	(54.483, +0)	 lv_font_get_bitmap_fmt_txt: Compressed fonts is used but LV_USE_FONT_COMPRESSED is not enabled in lv_conf.h lv_font_fmt_txt.c:213
[Warn]	(54.484, +1)	 draw_letter_cb: Couldn't get the bitmap of a glyph lv_draw_sw_letter.c:174
[Warn]	(54.484, +0)	 lv_font_get_bitmap_fmt_txt: Compressed fonts is used but LV_USE_FONT_COMPRESSED is not enabled in lv_conf.h lv_font_fmt_txt.c:213
[Warn]	(54.484, +0)	 draw_letter_cb: Couldn't get the bitmap of a glyph lv_draw_sw_letter.c:174
[Warn]	(54.485, +1)	 lv_font_get_bitmap_fmt_txt: Compressed fonts is used but LV_USE_FONT_COMPRESSED is not enabled in lv_conf.h lv_font_fmt_txt.c:213
[Warn]	(54.485, +0)	 draw_letter_cb: Couldn't get the bitmap of a glyph lv_draw_sw_letter.c:174
[Warn]	(54.485, +0)	 lv_font_get_bitmap_fmt_txt: Compressed fonts is used but LV_USE_FONT_COMPRESSED is not enabled in lv_conf.h lv_font_fmt_txt.c:213
[Warn]	(54.486, +1)	 draw_letter_cb: Couldn't get the bitmap of a glyph lv_draw_sw_letter.c:174
[Warn]	(54.486, +0)	 lv_font_get_bitmap_fmt_txt: Compressed fonts is used but LV_USE_FONT_COMPRESSED is not enabled in lv_conf.h lv_font_fmt_txt.c:213
[Warn]	(54.486, +0)	 draw_letter_cb: Couldn't get the bitmap of a glyph lv_draw_sw_letter.c:174
[Warn]	(54.487, +1)	 lv_font_get_bitmap_fmt_txt: Compressed fonts is used but LV_USE_FONT_COMPRESSED is not enabled in lv_conf.h lv_font_fmt_txt.c:213
[Warn]	(54.487, +0)	 draw_letter_cb: Couldn't get the bitmap of a glyph lv_draw_sw_letter.c:174
[Warn]	(54.487, +0)	 lv_font_get_bitmap_fmt_txt: Compressed fonts is used but LV_USE_FONT_COMPRESSED is not enabled in lv_conf.h lv_font_fmt_txt.c:213
[Warn]	(54.488, +1)	 draw_letter_cb: Couldn't get the bitmap of a glyph lv_draw_sw_letter.c:174
[Warn]	(54.512, +24)	 lv_font_get_bitmap_fmt_txt: Compressed fonts is used but LV_USE_FONT_COMPRESSED is not enabled in lv_conf.h lv_font_fmt_txt.c:213
[Warn]	(54.513, +1)	 draw_letter_cb: Couldn't get the bitmap of a glyph lv_draw_sw_letter.c:174
[Warn]	(54.515, +2)	 lv_font_get_bitmap_fmt_txt: Compressed fonts is used but LV_USE_FONT_COMPRESSED is not enabled in lv_conf.h lv_font_fmt_txt.c:213
[Warn]	(54.515, +0)	 draw_letter_cb: Couldn't get the bitmap of a glyph lv_draw_sw_letter.c:174
[Warn]	(54.516, +1)	 lv_font_get_bitmap_fmt_txt: Compressed fonts is used but LV_USE_FONT_COMPRESSED is not enabled in lv_conf.h lv_font_fmt_txt.c:213
[Warn]	(54.516, +0)	 draw_letter_cb: Couldn't get the bitmap of a glyph lv_draw_sw_letter.c:174
[Warn]	(54.516, +0)	 lv_font_get_bitmap_fmt_txt: Compressed fonts is used but LV_USE_FONT_COMPRESSED is not enabled in lv_conf.h lv_font_fmt_txt.c:213
[Warn]	(54.517, +1)	 draw_letter_cb: Couldn't get the bitmap of a glyph lv_draw_sw_letter.c:174
[Warn]	(54.517, +0)	 lv_font_get_bitmap_fmt_txt: Compressed fonts is used but LV_USE_FONT_COMPRESSED is not enabled in lv_conf.h lv_font_fmt_txt.c:213
[Warn]	(54.517, +0)	 draw_letter_cb: Couldn't get the bitmap of a glyph lv_draw_sw_letter.c:174
[Warn]	(54.517, +0)	 lv_font_get_bitmap_fmt_txt: Compressed fonts is used but LV_USE_FONT_COMPRESSED is not enabled in lv_conf.h lv_font_fmt_txt.c:213
[Warn]	(54.518, +1)	 draw_letter_cb: Couldn't get the bitmap of a glyph lv_draw_sw_letter.c:174
[Warn]	(54.518, +0)	 lv_font_get_bitmap_fmt_txt: Compressed fonts is used but LV_USE_FONT_COMPRESSED is not enabled in lv_conf.h lv_font_fmt_txt.c:213
[Warn]	(54.518, +0)	 draw_letter_cb: Couldn't get the bitmap of a glyph lv_draw_sw_letter.c:174
[Warn]	(54.519, +1)	 lv_font_get_bitmap_fmt_txt: Compressed fonts is used but LV_USE_FONT_COMPRESSED is not enabled in lv_conf.h lv_font_fmt_txt.c:213
[Warn]	(54.519, +0)	 draw_letter_cb: Couldn't get the bitmap of a glyph lv_draw_sw_letter.c:174
[Warn]	(54.519, +0)	 lv_font_get_bitmap_fmt_txt: Compressed fonts is used but LV_USE_FONT_COMPRESSED is not enabled in lv_conf.h lv_font_fmt_txt.c:213
[Warn]	(54.520, +1)	 draw_letter_cb: Couldn't get the bitmap of a glyph lv_draw_sw_letter.c:174
[Warn]	(54.520, +0)	 lv_font_get_bitmap_fmt_txt: Compressed fonts is used but LV_USE_FONT_COMPRESSED is not enabled in lv_conf.h lv_font_fmt_txt.c:213
[Warn]	(54.520, +0)	 draw_letter_cb: Couldn't get the bitmap of a glyph lv_draw_sw_letter.c:174
[Warn]	(54.520, +0)	 lv_font_get_bitmap_fmt_txt: Compressed fonts is used but LV_USE_FONT_COMPRESSED is not enabled in lv_conf.h lv_font_fmt_txt.c:213
[Warn]	(54.521, +1)	 draw_letter_cb: Couldn't get the bitmap of a glyph lv_draw_sw_letter.c:174
[Warn]	(54.521, +0)	 lv_font_get_bitmap_fmt_txt: Compressed fonts is used but LV_USE_FONT_COMPRESSED is not enabled in lv_conf.h lv_font_fmt_txt.c:213
[Warn]	(54.521, +0)	 draw_letter_cb: Couldn't get the bitmap of a glyph lv_draw_sw_letter.c:174
[Warn]	(54.522, +1)	 lv_font_get_bitmap_fmt_txt: Compressed fonts is used but LV_USE_FONT_COMPRESSED is not enabled in lv_conf.h lv_font_fmt_txt.c:213
[Warn]	(54.522, +0)	 draw_letter_cb: Couldn't get the bitmap of a glyph lv_draw_sw_letter.c:174
[Warn]	(54.522, +0)	 lv_font_get_bitmap_fmt_txt: Compressed fonts is used but LV_USE_FONT_COMPRESSED is not enabled in lv_conf.h lv_font_fmt_txt.c:213
[Warn]	(54.523, +1)	 draw_letter_cb: Couldn't get the bitmap of a glyph lv_draw_sw_letter.c:174
[Warn]	(54.523, +0)	 lv_font_get_bitmap_fmt_txt: Compressed fonts is used but LV_USE_FONT_COMPRESSED is not enabled in lv_conf.h lv_font_fmt_txt.c:213
[Warn]	(54.523, +0)	 draw_letter_cb: Couldn't get the bitmap of a glyph lv_draw_sw_letter.c:174
[Warn]	(54.524, +1)	 lv_font_get_bitmap_fmt_txt: Compressed fonts is used but LV_USE_FONT_COMPRESSED is not enabled in lv_conf.h lv_font_fmt_txt.c:213
[Warn]	(54.524, +0)	 draw_letter_cb: Couldn't get the bitmap of a glyph lv_draw_sw_letter.c:174
[Warn]	(54.524, +0)	 lv_font_get_bitmap_fmt_txt: Compressed fonts is used but LV_USE_FONT_COMPRESSED is not enabled in lv_conf.h lv_font_fmt_txt.c:213
[Warn]	(54.525, +1)	 draw_letter_cb: Couldn't get the bitmap of a glyph lv_draw_sw_letter.c:174
[Warn]	(54.525, +0)	 lv_font_get_bitmap_fmt_txt: Compressed fonts is used but LV_USE_FONT_COMPRESSED is not enabled in lv_conf.h lv_font_fmt_txt.c:213
[Warn]	(54.525, +0)	 draw_letter_cb: Couldn't get the bitmap of a glyph lv_draw_sw_letter.c:174
[Warn]	(54.550, +25)	 lv_font_get_bitmap_fmt_txt: Compressed fonts is used but LV_USE_FONT_COMPRESSED is not enabled in lv_conf.h lv_font_fmt_txt.c:213
[Warn]	(54.550, +0)	 draw_letter_cb: Couldn't get the bitmap of a glyph lv_draw_sw_letter.c:174
[Warn]	(54.551, +1)	 lv_font_get_bitmap_fmt_txt: Compressed fonts is used but LV_USE_FONT_COMPRESSED is not enabled in lv_conf.h lv_font_fmt_txt.c:213
[Warn]	(54.551, +0)	 draw_letter_cb: Couldn't get the bitmap of a glyph lv_draw_sw_letter.c:174
[Warn]	(54.551, +0)	 lv_font_get_bitmap_fmt_txt: Compressed fonts is used but LV_USE_FONT_COMPRESSED is not enabled in lv_conf.h lv_font_fmt_txt.c:213
[Warn]	(54.552, +1)	 draw_letter_cb: Couldn't get the bitmap of a glyph lv_draw_sw_letter.c:174
[Warn]	(54.552, +0)	 lv_font_get_bitmap_fmt_txt: Compressed fonts is used but LV_USE_FONT_COMPRESSED is not enabled in lv_conf.h lv_font_fmt_txt.c:213
[Warn]	(54.552, +0)	 draw_letter_cb: Couldn't get the bitmap of a glyph lv_draw_sw_letter.c:174
[Warn]	(54.552, +0)	 lv_font_get_bitmap_fmt_txt: Compressed fonts is used but LV_USE_FONT_COMPRESSED is not enabled in lv_conf.h lv_font_fmt_txt.c:213
[Warn]	(54.553, +1)	 draw_letter_cb: Couldn't get the bitmap of a glyph lv_draw_sw_letter.c:174
[Warn]	(54.553, +0)	 lv_font_get_bitmap_fmt_txt: Compressed fonts is used but LV_USE_FONT_COMPRESSED is not enabled in lv_conf.h lv_font_fmt_txt.c:213
[Warn]	(54.553, +0)	 draw_letter_cb: Couldn't get the bitmap of a glyph lv_draw_sw_letter.c:174
[Warn]	(54.554, +1)	 lv_font_get_bitmap_fmt_txt: Compressed fonts is used but LV_USE_FONT_COMPRESSED is not enabled in lv_conf.h lv_font_fmt_txt.c:213
[Warn]	(54.554, +0)	 draw_letter_cb: Couldn't get the bitmap of a glyph lv_draw_sw_letter.c:174
[Warn]	(54.554, +0)	 lv_font_get_bitmap_fmt_txt: Compressed fonts is used but LV_USE_FONT_COMPRESSED is not enabled in lv_conf.h lv_font_fmt_txt.c:213
[Warn]	(54.555, +1)	 draw_letter_cb: Couldn't get the bitmap of a glyph lv_draw_sw_letter.c:174
[Warn]	(54.555, +0)	 lv_font_get_bitmap_fmt_txt: Compressed fonts is used but LV_USE_FONT_COMPRESSED is not enabled in lv_conf.h lv_font_fmt_txt.c:213
[Warn]	(54.555, +0)	 draw_letter_cb: Couldn't get the bitmap of a glyph lv_draw_sw_letter.c:174
[Warn]	(54.555, +0)	 lv_font_get_bitmap_fmt_txt: Compressed fonts is used but LV_USE_FONT_COMPRESSED is not enabled in lv_conf.h lv_font_fmt_txt.c:213
[Warn]	(54.556, +1)	 draw_letter_cb: Couldn't get the bitmap of a glyph lv_draw_sw_letter.c:174
[Warn]	(54.556, +0)	 lv_font_get_bitmap_fmt_txt: Compressed fonts is used but LV_USE_FONT_COMPRESSED is not enabled in lv_conf.h lv_font_fmt_txt.c:213
[Warn]	(54.556, +0)	 draw_letter_cb: Couldn't get the bitmap of a glyph lv_draw_sw_letter.c:174
[Warn]	(54.557, +1)	 lv_font_get_bitmap_fmt_txt: Compressed fonts is used but LV_USE_FONT_COMPRESSED is not enabled in lv_conf.h lv_font_fmt_txt.c:213
[Warn]	(54.557, +0)	 draw_letter_cb: Couldn't get the bitmap of a glyph lv_draw_sw_letter.c:174
[Warn]	(54.557, +0)	 lv_font_get_bitmap_fmt_txt: Compressed fonts is used but LV_USE_FONT_COMPRESSED is not enabled in lv_conf.h lv_font_fmt_txt.c:213
[Warn]	(54.558, +1)	 draw_letter_cb: Couldn't get the bitmap of a glyph lv_draw_sw_letter.c:174
[Warn]	(54.558, +0)	 lv_font_get_bitmap_fmt_txt: Compressed fonts is used but LV_USE_FONT_COMPRESSED is not enabled in lv_conf.h lv_font_fmt_txt.c:213
[Warn]	(54.558, +0)	 draw_letter_cb: Couldn't get the bitmap of a glyph lv_draw_sw_letter.c:174
[Warn]	(54.559, +1)	 lv_font_get_bitmap_fmt_txt: Compressed fonts is used but LV_USE_FONT_COMPRESSED is not enabled in lv_conf.h lv_font_fmt_txt.c:213
[Warn]	(54.559, +0)	 draw_letter_cb: Couldn't get the bitmap of a glyph lv_draw_sw_letter.c:174
[Warn]	(54.559, +0)	 lv_font_get_bitmap_fmt_txt: Compressed fonts is used but LV_USE_FONT_COMPRESSED is not enabled in lv_conf.h lv_font_fmt_txt.c:213
[Warn]	(54.560, +1)	 draw_letter_cb: Couldn't get the bitmap of a glyph lv_draw_sw_letter.c:174
[Warn]	(54.560, +0)	 lv_font_get_bitmap_fmt_txt: Compressed fonts is used but LV_USE_FONT_COMPRESSED is not enabled in lv_conf.h lv_font_fmt_txt.c:213
[Warn]	(54.560, +0)	 draw_letter_cb: Couldn't get the bitmap of a glyph lv_draw_sw_letter.c:174
[Warn]	(54.560, +0)	 lv_font_get_bitmap_fmt_txt: Compressed fonts is used but LV_USE_FONT_COMPRESSED is not enabled in lv_conf.h lv_font_fmt_txt.c:213
[Warn]	(54.561, +1)	 draw_letter_cb: Couldn't get the bitmap of a glyph lv_draw_sw_letter.c:174
[Warn]	(54.646, +85)	 lv_font_get_bitmap_fmt_txt: Compressed fonts is used but LV_USE_FONT_COMPRESSED is not enabled in lv_conf.h lv_font_fmt_txt.c:213
[Warn]	(54.646, +0)	 draw_letter_cb: Couldn't get the bitmap of a glyph lv_draw_sw_letter.c:174
[Warn]	(54.647, +1)	 lv_font_get_bitmap_fmt_txt: Compressed fonts is used but LV_USE_FONT_COMPRESSED is not enabled in lv_conf.h lv_font_fmt_txt.c:213
[Warn]	(54.647, +0)	 draw_letter_cb: Couldn't get the bitmap of a glyph lv_draw_sw_letter.c:174
[Warn]	(54.647, +0)	 lv_font_get_bitmap_fmt_txt: Compressed fonts is used but LV_USE_FONT_COMPRESSED is not enabled in lv_conf.h lv_font_fmt_txt.c:213
[Warn]	(54.648, +1)	 draw_letter_cb: Couldn't get the bitmap of a glyph lv_draw_sw_letter.c:174
[Warn]	(54.648, +0)	 lv_font_get_bitmap_fmt_txt: Compressed fonts is used but LV_USE_FONT_COMPRESSED is not enabled in lv_conf.h lv_font_fmt_txt.c:213
[Warn]	(54.648, +0)	 draw_letter_cb: Couldn't get the bitmap of a glyph lv_draw_sw_letter.c:174
[Warn]	(54.648, +0)	 lv_font_get_bitmap_fmt_txt: Compressed fonts is used but LV_USE_FONT_COMPRESSED is not enabled in lv_conf.h lv_font_fmt_txt.c:213
[Warn]	(54.649, +1)	 draw_letter_cb: Couldn't get the bitmap of a glyph lv_draw_sw_letter.c:174
[Warn]	(54.649, +0)	 lv_font_get_bitmap_fmt_txt: Compressed fonts is used but LV_USE_FONT_COMPRESSED is not enabled in lv_conf.h lv_font_fmt_txt.c:213
[Warn]	(54.649, +0)	 draw_letter_cb: Couldn't get the bitmap of a glyph lv_draw_sw_letter.c:174
[Warn]	(54.651, +2)	 lv_font_get_bitmap_fmt_txt: Compressed fonts is used but LV_USE_FONT_COMPRESSED is not enabled in lv_conf.h lv_font_fmt_txt.c:213
[Warn]	(54.652, +1)	 draw_letter_cb: Couldn't get the bitmap of a glyph lv_draw_sw_letter.c:174
[Warn]	(54.652, +0)	 lv_font_get_bitmap_fmt_txt: Compressed fonts is used but LV_USE_FONT_COMPRESSED is not enabled in lv_conf.h lv_font_fmt_txt.c:213
[Warn]	(54.652, +0)	 draw_letter_cb: Couldn't get the bitmap of a glyph lv_draw_sw_letter.c:174
[Warn]	(54.653, +1)	 lv_font_get_bitmap_fmt_txt: Compressed fonts is used but LV_USE_FONT_COMPRESSED is not enabled in lv_conf.h lv_font_fmt_txt.c:213
[Warn]	(54.653, +0)	 draw_letter_cb: Couldn't get the bitmap of a glyph lv_draw_sw_letter.c:174
[Warn]	(54.653, +0)	 lv_font_get_bitmap_fmt_txt: Compressed fonts is used but LV_USE_FONT_COMPRESSED is not enabled in lv_conf.h lv_font_fmt_txt.c:213
[Warn]	(54.654, +1)	 draw_letter_cb: Couldn't get the bitmap of a glyph lv_draw_sw_letter.c:174
[Warn]	(54.654, +0)	 lv_font_get_bitmap_fmt_txt: Compressed fonts is used but LV_USE_FONT_COMPRESSED is not enabled in lv_conf.h lv_font_fmt_txt.c:213
[Warn]	(54.654, +0)	 draw_letter_cb: Couldn't get the bitmap of a glyph lv_draw_sw_letter.c:174
[Warn]	(54.655, +1)	 lv_font_get_bitmap_fmt_txt: Compressed fonts is used but LV_USE_FONT_COMPRESSED is not enabled in lv_conf.h lv_font_fmt_txt.c:213
[Warn]	(54.655, +0)	 draw_letter_cb: Couldn't get the bitmap of a glyph lv_draw_sw_letter.c:174
[Warn]	(54.655, +0)	 lv_font_get_bitmap_fmt_txt: Compressed fonts is used but LV_USE_FONT_COMPRESSED is not enabled in lv_conf.h lv_font_fmt_txt.c:213
[Warn]	(54.656, +1)	 draw_letter_cb: Couldn't get the bitmap of a glyph lv_draw_sw_letter.c:174
[Warn]	(54.656, +0)	 lv_font_get_bitmap_fmt_txt: Compressed fonts is used but LV_USE_FONT_COMPRESSED is not enabled in lv_conf.h lv_font_fmt_txt.c:213
[Warn]	(54.656, +0)	 draw_letter_cb: Couldn't get the bitmap of a glyph lv_draw_sw_letter.c:174
[Warn]	(54.656, +0)	 lv_font_get_bitmap_fmt_txt: Compressed fonts is used but LV_USE_FONT_COMPRESSED is not enabled in lv_conf.h lv_font_fmt_txt.c:213
[Warn]	(54.657, +1)	 draw_letter_cb: Couldn't get the bitmap of a glyph lv_draw_sw_letter.c:174
[Warn]	(54.657, +0)	 lv_font_get_bitmap_fmt_txt: Compressed fonts is used but LV_USE_FONT_COMPRESSED is not enabled in lv_conf.h lv_font_fmt_txt.c:213
[Warn]	(54.657, +0)	 draw_letter_cb: Couldn't get the bitmap of a glyph lv_draw_sw_letter.c:174
[Warn]	(54.658, +1)	 lv_font_get_bitmap_fmt_txt: Compressed fonts is used but LV_USE_FONT_COMPRESSED is not enabled in lv_conf.h lv_font_fmt_txt.c:213
[Warn]	(54.658, +0)	 draw_letter_cb: Couldn't get the bitmap of a glyph lv_draw_sw_letter.c:174
[Warn]	(54.658, +0)	 lv_font_get_bitmap_fmt_txt: Compressed fonts is used but LV_USE_FONT_COMPRESSED is not enabled in lv_conf.h lv_font_fmt_txt.c:213
[Warn]	(54.659, +1)	 draw_letter_cb: Couldn't get the bitmap of a glyph lv_draw_sw_letter.c:174
[Warn]	(54.679, +20)	 lv_font_get_bitmap_fmt_txt: Compressed fonts is used but LV_USE_FONT_COMPRESSED is not enabled in lv_conf.h lv_font_fmt_txt.c:213
[Warn]	(54.679, +0)	 draw_letter_cb: Couldn't get the bitmap of a glyph lv_draw_sw_letter.c:174
[Warn]	(54.680, +1)	 lv_font_get_bitmap_fmt_txt: Compressed fonts is used but LV_USE_FONT_COMPRESSED is not enabled in lv_conf.h lv_font_fmt_txt.c:213
[Warn]	(54.680, +0)	 draw_letter_cb: Couldn't get the bitmap of a glyph lv_draw_sw_letter.c:174
[Warn]	(54.680, +0)	 lv_font_get_bitmap_fmt_txt: Compressed fonts is used but LV_USE_FONT_COMPRESSED is not enabled in lv_conf.h lv_font_fmt_txt.c:213
[Warn]	(54.681, +1)	 draw_letter_cb: Couldn't get the bitmap of a glyph lv_draw_sw_letter.c:174
[Warn]	(54.681, +0)	 lv_font_get_bitmap_fmt_txt: Compressed fonts is used but LV_USE_FONT_COMPRESSED is not enabled in lv_conf.h lv_font_fmt_txt.c:213
[Warn]	(54.681, +0)	 draw_letter_cb: Couldn't get the bitmap of a glyph lv_draw_sw_letter.c:174
[Warn]	(54.681, +0)	 lv_font_get_bitmap_fmt_txt: Compressed fonts is used but LV_USE_FONT_COMPRESSED is not enabled in lv_conf.h lv_font_fmt_txt.c:213
[Warn]	(54.682, +1)	 draw_letter_cb: Couldn't get the bitmap of a glyph lv_draw_sw_letter.c:174
[Warn]	(54.682, +0)	 lv_font_get_bitmap_fmt_txt: Compressed fonts is used but LV_USE_FONT_COMPRESSED is not enabled in lv_conf.h lv_font_fmt_txt.c:213
[Warn]	(54.682, +0)	 draw_letter_cb: Couldn't get the bitmap of a glyph lv_draw_sw_letter.c:174
[Warn]	(54.683, +1)	 lv_font_get_bitmap_fmt_txt: Compressed fonts is used but LV_USE_FONT_COMPRESSED is not enabled in lv_conf.h lv_font_fmt_txt.c:213
[Warn]	(54.683, +0)	 draw_letter_cb: Couldn't get the bitmap of a glyph lv_draw_sw_letter.c:174
[Warn]	(54.683, +0)	 lv_font_get_bitmap_fmt_txt: Compressed fonts is used but LV_USE_FONT_COMPRESSED is not enabled in lv_conf.h lv_font_fmt_txt.c:213
[Warn]	(54.684, +1)	 draw_letter_cb: Couldn't get the bitmap of a glyph lv_draw_sw_letter.c:174
[Warn]	(54.684, +0)	 lv_font_get_bitmap_fmt_txt: Compressed fonts is used but LV_USE_FONT_COMPRESSED is not enabled in lv_conf.h lv_font_fmt_txt.c:213
[Warn]	(54.684, +0)	 draw_letter_cb: Couldn't get the bitmap of a glyph lv_draw_sw_letter.c:174
[Warn]	(54.684, +0)	 lv_font_get_bitmap_fmt_txt: Compressed fonts is used but LV_USE_FONT_COMPRESSED is not enabled in lv_conf.h lv_font_fmt_txt.c:213
[Warn]	(54.685, +1)	 draw_letter_cb: Couldn't get the bitmap of a glyph lv_draw_sw_letter.c:174
[Warn]	(54.685, +0)	 lv_font_get_bitmap_fmt_txt: Compressed fonts is used but LV_USE_FONT_COMPRESSED is not enabled in lv_conf.h lv_font_fmt_txt.c:213
[Warn]	(54.685, +0)	 draw_letter_cb: Couldn't get the bitmap of a glyph lv_draw_sw_letter.c:174
[Warn]	(54.686, +1)	 lv_font_get_bitmap_fmt_txt: Compressed fonts is used but LV_USE_FONT_COMPRESSED is not enabled in lv_conf.h lv_font_fmt_txt.c:213
[Warn]	(54.686, +0)	 draw_letter_cb: Couldn't get the bitmap of a glyph lv_draw_sw_letter.c:174
[Warn]	(54.686, +0)	 lv_font_get_bitmap_fmt_txt: Compressed fonts is used but LV_USE_FONT_COMPRESSED is not enabled in lv_conf.h lv_font_fmt_txt.c:213
[Warn]	(54.687, +1)	 draw_letter_cb: Couldn't get the bitmap of a glyph lv_draw_sw_letter.c:174
[Warn]	(54.687, +0)	 lv_font_get_bitmap_fmt_txt: Compressed fonts is used but LV_USE_FONT_COMPRESSED is not enabled in lv_conf.h lv_font_fmt_txt.c:213
[Warn]	(54.689, +2)	 draw_letter_cb: Couldn't get the bitmap of a glyph lv_draw_sw_letter.c:174
[Warn]	(54.689, +0)	 lv_font_get_bitmap_fmt_txt: Compressed fonts is used but LV_USE_FONT_COMPRESSED is not enabled in lv_conf.h lv_font_fmt_txt.c:213
[Warn]	(54.690, +1)	 draw_letter_cb: Couldn't get the bitmap of a glyph lv_draw_sw_letter.c:174
[Warn]	(54.690, +0)	 lv_font_get_bitmap_fmt_txt: Compressed fonts is used but LV_USE_FONT_COMPRESSED is not enabled in lv_conf.h lv_font_fmt_txt.c:213
[Warn]	(54.690, +0)	 draw_letter_cb: Couldn't get the bitmap of a glyph lv_draw_sw_letter.c:174
[Warn]	(54.691, +1)	 lv_font_get_bitmap_fmt_txt: Compressed fonts is used but LV_USE_FONT_COMPRESSED is not enabled in lv_conf.h lv_font_fmt_txt.c:213
[Warn]	(54.691, +0)	 draw_letter_cb: Couldn't get the bitmap of a glyph lv_draw_sw_letter.c:174
[Warn]	(54.691, +0)	 lv_font_get_bitmap_fmt_txt: Compressed fonts is used but LV_USE_FONT_COMPRESSED is not enabled in lv_conf.h lv_font_fmt_txt.c:213
[Warn]	(54.692, +1)	 draw_letter_cb: Couldn't get the bitmap of a glyph lv_draw_sw_letter.c:174
[Warn]	(54.712, +20)	 lv_font_get_bitmap_fmt_txt: Compressed fonts is used but LV_USE_FONT_COMPRESSED is not enabled in lv_conf.h lv_font_fmt_txt.c:213
[Warn]	(54.713, +1)	 draw_letter_cb: Couldn't get the bitmap of a glyph lv_draw_sw_letter.c:174
[Warn]	(54.713, +0)	 lv_font_get_bitmap_fmt_txt: Compressed fonts is used but LV_USE_FONT_COMPRESSED is not enabled in lv_conf.h lv_font_fmt_txt.c:213
[Warn]	(54.714, +1)	 draw_letter_cb: Couldn't get the bitmap of a glyph lv_draw_sw_letter.c:174
[Warn]	(54.714, +0)	 lv_font_get_bitmap_fmt_txt: Compressed fonts is used but LV_USE_FONT_COMPRESSED is not enabled in lv_conf.h lv_font_fmt_txt.c:213
[Warn]	(54.714, +0)	 draw_letter_cb: Couldn't get the bitmap of a glyph lv_draw_sw_letter.c:174
[Warn]	(54.715, +1)	 lv_font_get_bitmap_fmt_txt: Compressed fonts is used but LV_USE_FONT_COMPRESSED is not enabled in lv_conf.h lv_font_fmt_txt.c:213
[Warn]	(54.715, +0)	 draw_letter_cb: Couldn't get the bitmap of a glyph lv_draw_sw_letter.c:174
[Warn]	(54.715, +0)	 lv_font_get_bitmap_fmt_txt: Compressed fonts is used but LV_USE_FONT_COMPRESSED is not enabled in lv_conf.h lv_font_fmt_txt.c:213
[Warn]	(54.716, +1)	 draw_letter_cb: Couldn't get the bitmap of a glyph lv_draw_sw_letter.c:174
[Warn]	(54.716, +0)	 lv_font_get_bitmap_fmt_txt: Compressed fonts is used but LV_USE_FONT_COMPRESSED is not enabled in lv_conf.h lv_font_fmt_txt.c:213
[Warn]	(54.716, +0)	 draw_letter_cb: Couldn't get the bitmap of a glyph lv_draw_sw_letter.c:174
[Warn]	(54.716, +0)	 lv_font_get_bitmap_fmt_txt: Compressed fonts is used but LV_USE_FONT_COMPRESSED is not enabled in lv_conf.h lv_font_fmt_txt.c:213
[Warn]	(54.717, +1)	 draw_letter_cb: Couldn't get the bitmap of a glyph lv_draw_sw_letter.c:174
[Warn]	(54.717, +0)	 lv_font_get_bitmap_fmt_txt: Compressed fonts is used but LV_USE_FONT_COMPRESSED is not enabled in lv_conf.h lv_font_fmt_txt.c:213
[Warn]	(54.717, +0)	 draw_letter_cb: Couldn't get the bitmap of a glyph lv_draw_sw_letter.c:174
[Warn]	(54.718, +1)	 lv_font_get_bitmap_fmt_txt: Compressed fonts is used but LV_USE_FONT_COMPRESSED is not enabled in lv_conf.h lv_font_fmt_txt.c:213
[Warn]	(54.718, +0)	 draw_letter_cb: Couldn't get the bitmap of a glyph lv_draw_sw_letter.c:174
[Warn]	(54.719, +1)	 lv_font_get_bitmap_fmt_txt: Compressed fonts is used but LV_USE_FONT_COMPRESSED is not enabled in lv_conf.h lv_font_fmt_txt.c:213
[Warn]	(54.719, +0)	 draw_letter_cb: Couldn't get the bitmap of a glyph lv_draw_sw_letter.c:174
[Warn]	(54.720, +1)	 lv_font_get_bitmap_fmt_txt: Compressed fonts is used but LV_USE_FONT_COMPRESSED is not enabled in lv_conf.h lv_font_fmt_txt.c:213
[Warn]	(54.720, +0)	 draw_letter_cb: Couldn't get the bitmap of a glyph lv_draw_sw_letter.c:174
[Warn]	(54.720, +0)	 lv_font_get_bitmap_fmt_txt: Compressed fonts is used but LV_USE_FONT_COMPRESSED is not enabled in lv_conf.h lv_font_fmt_txt.c:213
[Warn]	(54.721, +1)	 draw_letter_cb: Couldn't get the bitmap of a glyph lv_draw_sw_letter.c:174
[Warn]	(54.721, +0)	 lv_font_get_bitmap_fmt_txt: Compressed fonts is used but LV_USE_FONT_COMPRESSED is not enabled in lv_conf.h lv_font_fmt_txt.c:213
[Warn]	(54.721, +0)	 draw_letter_cb: Couldn't get the bitmap of a glyph lv_draw_sw_letter.c:174
[Warn]	(54.721, +0)	 lv_font_get_bitmap_fmt_txt: Compressed fonts is used but LV_USE_FONT_COMPRESSED is not enabled in lv_conf.h lv_font_fmt_txt.c:213
[Warn]	(54.722, +1)	 draw_letter_cb: Couldn't get the bitmap of a glyph lv_draw_sw_letter.c:174
[Warn]	(54.722, +0)	 lv_font_get_bitmap_fmt_txt: Compressed fonts is used but LV_USE_FONT_COMPRESSED is not enabled in lv_conf.h lv_font_fmt_txt.c:213
[Warn]	(54.722, +0)	 draw_letter_cb: Couldn't get the bitmap of a glyph lv_draw_sw_letter.c:174
[Warn]	(54.723, +1)	 lv_font_get_bitmap_fmt_txt: Compressed fonts is used but LV_USE_FONT_COMPRESSED is not enabled in lv_conf.h lv_font_fmt_txt.c:213
[Warn]	(54.723, +0)	 draw_letter_cb: Couldn't get the bitmap of a glyph lv_draw_sw_letter.c:174
[Warn]	(54.723, +0)	 lv_font_get_bitmap_fmt_txt: Compressed fonts is used but LV_USE_FONT_COMPRESSED is not enabled in lv_conf.h lv_font_fmt_txt.c:213
[Warn]	(54.724, +1)	 draw_letter_cb: Couldn't get the bitmap of a glyph lv_draw_sw_letter.c:174
[Warn]	(54.724, +0)	 lv_font_get_bitmap_fmt_txt: Compressed fonts is used but LV_USE_FONT_COMPRESSED is not enabled in lv_conf.h lv_font_fmt_txt.c:213
[Warn]	(54.724, +0)	 draw_letter_cb: Couldn't get the bitmap of a glyph lv_draw_sw_letter.c:174
[Warn]	(55.296, +572)	 lv_font_get_bitmap_fmt_txt: Compressed fonts is used but LV_USE_FONT_COMPRESSED is not enabled in lv_conf.h lv_font_fmt_txt.c:213
[Warn]	(55.296, +0)	 draw_letter_cb: Couldn't get the bitmap of a glyph lv_draw_sw_letter.c:174
[Warn]	(55.296, +0)	 lv_font_get_bitmap_fmt_txt: Compressed fonts is used but LV_USE_FONT_COMPRESSED is not enabled in lv_conf.h lv_font_fmt_txt.c:213
[Warn]	(55.297, +1)	 draw_letter_cb: Couldn't get the bitmap of a glyph lv_draw_sw_letter.c:174
[Warn]	(55.297, +0)	 lv_font_get_bitmap_fmt_txt: Compressed fonts is used but LV_USE_FONT_COMPRESSED is not enabled in lv_conf.h lv_font_fmt_txt.c:213
[Warn]	(55.297, +0)	 draw_letter_cb: Couldn't get the bitmap of a glyph lv_draw_sw_letter.c:174
[Warn]	(55.298, +1)	 lv_font_get_bitmap_fmt_txt: Compressed fonts is used but LV_USE_FONT_COMPRESSED is not enabled in lv_conf.h lv_font_fmt_txt.c:213
[Warn]	(55.298, +0)	 draw_letter_cb: Couldn't get the bitmap of a glyph lv_draw_sw_letter.c:174
[Warn]	(55.298, +0)	 lv_font_get_bitmap_fmt_txt: Compressed fonts is used but LV_USE_FONT_COMPRESSED is not enabled in lv_conf.h lv_font_fmt_txt.c:213
[Warn]	(55.299, +1)	 draw_letter_cb: Couldn't get the bitmap of a glyph lv_draw_sw_letter.c:174
[Warn]	(55.299, +0)	 lv_font_get_bitmap_fmt_txt: Compressed fonts is used but LV_USE_FONT_COMPRESSED is not enabled in lv_conf.h lv_font_fmt_txt.c:213
[Warn]	(55.299, +0)	 draw_letter_cb: Couldn't get the bitmap of a glyph lv_draw_sw_letter.c:174
[Warn]	(55.299, +0)	 lv_font_get_bitmap_fmt_txt: Compressed fonts is used but LV_USE_FONT_COMPRESSED is not enabled in lv_conf.h lv_font_fmt_txt.c:213
[Warn]	(55.300, +1)	 draw_letter_cb: Couldn't get the bitmap of a glyph lv_draw_sw_letter.c:174
[Warn]	(55.300, +0)	 lv_font_get_bitmap_fmt_txt: Compressed fonts is used but LV_USE_FONT_COMPRESSED is not enabled in lv_conf.h lv_font_fmt_txt.c:213
[Warn]	(55.300, +0)	 draw_letter_cb: Couldn't get the bitmap of a glyph lv_draw_sw_letter.c:174
[Warn]	(55.301, +1)	 lv_font_get_bitmap_fmt_txt: Compressed fonts is used but LV_USE_FONT_COMPRESSED is not enabled in lv_conf.h lv_font_fmt_txt.c:213
[Warn]	(55.301, +0)	 draw_letter_cb: Couldn't get the bitmap of a glyph lv_draw_sw_letter.c:174
[Warn]	(55.301, +0)	 lv_font_get_bitmap_fmt_txt: Compressed fonts is used but LV_USE_FONT_COMPRESSED is not enabled in lv_conf.h lv_font_fmt_txt.c:213
[Warn]	(55.302, +1)	 draw_letter_cb: Couldn't get the bitmap of a glyph lv_draw_sw_letter.c:174
[Warn]	(55.302, +0)	 lv_font_get_bitmap_fmt_txt: Compressed fonts is used but LV_USE_FONT_COMPRESSED is not enabled in lv_conf.h lv_font_fmt_txt.c:213
[Warn]	(55.303, +1)	 draw_letter_cb: Couldn't get the bitmap of a glyph lv_draw_sw_letter.c:174
[Warn]	(55.303, +0)	 lv_font_get_bitmap_fmt_txt: Compressed fonts is used but LV_USE_FONT_COMPRESSED is not enabled in lv_conf.h lv_font_fmt_txt.c:213
[Warn]	(55.303, +0)	 draw_letter_cb: Couldn't get the bitmap of a glyph lv_draw_sw_letter.c:174
[Warn]	(55.304, +1)	 lv_font_get_bitmap_fmt_txt: Compressed fonts is used but LV_USE_FONT_COMPRESSED is not enabled in lv_conf.h lv_font_fmt_txt.c:213
[Warn]	(55.304, +0)	 draw_letter_cb: Couldn't get the bitmap of a glyph lv_draw_sw_letter.c:174
[Warn]	(55.304, +0)	 lv_font_get_bitmap_fmt_txt: Compressed fonts is used but LV_USE_FONT_COMPRESSED is not enabled in lv_conf.h lv_font_fmt_txt.c:213
[Warn]	(55.305, +1)	 draw_letter_cb: Couldn't get the bitmap of a glyph lv_draw_sw_letter.c:174
[Warn]	(55.305, +0)	 lv_font_get_bitmap_fmt_txt: Compressed fonts is used but LV_USE_FONT_COMPRESSED is not enabled in lv_conf.h lv_font_fmt_txt.c:213
[Warn]	(55.305, +0)	 draw_letter_cb: Couldn't get the bitmap of a glyph lv_draw_sw_letter.c:174
[Warn]	(55.305, +0)	 lv_font_get_bitmap_fmt_txt: Compressed fonts is used but LV_USE_FONT_COMPRESSED is not enabled in lv_conf.h lv_font_fmt_txt.c:213
[Warn]	(55.306, +1)	 draw_letter_cb: Couldn't get the bitmap of a glyph lv_draw_sw_letter.c:174
[Warn]	(55.306, +0)	 lv_font_get_bitmap_fmt_txt: Compressed fonts is used but LV_USE_FONT_COMPRESSED is not enabled in lv_conf.h lv_font_fmt_txt.c:213
[Warn]	(55.306, +0)	 draw_letter_cb: Couldn't get the bitmap of a glyph lv_draw_sw_letter.c:174
[Warn]	(55.307, +1)	 lv_font_get_bitmap_fmt_txt: Compressed fonts is used but LV_USE_FONT_COMPRESSED is not enabled in lv_conf.h lv_font_fmt_txt.c:213
[Warn]	(55.307, +0)	 draw_letter_cb: Couldn't get the bitmap of a glyph lv_draw_sw_letter.c:174
[Warn]	(55.574, +267)	 lv_font_get_bitmap_fmt_txt: Compressed fonts is used but LV_USE_FONT_COMPRESSED is not enabled in lv_conf.h lv_font_fmt_txt.c:213
[Warn]	(55.574, +0)	 draw_letter_cb: Couldn't get the bitmap of a glyph lv_draw_sw_letter.c:174
[Warn]	(55.575, +1)	 lv_font_get_bitmap_fmt_txt: Compressed fonts is used but LV_USE_FONT_COMPRESSED is not enabled in lv_conf.h lv_font_fmt_txt.c:213
[Warn]	(55.575, +0)	 draw_letter_cb: Couldn't get the bitmap of a glyph lv_draw_sw_letter.c:174
[Warn]	(55.575, +0)	 lv_font_get_bitmap_fmt_txt: Compressed fonts is used but LV_USE_FONT_COMPRESSED is not enabled in lv_conf.h lv_font_fmt_txt.c:213
[Warn]	(55.576, +1)	 draw_letter_cb: Couldn't get the bitmap of a glyph lv_draw_sw_letter.c:174
[Warn]	(55.576, +0)	 lv_font_get_bitmap_fmt_txt: Compressed fonts is used but LV_USE_FONT_COMPRESSED is not enabled in lv_conf.h lv_font_fmt_txt.c:213
[Warn]	(55.576, +0)	 draw_letter_cb: Couldn't get the bitmap of a glyph lv_draw_sw_letter.c:174
[Warn]	(55.577, +1)	 lv_font_get_bitmap_fmt_txt: Compressed fonts is used but LV_USE_FONT_COMPRESSED is not enabled in lv_conf.h lv_font_fmt_txt.c:213
[Warn]	(55.577, +0)	 draw_letter_cb: Couldn't get the bitmap of a glyph lv_draw_sw_letter.c:174
[Warn]	(55.577, +0)	 lv_font_get_bitmap_fmt_txt: Compressed fonts is used but LV_USE_FONT_COMPRESSED is not enabled in lv_conf.h lv_font_fmt_txt.c:213
[Warn]	(55.578, +1)	 draw_letter_cb: Couldn't get the bitmap of a glyph lv_draw_sw_letter.c:174
[Warn]	(55.578, +0)	 lv_font_get_bitmap_fmt_txt: Compressed fonts is used but LV_USE_FONT_COMPRESSED is not enabled in lv_conf.h lv_font_fmt_txt.c:213
[Warn]	(55.578, +0)	 draw_letter_cb: Couldn't get the bitmap of a glyph lv_draw_sw_letter.c:174
[Warn]	(55.578, +0)	 lv_font_get_bitmap_fmt_txt: Compressed fonts is used but LV_USE_FONT_COMPRESSED is not enabled in lv_conf.h lv_font_fmt_txt.c:213
[Warn]	(55.579, +1)	 draw_letter_cb: Couldn't get the bitmap of a glyph lv_draw_sw_letter.c:174
[Warn]	(55.579, +0)	 lv_font_get_bitmap_fmt_txt: Compressed fonts is used but LV_USE_FONT_COMPRESSED is not enabled in lv_conf.h lv_font_fmt_txt.c:213
[Warn]	(55.579, +0)	 draw_letter_cb: Couldn't get the bitmap of a glyph lv_draw_sw_letter.c:174
[Warn]	(55.580, +1)	 lv_font_get_bitmap_fmt_txt: Compressed fonts is used but LV_USE_FONT_COMPRESSED is not enabled in lv_conf.h lv_font_fmt_txt.c:213
[Warn]	(55.580, +0)	 draw_letter_cb: Couldn't get the bitmap of a glyph lv_draw_sw_letter.c:174
[Warn]	(55.580, +0)	 lv_font_get_bitmap_fmt_txt: Compressed fonts is used but LV_USE_FONT_COMPRESSED is not enabled in lv_conf.h lv_font_fmt_txt.c:213
[Warn]	(55.581, +1)	 draw_letter_cb: Couldn't get the bitmap of a glyph lv_draw_sw_letter.c:174
[Warn]	(55.581, +0)	 lv_font_get_bitmap_fmt_txt: Compressed fonts is used but LV_USE_FONT_COMPRESSED is not enabled in lv_conf.h lv_font_fmt_txt.c:213
[Warn]	(55.581, +0)	 draw_letter_cb: Couldn't get the bitmap of a glyph lv_draw_sw_letter.c:174
[Warn]	(55.582, +1)	 lv_font_get_bitmap_fmt_txt: Compressed fonts is used but LV_USE_FONT_COMPRESSED is not enabled in lv_conf.h lv_font_fmt_txt.c:213
[Warn]	(55.582, +0)	 draw_letter_cb: Couldn't get the bitmap of a glyph lv_draw_sw_letter.c:174
[Warn]	(55.582, +0)	 lv_font_get_bitmap_fmt_txt: Compressed fonts is used but LV_USE_FONT_COMPRESSED is not enabled in lv_conf.h lv_font_fmt_txt.c:213
[Warn]	(55.583, +1)	 draw_letter_cb: Couldn't get the bitmap of a glyph lv_draw_sw_letter.c:174
[Warn]	(55.583, +0)	 lv_font_get_bitmap_fmt_txt: Compressed fonts is used but LV_USE_FONT_COMPRESSED is not enabled in lv_conf.h lv_font_fmt_txt.c:213
[Warn]	(55.583, +0)	 draw_letter_cb: Couldn't get the bitmap of a glyph lv_draw_sw_letter.c:174
[Warn]	(55.583, +0)	 lv_font_get_bitmap_fmt_txt: Compressed fonts is used but LV_USE_FONT_COMPRESSED is not enabled in lv_conf.h lv_font_fmt_txt.c:213
[Warn]	(55.584, +1)	 draw_letter_cb: Couldn't get the bitmap of a glyph lv_draw_sw_letter.c:174
[Warn]	(55.584, +0)	 lv_font_get_bitmap_fmt_txt: Compressed fonts is used but LV_USE_FONT_COMPRESSED is not enabled in lv_conf.h lv_font_fmt_txt.c:213
[Warn]	(55.585, +1)	 draw_letter_cb: Couldn't get the bitmap of a glyph lv_draw_sw_letter.c:174
[Warn]	(55.585, +0)	 lv_font_get_bitmap_fmt_txt: Compressed fonts is used but LV_USE_FONT_COMPRESSED is not enabled in lv_conf.h lv_font_fmt_txt.c:213
[Warn]	(55.585, +0)	 draw_letter_cb: Couldn't get the bitmap of a glyph lv_draw_sw_letter.c:174
[Warn]	(55.607, +22)	 lv_font_get_bitmap_fmt_txt: Compressed fonts is used but LV_USE_FONT_COMPRESSED is not enabled in lv_conf.h lv_font_fmt_txt.c:213
[Warn]	(55.607, +0)	 draw_letter_cb: Couldn't get the bitmap of a glyph lv_draw_sw_letter.c:174
[Warn]	(55.608, +1)	 lv_font_get_bitmap_fmt_txt: Compressed fonts is used but LV_USE_FONT_COMPRESSED is not enabled in lv_conf.h lv_font_fmt_txt.c:213
[Warn]	(55.608, +0)	 draw_letter_cb: Couldn't get the bitmap of a glyph lv_draw_sw_letter.c:174
[Warn]	(55.608, +0)	 lv_font_get_bitmap_fmt_txt: Compressed fonts is used but LV_USE_FONT_COMPRESSED is not enabled in lv_conf.h lv_font_fmt_txt.c:213
[Warn]	(55.609, +1)	 draw_letter_cb: Couldn't get the bitmap of a glyph lv_draw_sw_letter.c:174
[Warn]	(55.609, +0)	 lv_font_get_bitmap_fmt_txt: Compressed fonts is used but LV_USE_FONT_COMPRESSED is not enabled in lv_conf.h lv_font_fmt_txt.c:213
[Warn]	(55.609, +0)	 draw_letter_cb: Couldn't get the bitmap of a glyph lv_draw_sw_letter.c:174
[Warn]	(55.609, +0)	 lv_font_get_bitmap_fmt_txt: Compressed fonts is used but LV_USE_FONT_COMPRESSED is not enabled in lv_conf.h lv_font_fmt_txt.c:213
[Warn]	(55.610, +1)	 draw_letter_cb: Couldn't get the bitmap of a glyph lv_draw_sw_letter.c:174
[Warn]	(55.610, +0)	 lv_font_get_bitmap_fmt_txt: Compressed fonts is used but LV_USE_FONT_COMPRESSED is not enabled in lv_conf.h lv_font_fmt_txt.c:213
[Warn]	(55.611, +1)	 draw_letter_cb: Couldn't get the bitmap of a glyph lv_draw_sw_letter.c:174
[Warn]	(55.611, +0)	 lv_font_get_bitmap_fmt_txt: Compressed fonts is used but LV_USE_FONT_COMPRESSED is not enabled in lv_conf.h lv_font_fmt_txt.c:213
[Warn]	(55.611, +0)	 draw_letter_cb: Couldn't get the bitmap of a glyph lv_draw_sw_letter.c:174
[Warn]	(55.611, +0)	 lv_font_get_bitmap_fmt_txt: Compressed fonts is used but LV_USE_FONT_COMPRESSED is not enabled in lv_conf.h lv_font_fmt_txt.c:213
[Warn]	(55.612, +1)	 draw_letter_cb: Couldn't get the bitmap of a glyph lv_draw_sw_letter.c:174
[Warn]	(55.612, +0)	 lv_font_get_bitmap_fmt_txt: Compressed fonts is used but LV_USE_FONT_COMPRESSED is not enabled in lv_conf.h lv_font_fmt_txt.c:213
[Warn]	(55.612, +0)	 draw_letter_cb: Couldn't get the bitmap of a glyph lv_draw_sw_letter.c:174
[Warn]	(55.613, +1)	 lv_font_get_bitmap_fmt_txt: Compressed fonts is used but LV_USE_FONT_COMPRESSED is not enabled in lv_conf.h lv_font_fmt_txt.c:213
[Warn]	(55.613, +0)	 draw_letter_cb: Couldn't get the bitmap of a glyph lv_draw_sw_letter.c:174
[Warn]	(55.613, +0)	 lv_font_get_bitmap_fmt_txt: Compressed fonts is used but LV_USE_FONT_COMPRESSED is not enabled in lv_conf.h lv_font_fmt_txt.c:213
[Warn]	(55.614, +1)	 draw_letter_cb: Couldn't get the bitmap of a glyph lv_draw_sw_letter.c:174
[Warn]	(55.614, +0)	 lv_font_get_bitmap_fmt_txt: Compressed fonts is used but LV_USE_FONT_COMPRESSED is not enabled in lv_conf.h lv_font_fmt_txt.c:213
[Warn]	(55.614, +0)	 draw_letter_cb: Couldn't get the bitmap of a glyph lv_draw_sw_letter.c:174
[Warn]	(55.614, +0)	 lv_font_get_bitmap_fmt_txt: Compressed fonts is used but LV_USE_FONT_COMPRESSED is not enabled in lv_conf.h lv_font_fmt_txt.c:213
[Warn]	(55.615, +1)	 draw_letter_cb: Couldn't get the bitmap of a glyph lv_draw_sw_letter.c:174
[Warn]	(55.615, +0)	 lv_font_get_bitmap_fmt_txt: Compressed fonts is used but LV_USE_FONT_COMPRESSED is not enabled in lv_conf.h lv_font_fmt_txt.c:213
[Warn]	(55.616, +1)	 draw_letter_cb: Couldn't get the bitmap of a glyph lv_draw_sw_letter.c:174
[Warn]	(55.616, +0)	 lv_font_get_bitmap_fmt_txt: Compressed fonts is used but LV_USE_FONT_COMPRESSED is not enabled in lv_conf.h lv_font_fmt_txt.c:213
[Warn]	(55.616, +0)	 draw_letter_cb: Couldn't get the bitmap of a glyph lv_draw_sw_letter.c:174
[Warn]	(55.616, +0)	 lv_font_get_bitmap_fmt_txt: Compressed fonts is used but LV_USE_FONT_COMPRESSED is not enabled in lv_conf.h lv_font_fmt_txt.c:213
[Warn]	(55.617, +1)	 draw_letter_cb: Couldn't get the bitmap of a glyph lv_draw_sw_letter.c:174
[Warn]	(55.617, +0)	 lv_font_get_bitmap_fmt_txt: Compressed fonts is used but LV_USE_FONT_COMPRESSED is not enabled in lv_conf.h lv_font_fmt_txt.c:213
[Warn]	(55.617, +0)	 draw_letter_cb: Couldn't get the bitmap of a glyph lv_draw_sw_letter.c:174
[Warn]	(55.618, +1)	 lv_font_get_bitmap_fmt_txt: Compressed fonts is used but LV_USE_FONT_COMPRESSED is not enabled in lv_conf.h lv_font_fmt_txt.c:213
[Warn]	(55.618, +0)	 draw_letter_cb: Couldn't get the bitmap of a glyph lv_draw_sw_letter.c:174
[Warn]	(55.640, +22)	 lv_font_get_bitmap_fmt_txt: Compressed fonts is used but LV_USE_FONT_COMPRESSED is not enabled in lv_conf.h lv_font_fmt_txt.c:213
[Warn]	(55.640, +0)	 draw_letter_cb: Couldn't get the bitmap of a glyph lv_draw_sw_letter.c:174
[Warn]	(55.641, +1)	 lv_font_get_bitmap_fmt_txt: Compressed fonts is used but LV_USE_FONT_COMPRESSED is not enabled in lv_conf.h lv_font_fmt_txt.c:213
[Warn]	(55.641, +0)	 draw_letter_cb: Couldn't get the bitmap of a glyph lv_draw_sw_letter.c:174
[Warn]	(55.641, +0)	 lv_font_get_bitmap_fmt_txt: Compressed fonts is used but LV_USE_FONT_COMPRESSED is not enabled in lv_conf.h lv_font_fmt_txt.c:213
[Warn]	(55.642, +1)	 draw_letter_cb: Couldn't get the bitmap of a glyph lv_draw_sw_letter.c:174
[Warn]	(55.642, +0)	 lv_font_get_bitmap_fmt_txt: Compressed fonts is used but LV_USE_FONT_COMPRESSED is not enabled in lv_conf.h lv_font_fmt_txt.c:213
[Warn]	(55.642, +0)	 draw_letter_cb: Couldn't get the bitmap of a glyph lv_draw_sw_letter.c:174
[Warn]	(55.643, +1)	 lv_font_get_bitmap_fmt_txt: Compressed fonts is used but LV_USE_FONT_COMPRESSED is not enabled in lv_conf.h lv_font_fmt_txt.c:213
[Warn]	(55.643, +0)	 draw_letter_cb: Couldn't get the bitmap of a glyph lv_draw_sw_letter.c:174
[Warn]	(55.643, +0)	 lv_font_get_bitmap_fmt_txt: Compressed fonts is used but LV_USE_FONT_COMPRESSED is not enabled in lv_conf.h lv_font_fmt_txt.c:213
[Warn]	(55.644, +1)	 draw_letter_cb: Couldn't get the bitmap of a glyph lv_draw_sw_letter.c:174
[Warn]	(55.644, +0)	 lv_font_get_bitmap_fmt_txt: Compressed fonts is used but LV_USE_FONT_COMPRESSED is not enabled in lv_conf.h lv_font_fmt_txt.c:213
[Warn]	(55.644, +0)	 draw_letter_cb: Couldn't get the bitmap of a glyph lv_draw_sw_letter.c:174
[Warn]	(55.644, +0)	 lv_font_get_bitmap_fmt_txt: Compressed fonts is used but LV_USE_FONT_COMPRESSED is not enabled in lv_conf.h lv_font_fmt_txt.c:213
[Warn]	(55.645, +1)	 draw_letter_cb: Couldn't get the bitmap of a glyph lv_draw_sw_letter.c:174
[Warn]	(55.645, +0)	 lv_font_get_bitmap_fmt_txt: Compressed fonts is used but LV_USE_FONT_COMPRESSED is not enabled in lv_conf.h lv_font_fmt_txt.c:213
[Warn]	(55.646, +1)	 draw_letter_cb: Couldn't get the bitmap of a glyph lv_draw_sw_letter.c:174
[Warn]	(55.646, +0)	 lv_font_get_bitmap_fmt_txt: Compressed fonts is used but LV_USE_FONT_COMPRESSED is not enabled in lv_conf.h lv_font_fmt_txt.c:213
[Warn]	(55.646, +0)	 draw_letter_cb: Couldn't get the bitmap of a glyph lv_draw_sw_letter.c:174
[Warn]	(55.647, +1)	 lv_font_get_bitmap_fmt_txt: Compressed fonts is used but LV_USE_FONT_COMPRESSED is not enabled in lv_conf.h lv_font_fmt_txt.c:213
[Warn]	(55.647, +0)	 draw_letter_cb: Couldn't get the bitmap of a glyph lv_draw_sw_letter.c:174
[Warn]	(55.647, +0)	 lv_font_get_bitmap_fmt_txt: Compressed fonts is used but LV_USE_FONT_COMPRESSED is not enabled in lv_conf.h lv_font_fmt_txt.c:213
[Warn]	(55.648, +1)	 draw_letter_cb: Couldn't get the bitmap of a glyph lv_draw_sw_letter.c:174
[Warn]	(55.648, +0)	 lv_font_get_bitmap_fmt_txt: Compressed fonts is used but LV_USE_FONT_COMPRESSED is not enabled in lv_conf.h lv_font_fmt_txt.c:213
[Warn]	(55.648, +0)	 draw_letter_cb: Couldn't get the bitmap of a glyph lv_draw_sw_letter.c:174
[Warn]	(55.649, +1)	 lv_font_get_bitmap_fmt_txt: Compressed fonts is used but LV_USE_FONT_COMPRESSED is not enabled in lv_conf.h lv_font_fmt_txt.c:213
[Warn]	(55.649, +0)	 draw_letter_cb: Couldn't get the bitmap of a glyph lv_draw_sw_letter.c:174
[Warn]	(55.649, +0)	 lv_font_get_bitmap_fmt_txt: Compressed fonts is used but LV_USE_FONT_COMPRESSED is not enabled in lv_conf.h lv_font_fmt_txt.c:213
[Warn]	(55.650, +1)	 draw_letter_cb: Couldn't get the bitmap of a glyph lv_draw_sw_letter.c:174
[Warn]	(55.650, +0)	 lv_font_get_bitmap_fmt_txt: Compressed fonts is used but LV_USE_FONT_COMPRESSED is not enabled in lv_conf.h lv_font_fmt_txt.c:213
[Warn]	(55.650, +0)	 draw_letter_cb: Couldn't get the bitmap of a glyph lv_draw_sw_letter.c:174
[Warn]	(55.651, +1)	 lv_font_get_bitmap_fmt_txt: Compressed fonts is used but LV_USE_FONT_COMPRESSED is not enabled in lv_conf.h lv_font_fmt_txt.c:213
[Warn]	(55.651, +0)	 draw_letter_cb: Couldn't get the bitmap of a glyph lv_draw_sw_letter.c:174
[Warn]	(55.651, +0)	 lv_font_get_bitmap_fmt_txt: Compressed fonts is used but LV_USE_FONT_COMPRESSED is not enabled in lv_conf.h lv_font_fmt_txt.c:213
[Warn]	(55.652, +1)	 draw_letter_cb: Couldn't get the bitmap of a glyph lv_draw_sw_letter.c:174
[Warn]	(55.802, +150)	 lv_font_get_bitmap_fmt_txt: Compressed fonts is used but LV_USE_FONT_COMPRESSED is not enabled in lv_conf.h lv_font_fmt_txt.c:213
[Warn]	(55.802, +0)	 draw_letter_cb: Couldn't get the bitmap of a glyph lv_draw_sw_letter.c:174
[Warn]	(55.803, +1)	 lv_font_get_bitmap_fmt_txt: Compressed fonts is used but LV_USE_FONT_COMPRESSED is not enabled in lv_conf.h lv_font_fmt_txt.c:213
[Warn]	(55.803, +0)	 draw_letter_cb: Couldn't get the bitmap of a glyph lv_draw_sw_letter.c:174
[Warn]	(55.803, +0)	 lv_font_get_bitmap_fmt_txt: Compressed fonts is used but LV_USE_FONT_COMPRESSED is not enabled in lv_conf.h lv_font_fmt_txt.c:213
[Warn]	(55.804, +1)	 draw_letter_cb: Couldn't get the bitmap of a glyph lv_draw_sw_letter.c:174
[Warn]	(55.804, +0)	 lv_font_get_bitmap_fmt_txt: Compressed fonts is used but LV_USE_FONT_COMPRESSED is not enabled in lv_conf.h lv_font_fmt_txt.c:213
[Warn]	(55.804, +0)	 draw_letter_cb: Couldn't get the bitmap of a glyph lv_draw_sw_letter.c:174
[Warn]	(55.804, +0)	 lv_font_get_bitmap_fmt_txt: Compressed fonts is used but LV_USE_FONT_COMPRESSED is not enabled in lv_conf.h lv_font_fmt_txt.c:213
[Warn]	(55.805, +1)	 draw_letter_cb: Couldn't get the bitmap of a glyph lv_draw_sw_letter.c:174
[Warn]	(55.805, +0)	 lv_font_get_bitmap_fmt_txt: Compressed fonts is used but LV_USE_FONT_COMPRESSED is not enabled in lv_conf.h lv_font_fmt_txt.c:213
[Warn]	(55.805, +0)	 draw_letter_cb: Couldn't get the bitmap of a glyph lv_draw_sw_letter.c:174
[Warn]	(55.806, +1)	 lv_font_get_bitmap_fmt_txt: Compressed fonts is used but LV_USE_FONT_COMPRESSED is not enabled in lv_conf.h lv_font_fmt_txt.c:213
[Warn]	(55.806, +0)	 draw_letter_cb: Couldn't get the bitmap of a glyph lv_draw_sw_letter.c:174
[Warn]	(55.806, +0)	 lv_font_get_bitmap_fmt_txt: Compressed fonts is used but LV_USE_FONT_COMPRESSED is not enabled in lv_conf.h lv_font_fmt_txt.c:213
[Warn]	(55.807, +1)	 draw_letter_cb: Couldn't get the bitmap of a glyph lv_draw_sw_letter.c:174
[Warn]	(55.807, +0)	 lv_font_get_bitmap_fmt_txt: Compressed fonts is used but LV_USE_FONT_COMPRESSED is not enabled in lv_conf.h lv_font_fmt_txt.c:213
[Warn]	(55.807, +0)	 draw_letter_cb: Couldn't get the bitmap of a glyph lv_draw_sw_letter.c:174
[Warn]	(55.807, +0)	 lv_font_get_bitmap_fmt_txt: Compressed fonts is used but LV_USE_FONT_COMPRESSED is not enabled in lv_conf.h lv_font_fmt_txt.c:213
[Warn]	(55.808, +1)	 draw_letter_cb: Couldn't get the bitmap of a glyph lv_draw_sw_letter.c:174
[Warn]	(55.808, +0)	 lv_font_get_bitmap_fmt_txt: Compressed fonts is used but LV_USE_FONT_COMPRESSED is not enabled in lv_conf.h lv_font_fmt_txt.c:213
[Warn]	(55.809, +1)	 draw_letter_cb: Couldn't get the bitmap of a glyph lv_draw_sw_letter.c:174
[Warn]	(55.809, +0)	 lv_font_get_bitmap_fmt_txt: Compressed fonts is used but LV_USE_FONT_COMPRESSED is not enabled in lv_conf.h lv_font_fmt_txt.c:213
[Warn]	(55.809, +0)	 draw_letter_cb: Couldn't get the bitmap of a glyph lv_draw_sw_letter.c:174
[Warn]	(55.809, +0)	 lv_font_get_bitmap_fmt_txt: Compressed fonts is used but LV_USE_FONT_COMPRESSED is not enabled in lv_conf.h lv_font_fmt_txt.c:213
[Warn]	(55.810, +1)	 draw_letter_cb: Couldn't get the bitmap of a glyph lv_draw_sw_letter.c:174
[Warn]	(55.810, +0)	 lv_font_get_bitmap_fmt_txt: Compressed fonts is used but LV_USE_FONT_COMPRESSED is not enabled in lv_conf.h lv_font_fmt_txt.c:213
[Warn]	(55.810, +0)	 draw_letter_cb: Couldn't get the bitmap of a glyph lv_draw_sw_letter.c:174
[Warn]	(55.811, +1)	 lv_font_get_bitmap_fmt_txt: Compressed fonts is used but LV_USE_FONT_COMPRESSED is not enabled in lv_conf.h lv_font_fmt_txt.c:213
[Warn]	(55.811, +0)	 draw_letter_cb: Couldn't get the bitmap of a glyph lv_draw_sw_letter.c:174
[Warn]	(55.811, +0)	 lv_font_get_bitmap_fmt_txt: Compressed fonts is used but LV_USE_FONT_COMPRESSED is not enabled in lv_conf.h lv_font_fmt_txt.c:213
[Warn]	(55.812, +1)	 draw_letter_cb: Couldn't get the bitmap of a glyph lv_draw_sw_letter.c:174
[Warn]	(55.812, +0)	 lv_font_get_bitmap_fmt_txt: Compressed fonts is used but LV_USE_FONT_COMPRESSED is not enabled in lv_conf.h lv_font_fmt_txt.c:213
[Warn]	(55.812, +0)	 draw_letter_cb: Couldn't get the bitmap of a glyph lv_draw_sw_letter.c:174
[Warn]	(55.813, +1)	 lv_font_get_bitmap_fmt_txt: Compressed fonts is used but LV_USE_FONT_COMPRESSED is not enabled in lv_conf.h lv_font_fmt_txt.c:213
[Warn]	(55.813, +0)	 draw_letter_cb: Couldn't get the bitmap of a glyph lv_draw_sw_letter.c:174
[Warn]	(55.813, +0)	 lv_font_get_bitmap_fmt_txt: Compressed fonts is used but LV_USE_FONT_COMPRESSED is not enabled in lv_conf.h lv_font_fmt_txt.c:213
[Warn]	(55.814, +1)	 draw_letter_cb: Couldn't get the bitmap of a glyph lv_draw_sw_letter.c:174
[Warn]	(55.814, +0)	 lv_font_get_bitmap_fmt_txt: Compressed fonts is used but LV_USE_FONT_COMPRESSED is not enabled in lv_conf.h lv_font_fmt_txt.c:213
[Warn]	(55.814, +0)	 draw_letter_cb: Couldn't get the bitmap of a glyph lv_draw_sw_letter.c:174
[Warn]	(55.814, +0)	 lv_font_get_bitmap_fmt_txt: Compressed fonts is used but LV_USE_FONT_COMPRESSED is not enabled in lv_conf.h lv_font_fmt_txt.c:213
[Warn]	(55.815, +1)	 draw_letter_cb: Couldn't get the bitmap of a glyph lv_draw_sw_letter.c:174
[Warn]	(55.842, +27)	 lv_font_get_bitmap_fmt_txt: Compressed fonts is used but LV_USE_FONT_COMPRESSED is not enabled in lv_conf.h lv_font_fmt_txt.c:213
[Warn]	(55.843, +1)	 draw_letter_cb: Couldn't get the bitmap of a glyph lv_draw_sw_letter.c:174
[Warn]	(55.843, +0)	 lv_font_get_bitmap_fmt_txt: Compressed fonts is used but LV_USE_FONT_COMPRESSED is not enabled in lv_conf.h lv_font_fmt_txt.c:213
[Warn]	(55.843, +0)	 draw_letter_cb: Couldn't get the bitmap of a glyph lv_draw_sw_letter.c:174
[Warn]	(55.844, +1)	 lv_font_get_bitmap_fmt_txt: Compressed fonts is used but LV_USE_FONT_COMPRESSED is not enabled in lv_conf.h lv_font_fmt_txt.c:213
[Warn]	(55.844, +0)	 draw_letter_cb: Couldn't get the bitmap of a glyph lv_draw_sw_letter.c:174
[Warn]	(55.844, +0)	 lv_font_get_bitmap_fmt_txt: Compressed fonts is used but LV_USE_FONT_COMPRESSED is not enabled in lv_conf.h lv_font_fmt_txt.c:213
[Warn]	(55.845, +1)	 draw_letter_cb: Couldn't get the bitmap of a glyph lv_draw_sw_letter.c:174
[Warn]	(55.845, +0)	 lv_font_get_bitmap_fmt_txt: Compressed fonts is used but LV_USE_FONT_COMPRESSED is not enabled in lv_conf.h lv_font_fmt_txt.c:213
[Warn]	(55.845, +0)	 draw_letter_cb: Couldn't get the bitmap of a glyph lv_draw_sw_letter.c:174
[Warn]	(55.845, +0)	 lv_font_get_bitmap_fmt_txt: Compressed fonts is used but LV_USE_FONT_COMPRESSED is not enabled in lv_conf.h lv_font_fmt_txt.c:213
[Warn]	(55.846, +1)	 draw_letter_cb: Couldn't get the bitmap of a glyph lv_draw_sw_letter.c:174
[Warn]	(55.846, +0)	 lv_font_get_bitmap_fmt_txt: Compressed fonts is used but LV_USE_FONT_COMPRESSED is not enabled in lv_conf.h lv_font_fmt_txt.c:213
[Warn]	(55.847, +1)	 draw_letter_cb: Couldn't get the bitmap of a glyph lv_draw_sw_letter.c:174
[Warn]	(55.847, +0)	 lv_font_get_bitmap_fmt_txt: Compressed fonts is used but LV_USE_FONT_COMPRESSED is not enabled in lv_conf.h lv_font_fmt_txt.c:213
[Warn]	(55.847, +0)	 draw_letter_cb: Couldn't get the bitmap of a glyph lv_draw_sw_letter.c:174
[Warn]	(55.847, +0)	 lv_font_get_bitmap_fmt_txt: Compressed fonts is used but LV_USE_FONT_COMPRESSED is not enabled in lv_conf.h lv_font_fmt_txt.c:213
[Warn]	(55.848, +1)	 draw_letter_cb: Couldn't get the bitmap of a glyph lv_draw_sw_letter.c:174
[Warn]	(55.848, +0)	 lv_font_get_bitmap_fmt_txt: Compressed fonts is used but LV_USE_FONT_COMPRESSED is not enabled in lv_conf.h lv_font_fmt_txt.c:213
[Warn]	(55.848, +0)	 draw_letter_cb: Couldn't get the bitmap of a glyph lv_draw_sw_letter.c:174
[Warn]	(55.849, +1)	 lv_font_get_bitmap_fmt_txt: Compressed fonts is used but LV_USE_FONT_COMPRESSED is not enabled in lv_conf.h lv_font_fmt_txt.c:213
[Warn]	(55.849, +0)	 draw_letter_cb: Couldn't get the bitmap of a glyph lv_draw_sw_letter.c:174
[Warn]	(55.849, +0)	 lv_font_get_bitmap_fmt_txt: Compressed fonts is used but LV_USE_FONT_COMPRESSED is not enabled in lv_conf.h lv_font_fmt_txt.c:213
[Warn]	(55.850, +1)	 draw_letter_cb: Couldn't get the bitmap of a glyph lv_draw_sw_letter.c:174
[Warn]	(55.850, +0)	 lv_font_get_bitmap_fmt_txt: Compressed fonts is used but LV_USE_FONT_COMPRESSED is not enabled in lv_conf.h lv_font_fmt_txt.c:213
[Warn]	(55.850, +0)	 draw_letter_cb: Couldn't get the bitmap of a glyph lv_draw_sw_letter.c:174
[Warn]	(55.851, +1)	 lv_font_get_bitmap_fmt_txt: Compressed fonts is used but LV_USE_FONT_COMPRESSED is not enabled in lv_conf.h lv_font_fmt_txt.c:213
[Warn]	(55.851, +0)	 draw_letter_cb: Couldn't get the bitmap of a glyph lv_draw_sw_letter.c:174
[Warn]	(55.851, +0)	 lv_font_get_bitmap_fmt_txt: Compressed fonts is used but LV_USE_FONT_COMPRESSED is not enabled in lv_conf.h lv_font_fmt_txt.c:213
[Warn]	(55.852, +1)	 draw_letter_cb: Couldn't get the bitmap of a glyph lv_draw_sw_letter.c:174
[Warn]	(55.852, +0)	 lv_font_get_bitmap_fmt_txt: Compressed fonts is used but LV_USE_FONT_COMPRESSED is not enabled in lv_conf.h lv_font_fmt_txt.c:213
[Warn]	(55.852, +0)	 draw_letter_cb: Couldn't get the bitmap of a glyph lv_draw_sw_letter.c:174
[Warn]	(55.853, +1)	 lv_font_get_bitmap_fmt_txt: Compressed fonts is used but LV_USE_FONT_COMPRESSED is not enabled in lv_conf.h lv_font_fmt_txt.c:213
[Warn]	(55.853, +0)	 draw_letter_cb: Couldn't get the bitmap of a glyph lv_draw_sw_letter.c:174
[Warn]	(55.853, +0)	 lv_font_get_bitmap_fmt_txt: Compressed fonts is used but LV_USE_FONT_COMPRESSED is not enabled in lv_conf.h lv_font_fmt_txt.c:213
[Warn]	(55.854, +1)	 draw_letter_cb: Couldn't get the bitmap of a glyph lv_draw_sw_letter.c:174
[Warn]	(55.854, +0)	 lv_font_get_bitmap_fmt_txt: Compressed fonts is used but LV_USE_FONT_COMPRESSED is not enabled in lv_conf.h lv_font_fmt_txt.c:213
[Warn]	(55.854, +0)	 draw_letter_cb: Couldn't get the bitmap of a glyph lv_draw_sw_letter.c:174
[Warn]	(55.854, +0)	 lv_font_get_bitmap_fmt_txt: Compressed fonts is used but LV_USE_FONT_COMPRESSED is not enabled in lv_conf.h lv_font_fmt_txt.c:213
[Warn]	(55.855, +1)	 draw_letter_cb: Couldn't get the bitmap of a glyph lv_draw_sw_letter.c:174
[Warn]	(55.855, +0)	 lv_font_get_bitmap_fmt_txt: Compressed fonts is used but LV_USE_FONT_COMPRESSED is not enabled in lv_conf.h lv_font_fmt_txt.c:213
[Warn]	(55.855, +0)	 draw_letter_cb: Couldn't get the bitmap of a glyph lv_draw_sw_letter.c:174
[Warn]	(55.875, +20)	 lv_font_get_bitmap_fmt_txt: Compressed fonts is used but LV_USE_FONT_COMPRESSED is not enabled in lv_conf.h lv_font_fmt_txt.c:213
[Warn]	(55.875, +0)	 draw_letter_cb: Couldn't get the bitmap of a glyph lv_draw_sw_letter.c:174
[Warn]	(55.876, +1)	 lv_font_get_bitmap_fmt_txt: Compressed fonts is used but LV_USE_FONT_COMPRESSED is not enabled in lv_conf.h lv_font_fmt_txt.c:213
[Warn]	(55.876, +0)	 draw_letter_cb: Couldn't get the bitmap of a glyph lv_draw_sw_letter.c:174
[Warn]	(55.876, +0)	 lv_font_get_bitmap_fmt_txt: Compressed fonts is used but LV_USE_FONT_COMPRESSED is not enabled in lv_conf.h lv_font_fmt_txt.c:213
[Warn]	(55.877, +1)	 draw_letter_cb: Couldn't get the bitmap of a glyph lv_draw_sw_letter.c:174
[Warn]	(55.877, +0)	 lv_font_get_bitmap_fmt_txt: Compressed fonts is used but LV_USE_FONT_COMPRESSED is not enabled in lv_conf.h lv_font_fmt_txt.c:213
[Warn]	(55.877, +0)	 draw_letter_cb: Couldn't get the bitmap of a glyph lv_draw_sw_letter.c:174
[Warn]	(55.877, +0)	 lv_font_get_bitmap_fmt_txt: Compressed fonts is used but LV_USE_FONT_COMPRESSED is not enabled in lv_conf.h lv_font_fmt_txt.c:213
[Warn]	(55.878, +1)	 draw_letter_cb: Couldn't get the bitmap of a glyph lv_draw_sw_letter.c:174
[Warn]	(55.878, +0)	 lv_font_get_bitmap_fmt_txt: Compressed fonts is used but LV_USE_FONT_COMPRESSED is not enabled in lv_conf.h lv_font_fmt_txt.c:213
[Warn]	(55.878, +0)	 draw_letter_cb: Couldn't get the bitmap of a glyph lv_draw_sw_letter.c:174
[Warn]	(55.879, +1)	 lv_font_get_bitmap_fmt_txt: Compressed fonts is used but LV_USE_FONT_COMPRESSED is not enabled in lv_conf.h lv_font_fmt_txt.c:213
[Warn]	(55.879, +0)	 draw_letter_cb: Couldn't get the bitmap of a glyph lv_draw_sw_letter.c:174
[Warn]	(55.879, +0)	 lv_font_get_bitmap_fmt_txt: Compressed fonts is used but LV_USE_FONT_COMPRESSED is not enabled in lv_conf.h lv_font_fmt_txt.c:213
[Warn]	(55.880, +1)	 draw_letter_cb: Couldn't get the bitmap of a glyph lv_draw_sw_letter.c:174
[Warn]	(55.880, +0)	 lv_font_get_bitmap_fmt_txt: Compressed fonts is used but LV_USE_FONT_COMPRESSED is not enabled in lv_conf.h lv_font_fmt_txt.c:213
[Warn]	(55.880, +0)	 draw_letter_cb: Couldn't get the bitmap of a glyph lv_draw_sw_letter.c:174
[Warn]	(55.880, +0)	 lv_font_get_bitmap_fmt_txt: Compressed fonts is used but LV_USE_FONT_COMPRESSED is not enabled in lv_conf.h lv_font_fmt_txt.c:213
[Warn]	(55.881, +1)	 draw_letter_cb: Couldn't get the bitmap of a glyph lv_draw_sw_letter.c:174
[Warn]	(55.881, +0)	 lv_font_get_bitmap_fmt_txt: Compressed fonts is used but LV_USE_FONT_COMPRESSED is not enabled in lv_conf.h lv_font_fmt_txt.c:213
[Warn]	(55.882, +1)	 draw_letter_cb: Couldn't get the bitmap of a glyph lv_draw_sw_letter.c:174
[Warn]	(55.882, +0)	 lv_font_get_bitmap_fmt_txt: Compressed fonts is used but LV_USE_FONT_COMPRESSED is not enabled in lv_conf.h lv_font_fmt_txt.c:213
[Warn]	(55.882, +0)	 draw_letter_cb: Couldn't get the bitmap of a glyph lv_draw_sw_letter.c:174
[Warn]	(55.882, +0)	 lv_font_get_bitmap_fmt_txt: Compressed fonts is used but LV_USE_FONT_COMPRESSED is not enabled in lv_conf.h lv_font_fmt_txt.c:213
[Warn]	(55.883, +1)	 draw_letter_cb: Couldn't get the bitmap of a glyph lv_draw_sw_letter.c:174
[Warn]	(55.883, +0)	 lv_font_get_bitmap_fmt_txt: Compressed fonts is used but LV_USE_FONT_COMPRESSED is not enabled in lv_conf.h lv_font_fmt_txt.c:213
[Warn]	(55.883, +0)	 draw_letter_cb: Couldn't get the bitmap of a glyph lv_draw_sw_letter.c:174
[Warn]	(55.884, +1)	 lv_font_get_bitmap_fmt_txt: Compressed fonts is used but LV_USE_FONT_COMPRESSED is not enabled in lv_conf.h lv_font_fmt_txt.c:213
[Warn]	(55.884, +0)	 draw_letter_cb: Couldn't get the bitmap of a glyph lv_draw_sw_letter.c:174
[Warn]	(55.884, +0)	 lv_font_get_bitmap_fmt_txt: Compressed fonts is used but LV_USE_FONT_COMPRESSED is not enabled in lv_conf.h lv_font_fmt_txt.c:213
[Warn]	(55.885, +1)	 draw_letter_cb: Couldn't get the bitmap of a glyph lv_draw_sw_letter.c:174
[Warn]	(55.885, +0)	 lv_font_get_bitmap_fmt_txt: Compressed fonts is used but LV_USE_FONT_COMPRESSED is not enabled in lv_conf.h lv_font_fmt_txt.c:213
[Warn]	(55.885, +0)	 draw_letter_cb: Couldn't get the bitmap of a glyph lv_draw_sw_letter.c:174
[Warn]	(55.886, +1)	 lv_font_get_bitmap_fmt_txt: Compressed fonts is used but LV_USE_FONT_COMPRESSED is not enabled in lv_conf.h lv_font_fmt_txt.c:213
[Warn]	(55.886, +0)	 draw_letter_cb: Couldn't get the bitmap of a glyph lv_draw_sw_letter.c:174
[Warn]	(55.886, +0)	 lv_font_get_bitmap_fmt_txt: Compressed fonts is used but LV_USE_FONT_COMPRESSED is not enabled in lv_conf.h lv_font_fmt_txt.c:213
[Warn]	(55.887, +1)	 draw_letter_cb: Couldn't get the bitmap of a glyph lv_draw_sw_letter.c:174
[Warn]	(55.887, +0)	 lv_font_get_bitmap_fmt_txt: Compressed fonts is used but LV_USE_FONT_COMPRESSED is not enabled in lv_conf.h lv_font_fmt_txt.c:213
[Warn]	(55.887, +0)	 draw_letter_cb: Couldn't get the bitmap of a glyph lv_draw_sw_letter.c:174
[Warn]	(55.887, +0)	 lv_font_get_bitmap_fmt_txt: Compressed fonts is used but LV_USE_FONT_COMPRESSED is not enabled in lv_conf.h lv_font_fmt_txt.c:213
[Warn]	(55.888, +1)	 draw_letter_cb: Couldn't get the bitmap of a glyph lv_draw_sw_letter.c:174
[Warn]	(55.940, +52)	 lv_font_get_bitmap_fmt_txt: Compressed fonts is used but LV_USE_FONT_COMPRESSED is not enabled in lv_conf.h lv_font_fmt_txt.c:213
[Warn]	(55.940, +0)	 draw_letter_cb: Couldn't get the bitmap of a glyph lv_draw_sw_letter.c:174
[Warn]	(55.940, +0)	 lv_font_get_bitmap_fmt_txt: Compressed fonts is used but LV_USE_FONT_COMPRESSED is not enabled in lv_conf.h lv_font_fmt_txt.c:213
[Warn]	(55.941, +1)	 draw_letter_cb: Couldn't get the bitmap of a glyph lv_draw_sw_letter.c:174
[Warn]	(55.941, +0)	 lv_font_get_bitmap_fmt_txt: Compressed fonts is used but LV_USE_FONT_COMPRESSED is not enabled in lv_conf.h lv_font_fmt_txt.c:213
[Warn]	(55.941, +0)	 draw_letter_cb: Couldn't get the bitmap of a glyph lv_draw_sw_letter.c:174
[Warn]	(55.942, +1)	 lv_font_get_bitmap_fmt_txt: Compressed fonts is used but LV_USE_FONT_COMPRESSED is not enabled in lv_conf.h lv_font_fmt_txt.c:213
[Warn]	(55.942, +0)	 draw_letter_cb: Couldn't get the bitmap of a glyph lv_draw_sw_letter.c:174
[Warn]	(55.942, +0)	 lv_font_get_bitmap_fmt_txt: Compressed fonts is used but LV_USE_FONT_COMPRESSED is not enabled in lv_conf.h lv_font_fmt_txt.c:213
[Warn]	(55.943, +1)	 draw_letter_cb: Couldn't get the bitmap of a glyph lv_draw_sw_letter.c:174
[Warn]	(55.943, +0)	 lv_font_get_bitmap_fmt_txt: Compressed fonts is used but LV_USE_FONT_COMPRESSED is not enabled in lv_conf.h lv_font_fmt_txt.c:213
[Warn]	(55.943, +0)	 draw_letter_cb: Couldn't get the bitmap of a glyph lv_draw_sw_letter.c:174
[Warn]	(55.943, +0)	 lv_font_get_bitmap_fmt_txt: Compressed fonts is used but LV_USE_FONT_COMPRESSED is not enabled in lv_conf.h lv_font_fmt_txt.c:213
[Warn]	(55.944, +1)	 draw_letter_cb: Couldn't get the bitmap of a glyph lv_draw_sw_letter.c:174
[Warn]	(55.944, +0)	 lv_font_get_bitmap_fmt_txt: Compressed fonts is used but LV_USE_FONT_COMPRESSED is not enabled in lv_conf.h lv_font_fmt_txt.c:213
[Warn]	(55.944, +0)	 draw_letter_cb: Couldn't get the bitmap of a glyph lv_draw_sw_letter.c:174
[Warn]	(55.945, +1)	 lv_font_get_bitmap_fmt_txt: Compressed fonts is used but LV_USE_FONT_COMPRESSED is not enabled in lv_conf.h lv_font_fmt_txt.c:213
[Warn]	(55.945, +0)	 draw_letter_cb: Couldn't get the bitmap of a glyph lv_draw_sw_letter.c:174
[Warn]	(55.945, +0)	 lv_font_get_bitmap_fmt_txt: Compressed fonts is used but LV_USE_FONT_COMPRESSED is not enabled in lv_conf.h lv_font_fmt_txt.c:213
[Warn]	(55.946, +1)	 draw_letter_cb: Couldn't get the bitmap of a glyph lv_draw_sw_letter.c:174
[Warn]	(55.946, +0)	 lv_font_get_bitmap_fmt_txt: Compressed fonts is used but LV_USE_FONT_COMPRESSED is not enabled in lv_conf.h lv_font_fmt_txt.c:213
[Warn]	(55.946, +0)	 draw_letter_cb: Couldn't get the bitmap of a glyph lv_draw_sw_letter.c:174
[Warn]	(55.947, +1)	 lv_font_get_bitmap_fmt_txt: Compressed fonts is used but LV_USE_FONT_COMPRESSED is not enabled in lv_conf.h lv_font_fmt_txt.c:213
[Warn]	(55.947, +0)	 draw_letter_cb: Couldn't get the bitmap of a glyph lv_draw_sw_letter.c:174
[Warn]	(55.947, +0)	 lv_font_get_bitmap_fmt_txt: Compressed fonts is used but LV_USE_FONT_COMPRESSED is not enabled in lv_conf.h lv_font_fmt_txt.c:213
[Warn]	(55.948, +1)	 draw_letter_cb: Couldn't get the bitmap of a glyph lv_draw_sw_letter.c:174
[Warn]	(55.948, +0)	 lv_font_get_bitmap_fmt_txt: Compressed fonts is used but LV_USE_FONT_COMPRESSED is not enabled in lv_conf.h lv_font_fmt_txt.c:213
[Warn]	(55.948, +0)	 draw_letter_cb: Couldn't get the bitmap of a glyph lv_draw_sw_letter.c:174
[Warn]	(55.948, +0)	 lv_font_get_bitmap_fmt_txt: Compressed fonts is used but LV_USE_FONT_COMPRESSED is not enabled in lv_conf.h lv_font_fmt_txt.c:213
[Warn]	(55.949, +1)	 draw_letter_cb: Couldn't get the bitmap of a glyph lv_draw_sw_letter.c:174
[Warn]	(55.949, +0)	 lv_font_get_bitmap_fmt_txt: Compressed fonts is used but LV_USE_FONT_COMPRESSED is not enabled in lv_conf.h lv_font_fmt_txt.c:213
[Warn]	(55.949, +0)	 draw_letter_cb: Couldn't get the bitmap of a glyph lv_draw_sw_letter.c:174
[Warn]	(55.950, +1)	 lv_font_get_bitmap_fmt_txt: Compressed fonts is used but LV_USE_FONT_COMPRESSED is not enabled in lv_conf.h lv_font_fmt_txt.c:213
[Warn]	(55.950, +0)	 draw_letter_cb: Couldn't get the bitmap of a glyph lv_draw_sw_letter.c:174
[Warn]	(55.950, +0)	 lv_font_get_bitmap_fmt_txt: Compressed fonts is used but LV_USE_FONT_COMPRESSED is not enabled in lv_conf.h lv_font_fmt_txt.c:213
[Warn]	(55.951, +1)	 draw_letter_cb: Couldn't get the bitmap of a glyph lv_draw_sw_letter.c:174
[Warn]	(55.951, +0)	 lv_font_get_bitmap_fmt_txt: Compressed fonts is used but LV_USE_FONT_COMPRESSED is not enabled in lv_conf.h lv_font_fmt_txt.c:213
[Warn]	(55.951, +0)	 draw_letter_cb: Couldn't get the bitmap of a glyph lv_draw_sw_letter.c:174
[Warn]	(55.952, +1)	 lv_font_get_bitmap_fmt_txt: Compressed fonts is used but LV_USE_FONT_COMPRESSED is not enabled in lv_conf.h lv_font_fmt_txt.c:213
[Warn]	(55.952, +0)	 draw_letter_cb: Couldn't get the bitmap of a glyph lv_draw_sw_letter.c:174
[Warn]	(55.952, +0)	 lv_font_get_bitmap_fmt_txt: Compressed fonts is used but LV_USE_FONT_COMPRESSED is not enabled in lv_conf.h lv_font_fmt_txt.c:213
[Warn]	(55.953, +1)	 draw_letter_cb: Couldn't get the bitmap of a glyph lv_draw_sw_letter.c:174
[Warn]	(55.987, +34)	 lv_font_get_bitmap_fmt_txt: Compressed fonts is used but LV_USE_FONT_COMPRESSED is not enabled in lv_conf.h lv_font_fmt_txt.c:213
[Warn]	(55.987, +0)	 draw_letter_cb: Couldn't get the bitmap of a glyph lv_draw_sw_letter.c:174
[Warn]	(55.988, +1)	 lv_font_get_bitmap_fmt_txt: Compressed fonts is used but LV_USE_FONT_COMPRESSED is not enabled in lv_conf.h lv_font_fmt_txt.c:213
[Warn]	(55.988, +0)	 draw_letter_cb: Couldn't get the bitmap of a glyph lv_draw_sw_letter.c:174
[Warn]	(55.988, +0)	 lv_font_get_bitmap_fmt_txt: Compressed fonts is used but LV_USE_FONT_COMPRESSED is not enabled in lv_conf.h lv_font_fmt_txt.c:213
[Warn]	(55.989, +1)	 draw_letter_cb: Couldn't get the bitmap of a glyph lv_draw_sw_letter.c:174
[Warn]	(55.989, +0)	 lv_font_get_bitmap_fmt_txt: Compressed fonts is used but LV_USE_FONT_COMPRESSED is not enabled in lv_conf.h lv_font_fmt_txt.c:213
[Warn]	(55.989, +0)	 draw_letter_cb: Couldn't get the bitmap of a glyph lv_draw_sw_letter.c:174
[Warn]	(55.989, +0)	 lv_font_get_bitmap_fmt_txt: Compressed fonts is used but LV_USE_FONT_COMPRESSED is not enabled in lv_conf.h lv_font_fmt_txt.c:213
[Warn]	(55.990, +1)	 draw_letter_cb: Couldn't get the bitmap of a glyph lv_draw_sw_letter.c:174
[Warn]	(55.990, +0)	 lv_font_get_bitmap_fmt_txt: Compressed fonts is used but LV_USE_FONT_COMPRESSED is not enabled in lv_conf.h lv_font_fmt_txt.c:213
[Warn]	(55.990, +0)	 draw_letter_cb: Couldn't get the bitmap of a glyph lv_draw_sw_letter.c:174
[Warn]	(55.991, +1)	 lv_font_get_bitmap_fmt_txt: Compressed fonts is used but LV_USE_FONT_COMPRESSED is not enabled in lv_conf.h lv_font_fmt_txt.c:213
[Warn]	(55.991, +0)	 draw_letter_cb: Couldn't get the bitmap of a glyph lv_draw_sw_letter.c:174
[Warn]	(55.991, +0)	 lv_font_get_bitmap_fmt_txt: Compressed fonts is used but LV_USE_FONT_COMPRESSED is not enabled in lv_conf.h lv_font_fmt_txt.c:213
[Warn]	(55.992, +1)	 draw_letter_cb: Couldn't get the bitmap of a glyph lv_draw_sw_letter.c:174
[Warn]	(55.992, +0)	 lv_font_get_bitmap_fmt_txt: Compressed fonts is used but LV_USE_FONT_COMPRESSED is not enabled in lv_conf.h lv_font_fmt_txt.c:213
[Warn]	(55.992, +0)	 draw_letter_cb: Couldn't get the bitmap of a glyph lv_draw_sw_letter.c:174
[Warn]	(55.993, +1)	 lv_font_get_bitmap_fmt_txt: Compressed fonts is used but LV_USE_FONT_COMPRESSED is not enabled in lv_conf.h lv_font_fmt_txt.c:213
[Warn]	(55.993, +0)	 draw_letter_cb: Couldn't get the bitmap of a glyph lv_draw_sw_letter.c:174
[Warn]	(55.993, +0)	 lv_font_get_bitmap_fmt_txt: Compressed fonts is used but LV_USE_FONT_COMPRESSED is not enabled in lv_conf.h lv_font_fmt_txt.c:213
[Warn]	(55.994, +1)	 draw_letter_cb: Couldn't get the bitmap of a glyph lv_draw_sw_letter.c:174
[Warn]	(55.994, +0)	 lv_font_get_bitmap_fmt_txt: Compressed fonts is used but LV_USE_FONT_COMPRESSED is not enabled in lv_conf.h lv_font_fmt_txt.c:213
[Warn]	(55.994, +0)	 draw_letter_cb: Couldn't get the bitmap of a glyph lv_draw_sw_letter.c:174
[Warn]	(55.994, +0)	 lv_font_get_bitmap_fmt_txt: Compressed fonts is used but LV_USE_FONT_COMPRESSED is not enabled in lv_conf.h lv_font_fmt_txt.c:213
[Warn]	(55.995, +1)	 draw_letter_cb: Couldn't get the bitmap of a glyph lv_draw_sw_letter.c:174
[Warn]	(55.995, +0)	 lv_font_get_bitmap_fmt_txt: Compressed fonts is used but LV_USE_FONT_COMPRESSED is not enabled in lv_conf.h lv_font_fmt_txt.c:213
[Warn]	(55.995, +0)	 draw_letter_cb: Couldn't get the bitmap of a glyph lv_draw_sw_letter.c:174
[Warn]	(55.996, +1)	 lv_font_get_bitmap_fmt_txt: Compressed fonts is used but LV_USE_FONT_COMPRESSED is not enabled in lv_conf.h lv_font_fmt_txt.c:213
[Warn]	(55.996, +0)	 draw_letter_cb: Couldn't get the bitmap of a glyph lv_draw_sw_letter.c:174
[Warn]	(55.996, +0)	 lv_font_get_bitmap_fmt_txt: Compressed fonts is used but LV_USE_FONT_COMPRESSED is not enabled in lv_conf.h lv_font_fmt_txt.c:213
[Warn]	(55.997, +1)	 draw_letter_cb: Couldn't get the bitmap of a glyph lv_draw_sw_letter.c:174
[Warn]	(55.997, +0)	 lv_font_get_bitmap_fmt_txt: Compressed fonts is used but LV_USE_FONT_COMPRESSED is not enabled in lv_conf.h lv_font_fmt_txt.c:213
[Warn]	(55.997, +0)	 draw_letter_cb: Couldn't get the bitmap of a glyph lv_draw_sw_letter.c:174
[Warn]	(55.998, +1)	 lv_font_get_bitmap_fmt_txt: Compressed fonts is used but LV_USE_FONT_COMPRESSED is not enabled in lv_conf.h lv_font_fmt_txt.c:213
[Warn]	(55.998, +0)	 draw_letter_cb: Couldn't get the bitmap of a glyph lv_draw_sw_letter.c:174
[Warn]	(55.998, +0)	 lv_font_get_bitmap_fmt_txt: Compressed fonts is used but LV_USE_FONT_COMPRESSED is not enabled in lv_conf.h lv_font_fmt_txt.c:213
[Warn]	(55.999, +1)	 draw_letter_cb: Couldn't get the bitmap of a glyph lv_draw_sw_letter.c:174
[Warn]	(55.999, +0)	 lv_font_get_bitmap_fmt_txt: Compressed fonts is used but LV_USE_FONT_COMPRESSED is not enabled in lv_conf.h lv_font_fmt_txt.c:213
[Warn]	(55.999, +0)	 draw_letter_cb: Couldn't get the bitmap of a glyph lv_draw_sw_letter.c:174
[Warn]	(55.999, +0)	 lv_font_get_bitmap_fmt_txt: Compressed fonts is used but LV_USE_FONT_COMPRESSED is not enabled in lv_conf.h lv_font_fmt_txt.c:213
[Warn]	(56.000, +1)	 draw_letter_cb: Couldn't get the bitmap of a glyph lv_draw_sw_letter.c:174
[Warn]	(56.050, +50)	 lv_font_get_bitmap_fmt_txt: Compressed fonts is used but LV_USE_FONT_COMPRESSED is not enabled in lv_conf.h lv_font_fmt_txt.c:213
[Warn]	(56.050, +0)	 draw_letter_cb: Couldn't get the bitmap of a glyph lv_draw_sw_letter.c:174
[Warn]	(56.051, +1)	 lv_font_get_bitmap_fmt_txt: Compressed fonts is used but LV_USE_FONT_COMPRESSED is not enabled in lv_conf.h lv_font_fmt_txt.c:213
[Warn]	(56.051, +0)	 draw_letter_cb: Couldn't get the bitmap of a glyph lv_draw_sw_letter.c:174
[Warn]	(56.051, +0)	 lv_font_get_bitmap_fmt_txt: Compressed fonts is used but LV_USE_FONT_COMPRESSED is not enabled in lv_conf.h lv_font_fmt_txt.c:213
[Warn]	(56.052, +1)	 draw_letter_cb: Couldn't get the bitmap of a glyph lv_draw_sw_letter.c:174
[Warn]	(56.052, +0)	 lv_font_get_bitmap_fmt_txt: Compressed fonts is used but LV_USE_FONT_COMPRESSED is not enabled in lv_conf.h lv_font_fmt_txt.c:213
[Warn]	(56.052, +0)	 draw_letter_cb: Couldn't get the bitmap of a glyph lv_draw_sw_letter.c:174
[Warn]	(56.052, +0)	 lv_font_get_bitmap_fmt_txt: Compressed fonts is used but LV_USE_FONT_COMPRESSED is not enabled in lv_conf.h lv_font_fmt_txt.c:213
[Warn]	(56.053, +1)	 draw_letter_cb: Couldn't get the bitmap of a glyph lv_draw_sw_letter.c:174
[Warn]	(56.053, +0)	 lv_font_get_bitmap_fmt_txt: Compressed fonts is used but LV_USE_FONT_COMPRESSED is not enabled in lv_conf.h lv_font_fmt_txt.c:213
[Warn]	(56.054, +1)	 draw_letter_cb: Couldn't get the bitmap of a glyph lv_draw_sw_letter.c:174
[Warn]	(56.054, +0)	 lv_font_get_bitmap_fmt_txt: Compressed fonts is used but LV_USE_FONT_COMPRESSED is not enabled in lv_conf.h lv_font_fmt_txt.c:213
[Warn]	(56.054, +0)	 draw_letter_cb: Couldn't get the bitmap of a glyph lv_draw_sw_letter.c:174
[Warn]	(56.055, +1)	 lv_font_get_bitmap_fmt_txt: Compressed fonts is used but LV_USE_FONT_COMPRESSED is not enabled in lv_conf.h lv_font_fmt_txt.c:213
[Warn]	(56.055, +0)	 draw_letter_cb: Couldn't get the bitmap of a glyph lv_draw_sw_letter.c:174
[Warn]	(56.055, +0)	 lv_font_get_bitmap_fmt_txt: Compressed fonts is used but LV_USE_FONT_COMPRESSED is not enabled in lv_conf.h lv_font_fmt_txt.c:213
[Warn]	(56.056, +1)	 draw_letter_cb: Couldn't get the bitmap of a glyph lv_draw_sw_letter.c:174
[Warn]	(56.056, +0)	 lv_font_get_bitmap_fmt_txt: Compressed fonts is used but LV_USE_FONT_COMPRESSED is not enabled in lv_conf.h lv_font_fmt_txt.c:213
[Warn]	(56.056, +0)	 draw_letter_cb: Couldn't get the bitmap of a glyph lv_draw_sw_letter.c:174
[Warn]	(56.056, +0)	 lv_font_get_bitmap_fmt_txt: Compressed fonts is used but LV_USE_FONT_COMPRESSED is not enabled in lv_conf.h lv_font_fmt_txt.c:213
[Warn]	(56.057, +1)	 draw_letter_cb: Couldn't get the bitmap of a glyph lv_draw_sw_letter.c:174
[Warn]	(56.057, +0)	 lv_font_get_bitmap_fmt_txt: Compressed fonts is used but LV_USE_FONT_COMPRESSED is not enabled in lv_conf.h lv_font_fmt_txt.c:213
[Warn]	(56.057, +0)	 draw_letter_cb: Couldn't get the bitmap of a glyph lv_draw_sw_letter.c:174
[Warn]	(56.058, +1)	 lv_font_get_bitmap_fmt_txt: Compressed fonts is used but LV_USE_FONT_COMPRESSED is not enabled in lv_conf.h lv_font_fmt_txt.c:213
[Warn]	(56.058, +0)	 draw_letter_cb: Couldn't get the bitmap of a glyph lv_draw_sw_letter.c:174
[Warn]	(56.058, +0)	 lv_font_get_bitmap_fmt_txt: Compressed fonts is used but LV_USE_FONT_COMPRESSED is not enabled in lv_conf.h lv_font_fmt_txt.c:213
[Warn]	(56.060, +2)	 draw_letter_cb: Couldn't get the bitmap of a glyph lv_draw_sw_letter.c:174
[Warn]	(56.061, +1)	 lv_font_get_bitmap_fmt_txt: Compressed fonts is used but LV_USE_FONT_COMPRESSED is not enabled in lv_conf.h lv_font_fmt_txt.c:213
[Warn]	(56.061, +0)	 draw_letter_cb: Couldn't get the bitmap of a glyph lv_draw_sw_letter.c:174
[Warn]	(56.061, +0)	 lv_font_get_bitmap_fmt_txt: Compressed fonts is used but LV_USE_FONT_COMPRESSED is not enabled in lv_conf.h lv_font_fmt_txt.c:213
[Warn]	(56.062, +1)	 draw_letter_cb: Couldn't get the bitmap of a glyph lv_draw_sw_letter.c:174
[Warn]	(56.062, +0)	 lv_font_get_bitmap_fmt_txt: Compressed fonts is used but LV_USE_FONT_COMPRESSED is not enabled in lv_conf.h lv_font_fmt_txt.c:213
[Warn]	(56.062, +0)	 draw_letter_cb: Couldn't get the bitmap of a glyph lv_draw_sw_letter.c:174
[Warn]	(56.063, +1)	 lv_font_get_bitmap_fmt_txt: Compressed fonts is used but LV_USE_FONT_COMPRESSED is not enabled in lv_conf.h lv_font_fmt_txt.c:213
[Warn]	(56.063, +0)	 draw_letter_cb: Couldn't get the bitmap of a glyph lv_draw_sw_letter.c:174
[Warn]	(56.063, +0)	 lv_font_get_bitmap_fmt_txt: Compressed fonts is used but LV_USE_FONT_COMPRESSED is not enabled in lv_conf.h lv_font_fmt_txt.c:213
[Warn]	(56.064, +1)	 draw_letter_cb: Couldn't get the bitmap of a glyph lv_draw_sw_letter.c:174
[Warn]	(56.064, +0)	 lv_font_get_bitmap_fmt_txt: Compressed fonts is used but LV_USE_FONT_COMPRESSED is not enabled in lv_conf.h lv_font_fmt_txt.c:213
[Warn]	(56.064, +0)	 draw_letter_cb: Couldn't get the bitmap of a glyph lv_draw_sw_letter.c:174
[Warn]	(56.065, +1)	 lv_font_get_bitmap_fmt_txt: Compressed fonts is used but LV_USE_FONT_COMPRESSED is not enabled in lv_conf.h lv_font_fmt_txt.c:213
[Warn]	(56.065, +0)	 draw_letter_cb: Couldn't get the bitmap of a glyph lv_draw_sw_letter.c:174
[Warn]	(56.083, +18)	 lv_font_get_bitmap_fmt_txt: Compressed fonts is used but LV_USE_FONT_COMPRESSED is not enabled in lv_conf.h lv_font_fmt_txt.c:213
[Warn]	(56.083, +0)	 draw_letter_cb: Couldn't get the bitmap of a glyph lv_draw_sw_letter.c:174
[Warn]	(56.084, +1)	 lv_font_get_bitmap_fmt_txt: Compressed fonts is used but LV_USE_FONT_COMPRESSED is not enabled in lv_conf.h lv_font_fmt_txt.c:213
[Warn]	(56.084, +0)	 draw_letter_cb: Couldn't get the bitmap of a glyph lv_draw_sw_letter.c:174
[Warn]	(56.084, +0)	 lv_font_get_bitmap_fmt_txt: Compressed fonts is used but LV_USE_FONT_COMPRESSED is not enabled in lv_conf.h lv_font_fmt_txt.c:213
[Warn]	(56.085, +1)	 draw_letter_cb: Couldn't get the bitmap of a glyph lv_draw_sw_letter.c:174
[Warn]	(56.085, +0)	 lv_font_get_bitmap_fmt_txt: Compressed fonts is used but LV_USE_FONT_COMPRESSED is not enabled in lv_conf.h lv_font_fmt_txt.c:213
[Warn]	(56.085, +0)	 draw_letter_cb: Couldn't get the bitmap of a glyph lv_draw_sw_letter.c:174
[Warn]	(56.086, +1)	 lv_font_get_bitmap_fmt_txt: Compressed fonts is used but LV_USE_FONT_COMPRESSED is not enabled in lv_conf.h lv_font_fmt_txt.c:213
[Warn]	(56.086, +0)	 draw_letter_cb: Couldn't get the bitmap of a glyph lv_draw_sw_letter.c:174
[Warn]	(56.086, +0)	 lv_font_get_bitmap_fmt_txt: Compressed fonts is used but LV_USE_FONT_COMPRESSED is not enabled in lv_conf.h lv_font_fmt_txt.c:213
[Warn]	(56.087, +1)	 draw_letter_cb: Couldn't get the bitmap of a glyph lv_draw_sw_letter.c:174
[Warn]	(56.087, +0)	 lv_font_get_bitmap_fmt_txt: Compressed fonts is used but LV_USE_FONT_COMPRESSED is not enabled in lv_conf.h lv_font_fmt_txt.c:213
[Warn]	(56.087, +0)	 draw_letter_cb: Couldn't get the bitmap of a glyph lv_draw_sw_letter.c:174
[Warn]	(56.087, +0)	 lv_font_get_bitmap_fmt_txt: Compressed fonts is used but LV_USE_FONT_COMPRESSED is not enabled in lv_conf.h lv_font_fmt_txt.c:213
[Warn]	(56.088, +1)	 draw_letter_cb: Couldn't get the bitmap of a glyph lv_draw_sw_letter.c:174
[Warn]	(56.088, +0)	 lv_font_get_bitmap_fmt_txt: Compressed fonts is used but LV_USE_FONT_COMPRESSED is not enabled in lv_conf.h lv_font_fmt_txt.c:213
[Warn]	(56.089, +1)	 draw_letter_cb: Couldn't get the bitmap of a glyph lv_draw_sw_letter.c:174
[Warn]	(56.089, +0)	 lv_font_get_bitmap_fmt_txt: Compressed fonts is used but LV_USE_FONT_COMPRESSED is not enabled in lv_conf.h lv_font_fmt_txt.c:213
[Warn]	(56.090, +1)	 draw_letter_cb: Couldn't get the bitmap of a glyph lv_draw_sw_letter.c:174
[Warn]	(56.090, +0)	 lv_font_get_bitmap_fmt_txt: Compressed fonts is used but LV_USE_FONT_COMPRESSED is not enabled in lv_conf.h lv_font_fmt_txt.c:213
[Warn]	(56.090, +0)	 draw_letter_cb: Couldn't get the bitmap of a glyph lv_draw_sw_letter.c:174
[Warn]	(56.090, +0)	 lv_font_get_bitmap_fmt_txt: Compressed fonts is used but LV_USE_FONT_COMPRESSED is not enabled in lv_conf.h lv_font_fmt_txt.c:213
[Warn]	(56.091, +1)	 draw_letter_cb: Couldn't get the bitmap of a glyph lv_draw_sw_letter.c:174
[Warn]	(56.091, +0)	 lv_font_get_bitmap_fmt_txt: Compressed fonts is used but LV_USE_FONT_COMPRESSED is not enabled in lv_conf.h lv_font_fmt_txt.c:213
[Warn]	(56.091, +0)	 draw_letter_cb: Couldn't get the bitmap of a glyph lv_draw_sw_letter.c:174
[Warn]	(56.092, +1)	 lv_font_get_bitmap_fmt_txt: Compressed fonts is used but LV_USE_FONT_COMPRESSED is not enabled in lv_conf.h lv_font_fmt_txt.c:213
[Warn]	(56.092, +0)	 draw_letter_cb: Couldn't get the bitmap of a glyph lv_draw_sw_letter.c:174
[Warn]	(56.092, +0)	 lv_font_get_bitmap_fmt_txt: Compressed fonts is used but LV_USE_FONT_COMPRESSED is not enabled in lv_conf.h lv_font_fmt_txt.c:213
[Warn]	(56.093, +1)	 draw_letter_cb: Couldn't get the bitmap of a glyph lv_draw_sw_letter.c:174
[Warn]	(56.093, +0)	 lv_font_get_bitmap_fmt_txt: Compressed fonts is used but LV_USE_FONT_COMPRESSED is not enabled in lv_conf.h lv_font_fmt_txt.c:213
[Warn]	(56.093, +0)	 draw_letter_cb: Couldn't get the bitmap of a glyph lv_draw_sw_letter.c:174
[Warn]	(56.094, +1)	 lv_font_get_bitmap_fmt_txt: Compressed fonts is used but LV_USE_FONT_COMPRESSED is not enabled in lv_conf.h lv_font_fmt_txt.c:213
[Warn]	(56.094, +0)	 draw_letter_cb: Couldn't get the bitmap of a glyph lv_draw_sw_letter.c:174
[Warn]	(56.094, +0)	 lv_font_get_bitmap_fmt_txt: Compressed fonts is used but LV_USE_FONT_COMPRESSED is not enabled in lv_conf.h lv_font_fmt_txt.c:213
[Warn]	(56.095, +1)	 draw_letter_cb: Couldn't get the bitmap of a glyph lv_draw_sw_letter.c:174
[Warn]	(56.095, +0)	 lv_font_get_bitmap_fmt_txt: Compressed fonts is used but LV_USE_FONT_COMPRESSED is not enabled in lv_conf.h lv_font_fmt_txt.c:213
[Warn]	(56.095, +0)	 draw_letter_cb: Couldn't get the bitmap of a glyph lv_draw_sw_letter.c:174
[Warn]	(56.095, +0)	 lv_font_get_bitmap_fmt_txt: Compressed fonts is used but LV_USE_FONT_COMPRESSED is not enabled in lv_conf.h lv_font_fmt_txt.c:213
[Warn]	(56.096, +1)	 draw_letter_cb: Couldn't get the bitmap of a glyph lv_draw_sw_letter.c:174
[Warn]	(56.096, +0)	 lv_font_get_bitmap_fmt_txt: Compressed fonts is used but LV_USE_FONT_COMPRESSED is not enabled in lv_conf.h lv_font_fmt_txt.c:213
[Warn]	(56.096, +0)	 draw_letter_cb: Couldn't get the bitmap of a glyph lv_draw_sw_letter.c:174
[Warn]	(56.118, +22)	 lv_font_get_bitmap_fmt_txt: Compressed fonts is used but LV_USE_FONT_COMPRESSED is not enabled in lv_conf.h lv_font_fmt_txt.c:213
[Warn]	(56.119, +1)	 draw_letter_cb: Couldn't get the bitmap of a glyph lv_draw_sw_letter.c:174
[Warn]	(56.119, +0)	 lv_font_get_bitmap_fmt_txt: Compressed fonts is used but LV_USE_FONT_COMPRESSED is not enabled in lv_conf.h lv_font_fmt_txt.c:213
[Warn]	(56.119, +0)	 draw_letter_cb: Couldn't get the bitmap of a glyph lv_draw_sw_letter.c:174
[Warn]	(56.120, +1)	 lv_font_get_bitmap_fmt_txt: Compressed fonts is used but LV_USE_FONT_COMPRESSED is not enabled in lv_conf.h lv_font_fmt_txt.c:213
[Warn]	(56.120, +0)	 draw_letter_cb: Couldn't get the bitmap of a glyph lv_draw_sw_letter.c:174
[Warn]	(56.120, +0)	 lv_font_get_bitmap_fmt_txt: Compressed fonts is used but LV_USE_FONT_COMPRESSED is not enabled in lv_conf.h lv_font_fmt_txt.c:213
[Warn]	(56.121, +1)	 draw_letter_cb: Couldn't get the bitmap of a glyph lv_draw_sw_letter.c:174
[Warn]	(56.121, +0)	 lv_font_get_bitmap_fmt_txt: Compressed fonts is used but LV_USE_FONT_COMPRESSED is not enabled in lv_conf.h lv_font_fmt_txt.c:213
[Warn]	(56.121, +0)	 draw_letter_cb: Couldn't get the bitmap of a glyph lv_draw_sw_letter.c:174
[Warn]	(56.121, +0)	 lv_font_get_bitmap_fmt_txt: Compressed fonts is used but LV_USE_FONT_COMPRESSED is not enabled in lv_conf.h lv_font_fmt_txt.c:213
[Warn]	(56.122, +1)	 draw_letter_cb: Couldn't get the bitmap of a glyph lv_draw_sw_letter.c:174
[Warn]	(56.122, +0)	 lv_font_get_bitmap_fmt_txt: Compressed fonts is used but LV_USE_FONT_COMPRESSED is not enabled in lv_conf.h lv_font_fmt_txt.c:213
[Warn]	(56.122, +0)	 draw_letter_cb: Couldn't get the bitmap of a glyph lv_draw_sw_letter.c:174
[Warn]	(56.123, +1)	 lv_font_get_bitmap_fmt_txt: Compressed fonts is used but LV_USE_FONT_COMPRESSED is not enabled in lv_conf.h lv_font_fmt_txt.c:213
[Warn]	(56.123, +0)	 draw_letter_cb: Couldn't get the bitmap of a glyph lv_draw_sw_letter.c:174
[Warn]	(56.123, +0)	 lv_font_get_bitmap_fmt_txt: Compressed fonts is used but LV_USE_FONT_COMPRESSED is not enabled in lv_conf.h lv_font_fmt_txt.c:213
[Warn]	(56.124, +1)	 draw_letter_cb: Couldn't get the bitmap of a glyph lv_draw_sw_letter.c:174
[Warn]	(56.124, +0)	 lv_font_get_bitmap_fmt_txt: Compressed fonts is used but LV_USE_FONT_COMPRESSED is not enabled in lv_conf.h lv_font_fmt_txt.c:213
[Warn]	(56.124, +0)	 draw_letter_cb: Couldn't get the bitmap of a glyph lv_draw_sw_letter.c:174
[Warn]	(56.125, +1)	 lv_font_get_bitmap_fmt_txt: Compressed fonts is used but LV_USE_FONT_COMPRESSED is not enabled in lv_conf.h lv_font_fmt_txt.c:213
[Warn]	(56.125, +0)	 draw_letter_cb: Couldn't get the bitmap of a glyph lv_draw_sw_letter.c:174
[Warn]	(56.125, +0)	 lv_font_get_bitmap_fmt_txt: Compressed fonts is used but LV_USE_FONT_COMPRESSED is not enabled in lv_conf.h lv_font_fmt_txt.c:213
[Warn]	(56.126, +1)	 draw_letter_cb: Couldn't get the bitmap of a glyph lv_draw_sw_letter.c:174
[Warn]	(56.126, +0)	 lv_font_get_bitmap_fmt_txt: Compressed fonts is used but LV_USE_FONT_COMPRESSED is not enabled in lv_conf.h lv_font_fmt_txt.c:213
[Warn]	(56.126, +0)	 draw_letter_cb: Couldn't get the bitmap of a glyph lv_draw_sw_letter.c:174
[Warn]	(56.126, +0)	 lv_font_get_bitmap_fmt_txt: Compressed fonts is used but LV_USE_FONT_COMPRESSED is not enabled in lv_conf.h lv_font_fmt_txt.c:213
[Warn]	(56.127, +1)	 draw_letter_cb: Couldn't get the bitmap of a glyph lv_draw_sw_letter.c:174
[Warn]	(56.127, +0)	 lv_font_get_bitmap_fmt_txt: Compressed fonts is used but LV_USE_FONT_COMPRESSED is not enabled in lv_conf.h lv_font_fmt_txt.c:213
[Warn]	(56.127, +0)	 draw_letter_cb: Couldn't get the bitmap of a glyph lv_draw_sw_letter.c:174
[Warn]	(56.128, +1)	 lv_font_get_bitmap_fmt_txt: Compressed fonts is used but LV_USE_FONT_COMPRESSED is not enabled in lv_conf.h lv_font_fmt_txt.c:213
[Warn]	(56.128, +0)	 draw_letter_cb: Couldn't get the bitmap of a glyph lv_draw_sw_letter.c:174
[Warn]	(56.128, +0)	 lv_font_get_bitmap_fmt_txt: Compressed fonts is used but LV_USE_FONT_COMPRESSED is not enabled in lv_conf.h lv_font_fmt_txt.c:213
[Warn]	(56.129, +1)	 draw_letter_cb: Couldn't get the bitmap of a glyph lv_draw_sw_letter.c:174
[Warn]	(56.129, +0)	 lv_font_get_bitmap_fmt_txt: Compressed fonts is used but LV_USE_FONT_COMPRESSED is not enabled in lv_conf.h lv_font_fmt_txt.c:213
[Warn]	(56.131, +2)	 draw_letter_cb: Couldn't get the bitmap of a glyph lv_draw_sw_letter.c:174
[Warn]	(56.131, +0)	 lv_font_get_bitmap_fmt_txt: Compressed fonts is used but LV_USE_FONT_COMPRESSED is not enabled in lv_conf.h lv_font_fmt_txt.c:213
[Warn]	(56.132, +1)	 draw_letter_cb: Couldn't get the bitmap of a glyph lv_draw_sw_letter.c:174
[Warn]	(56.132, +0)	 lv_font_get_bitmap_fmt_txt: Compressed fonts is used but LV_USE_FONT_COMPRESSED is not enabled in lv_conf.h lv_font_fmt_txt.c:213
[Warn]	(56.132, +0)	 draw_letter_cb: Couldn't get the bitmap of a glyph lv_draw_sw_letter.c:174
[Warn]	(56.133, +1)	 lv_font_get_bitmap_fmt_txt: Compressed fonts is used but LV_USE_FONT_COMPRESSED is not enabled in lv_conf.h lv_font_fmt_txt.c:213
[Warn]	(56.133, +0)	 draw_letter_cb: Couldn't get the bitmap of a glyph lv_draw_sw_letter.c:174
[Warn]	(56.151, +18)	 lv_font_get_bitmap_fmt_txt: Compressed fonts is used but LV_USE_FONT_COMPRESSED is not enabled in lv_conf.h lv_font_fmt_txt.c:213
[Warn]	(56.151, +0)	 draw_letter_cb: Couldn't get the bitmap of a glyph lv_draw_sw_letter.c:174
[Warn]	(56.152, +1)	 lv_font_get_bitmap_fmt_txt: Compressed fonts is used but LV_USE_FONT_COMPRESSED is not enabled in lv_conf.h lv_font_fmt_txt.c:213
[Warn]	(56.152, +0)	 draw_letter_cb: Couldn't get the bitmap of a glyph lv_draw_sw_letter.c:174
[Warn]	(56.152, +0)	 lv_font_get_bitmap_fmt_txt: Compressed fonts is used but LV_USE_FONT_COMPRESSED is not enabled in lv_conf.h lv_font_fmt_txt.c:213
[Warn]	(56.153, +1)	 draw_letter_cb: Couldn't get the bitmap of a glyph lv_draw_sw_letter.c:174
[Warn]	(56.153, +0)	 lv_font_get_bitmap_fmt_txt: Compressed fonts is used but LV_USE_FONT_COMPRESSED is not enabled in lv_conf.h lv_font_fmt_txt.c:213
[Warn]	(56.153, +0)	 draw_letter_cb: Couldn't get the bitmap of a glyph lv_draw_sw_letter.c:174
[Warn]	(56.154, +1)	 lv_font_get_bitmap_fmt_txt: Compressed fonts is used but LV_USE_FONT_COMPRESSED is not enabled in lv_conf.h lv_font_fmt_txt.c:213
[Warn]	(56.154, +0)	 draw_letter_cb: Couldn't get the bitmap of a glyph lv_draw_sw_letter.c:174
[Warn]	(56.154, +0)	 lv_font_get_bitmap_fmt_txt: Compressed fonts is used but LV_USE_FONT_COMPRESSED is not enabled in lv_conf.h lv_font_fmt_txt.c:213
[Warn]	(56.155, +1)	 draw_letter_cb: Couldn't get the bitmap of a glyph lv_draw_sw_letter.c:174
[Warn]	(56.155, +0)	 lv_font_get_bitmap_fmt_txt: Compressed fonts is used but LV_USE_FONT_COMPRESSED is not enabled in lv_conf.h lv_font_fmt_txt.c:213
[Warn]	(56.155, +0)	 draw_letter_cb: Couldn't get the bitmap of a glyph lv_draw_sw_letter.c:174
[Warn]	(56.156, +1)	 lv_font_get_bitmap_fmt_txt: Compressed fonts is used but LV_USE_FONT_COMPRESSED is not enabled in lv_conf.h lv_font_fmt_txt.c:213
[Warn]	(56.156, +0)	 draw_letter_cb: Couldn't get the bitmap of a glyph lv_draw_sw_letter.c:174
[Warn]	(56.156, +0)	 lv_font_get_bitmap_fmt_txt: Compressed fonts is used but LV_USE_FONT_COMPRESSED is not enabled in lv_conf.h lv_font_fmt_txt.c:213
[Warn]	(56.157, +1)	 draw_letter_cb: Couldn't get the bitmap of a glyph lv_draw_sw_letter.c:174
[Warn]	(56.157, +0)	 lv_font_get_bitmap_fmt_txt: Compressed fonts is used but LV_USE_FONT_COMPRESSED is not enabled in lv_conf.h lv_font_fmt_txt.c:213
[Warn]	(56.157, +0)	 draw_letter_cb: Couldn't get the bitmap of a glyph lv_draw_sw_letter.c:174
[Warn]	(56.158, +1)	 lv_font_get_bitmap_fmt_txt: Compressed fonts is used but LV_USE_FONT_COMPRESSED is not enabled in lv_conf.h lv_font_fmt_txt.c:213
[Warn]	(56.158, +0)	 draw_letter_cb: Couldn't get the bitmap of a glyph lv_draw_sw_letter.c:174
[Warn]	(56.158, +0)	 lv_font_get_bitmap_fmt_txt: Compressed fonts is used but LV_USE_FONT_COMPRESSED is not enabled in lv_conf.h lv_font_fmt_txt.c:213
[Warn]	(56.159, +1)	 draw_letter_cb: Couldn't get the bitmap of a glyph lv_draw_sw_letter.c:174
[Warn]	(56.159, +0)	 lv_font_get_bitmap_fmt_txt: Compressed fonts is used but LV_USE_FONT_COMPRESSED is not enabled in lv_conf.h lv_font_fmt_txt.c:213
[Warn]	(56.159, +0)	 draw_letter_cb: Couldn't get the bitmap of a glyph lv_draw_sw_letter.c:174
[Warn]	(56.159, +0)	 lv_font_get_bitmap_fmt_txt: Compressed fonts is used but LV_USE_FONT_COMPRESSED is not enabled in lv_conf.h lv_font_fmt_txt.c:213
[Warn]	(56.160, +1)	 draw_letter_cb: Couldn't get the bitmap of a glyph lv_draw_sw_letter.c:174
[Warn]	(56.160, +0)	 lv_font_get_bitmap_fmt_txt: Compressed fonts is used but LV_USE_FONT_COMPRESSED is not enabled in lv_conf.h lv_font_fmt_txt.c:213
[Warn]	(56.160, +0)	 draw_letter_cb: Couldn't get the bitmap of a glyph lv_draw_sw_letter.c:174
[Warn]	(56.161, +1)	 lv_font_get_bitmap_fmt_txt: Compressed fonts is used but LV_USE_FONT_COMPRESSED is not enabled in lv_conf.h lv_font_fmt_txt.c:213
[Warn]	(56.161, +0)	 draw_letter_cb: Couldn't get the bitmap of a glyph lv_draw_sw_letter.c:174
[Warn]	(56.161, +0)	 lv_font_get_bitmap_fmt_txt: Compressed fonts is used but LV_USE_FONT_COMPRESSED is not enabled in lv_conf.h lv_font_fmt_txt.c:213
[Warn]	(56.162, +1)	 draw_letter_cb: Couldn't get the bitmap of a glyph lv_draw_sw_letter.c:174
[Warn]	(56.162, +0)	 lv_font_get_bitmap_fmt_txt: Compressed fonts is used but LV_USE_FONT_COMPRESSED is not enabled in lv_conf.h lv_font_fmt_txt.c:213
[Warn]	(56.162, +0)	 draw_letter_cb: Couldn't get the bitmap of a glyph lv_draw_sw_letter.c:174
[Warn]	(56.163, +1)	 lv_font_get_bitmap_fmt_txt: Compressed fonts is used but LV_USE_FONT_COMPRESSED is not enabled in lv_conf.h lv_font_fmt_txt.c:213
[Warn]	(56.163, +0)	 draw_letter_cb: Couldn't get the bitmap of a glyph lv_draw_sw_letter.c:174
[Warn]	(56.163, +0)	 lv_font_get_bitmap_fmt_txt: Compressed fonts is used but LV_USE_FONT_COMPRESSED is not enabled in lv_conf.h lv_font_fmt_txt.c:213
[Warn]	(56.164, +1)	 draw_letter_cb: Couldn't get the bitmap of a glyph lv_draw_sw_letter.c:174
[Warn]	(56.164, +0)	 lv_font_get_bitmap_fmt_txt: Compressed fonts is used but LV_USE_FONT_COMPRESSED is not enabled in lv_conf.h lv_font_fmt_txt.c:213
[Warn]	(56.164, +0)	 draw_letter_cb: Couldn't get the bitmap of a glyph lv_draw_sw_letter.c:174
[Warn]	(56.185, +21)	 lv_font_get_bitmap_fmt_txt: Compressed fonts is used but LV_USE_FONT_COMPRESSED is not enabled in lv_conf.h lv_font_fmt_txt.c:213
[Warn]	(56.185, +0)	 draw_letter_cb: Couldn't get the bitmap of a glyph lv_draw_sw_letter.c:174
[Warn]	(56.186, +1)	 lv_font_get_bitmap_fmt_txt: Compressed fonts is used but LV_USE_FONT_COMPRESSED is not enabled in lv_conf.h lv_font_fmt_txt.c:213
[Warn]	(56.186, +0)	 draw_letter_cb: Couldn't get the bitmap of a glyph lv_draw_sw_letter.c:174
[Warn]	(56.186, +0)	 lv_font_get_bitmap_fmt_txt: Compressed fonts is used but LV_USE_FONT_COMPRESSED is not enabled in lv_conf.h lv_font_fmt_txt.c:213
[Warn]	(56.187, +1)	 draw_letter_cb: Couldn't get the bitmap of a glyph lv_draw_sw_letter.c:174
[Warn]	(56.187, +0)	 lv_font_get_bitmap_fmt_txt: Compressed fonts is used but LV_USE_FONT_COMPRESSED is not enabled in lv_conf.h lv_font_fmt_txt.c:213
[Warn]	(56.187, +0)	 draw_letter_cb: Couldn't get the bitmap of a glyph lv_draw_sw_letter.c:174
[Warn]	(56.188, +1)	 lv_font_get_bitmap_fmt_txt: Compressed fonts is used but LV_USE_FONT_COMPRESSED is not enabled in lv_conf.h lv_font_fmt_txt.c:213
[Warn]	(56.188, +0)	 draw_letter_cb: Couldn't get the bitmap of a glyph lv_draw_sw_letter.c:174
[Warn]	(56.188, +0)	 lv_font_get_bitmap_fmt_txt: Compressed fonts is used but LV_USE_FONT_COMPRESSED is not enabled in lv_conf.h lv_font_fmt_txt.c:213
[Warn]	(56.189, +1)	 draw_letter_cb: Couldn't get the bitmap of a glyph lv_draw_sw_letter.c:174
[Warn]	(56.189, +0)	 lv_font_get_bitmap_fmt_txt: Compressed fonts is used but LV_USE_FONT_COMPRESSED is not enabled in lv_conf.h lv_font_fmt_txt.c:213
[Warn]	(56.189, +0)	 draw_letter_cb: Couldn't get the bitmap of a glyph lv_draw_sw_letter.c:174
[Warn]	(56.189, +0)	 lv_font_get_bitmap_fmt_txt: Compressed fonts is used but LV_USE_FONT_COMPRESSED is not enabled in lv_conf.h lv_font_fmt_txt.c:213
[Warn]	(56.190, +1)	 draw_letter_cb: Couldn't get the bitmap of a glyph lv_draw_sw_letter.c:174
[Warn]	(56.190, +0)	 lv_font_get_bitmap_fmt_txt: Compressed fonts is used but LV_USE_FONT_COMPRESSED is not enabled in lv_conf.h lv_font_fmt_txt.c:213
[Warn]	(56.190, +0)	 draw_letter_cb: Couldn't get the bitmap of a glyph lv_draw_sw_letter.c:174
[Warn]	(56.191, +1)	 lv_font_get_bitmap_fmt_txt: Compressed fonts is used but LV_USE_FONT_COMPRESSED is not enabled in lv_conf.h lv_font_fmt_txt.c:213
[Warn]	(56.191, +0)	 draw_letter_cb: Couldn't get the bitmap of a glyph lv_draw_sw_letter.c:174
[Warn]	(56.191, +0)	 lv_font_get_bitmap_fmt_txt: Compressed fonts is used but LV_USE_FONT_COMPRESSED is not enabled in lv_conf.h lv_font_fmt_txt.c:213
[Warn]	(56.192, +1)	 draw_letter_cb: Couldn't get the bitmap of a glyph lv_draw_sw_letter.c:174
[Warn]	(56.192, +0)	 lv_font_get_bitmap_fmt_txt: Compressed fonts is used but LV_USE_FONT_COMPRESSED is not enabled in lv_conf.h lv_font_fmt_txt.c:213
[Warn]	(56.192, +0)	 draw_letter_cb: Couldn't get the bitmap of a glyph lv_draw_sw_letter.c:174
[Warn]	(56.193, +1)	 lv_font_get_bitmap_fmt_txt: Compressed fonts is used but LV_USE_FONT_COMPRESSED is not enabled in lv_conf.h lv_font_fmt_txt.c:213
[Warn]	(56.193, +0)	 draw_letter_cb: Couldn't get the bitmap of a glyph lv_draw_sw_letter.c:174
[Warn]	(56.193, +0)	 lv_font_get_bitmap_fmt_txt: Compressed fonts is used but LV_USE_FONT_COMPRESSED is not enabled in lv_conf.h lv_font_fmt_txt.c:213
[Warn]	(56.194, +1)	 draw_letter_cb: Couldn't get the bitmap of a glyph lv_draw_sw_letter.c:174
[Warn]	(56.194, +0)	 lv_font_get_bitmap_fmt_txt: Compressed fonts is used but LV_USE_FONT_COMPRESSED is not enabled in lv_conf.h lv_font_fmt_txt.c:213
[Warn]	(56.194, +0)	 draw_letter_cb: Couldn't get the bitmap of a glyph lv_draw_sw_letter.c:174
[Warn]	(56.194, +0)	 lv_font_get_bitmap_fmt_txt: Compressed fonts is used but LV_USE_FONT_COMPRESSED is not enabled in lv_conf.h lv_font_fmt_txt.c:213
[Warn]	(56.195, +1)	 draw_letter_cb: Couldn't get the bitmap of a glyph lv_draw_sw_letter.c:174
[Warn]	(56.195, +0)	 lv_font_get_bitmap_fmt_txt: Compressed fonts is used but LV_USE_FONT_COMPRESSED is not enabled in lv_conf.h lv_font_fmt_txt.c:213
[Warn]	(56.195, +0)	 draw_letter_cb: Couldn't get the bitmap of a glyph lv_draw_sw_letter.c:174
[Warn]	(56.196, +1)	 lv_font_get_bitmap_fmt_txt: Compressed fonts is used but LV_USE_FONT_COMPRESSED is not enabled in lv_conf.h lv_font_fmt_txt.c:213
[Warn]	(56.196, +0)	 draw_letter_cb: Couldn't get the bitmap of a glyph lv_draw_sw_letter.c:174
[Warn]	(56.196, +0)	 lv_font_get_bitmap_fmt_txt: Compressed fonts is used but LV_USE_FONT_COMPRESSED is not enabled in lv_conf.h lv_font_fmt_txt.c:213
[Warn]	(56.197, +1)	 draw_letter_cb: Couldn't get the bitmap of a glyph lv_draw_sw_letter.c:174
[Warn]	(56.197, +0)	 lv_font_get_bitmap_fmt_txt: Compressed fonts is used but LV_USE_FONT_COMPRESSED is not enabled in lv_conf.h lv_font_fmt_txt.c:213
[Warn]	(56.197, +0)	 draw_letter_cb: Couldn't get the bitmap of a glyph lv_draw_sw_letter.c:174
[Warn]	(56.198, +1)	 lv_font_get_bitmap_fmt_txt: Compressed fonts is used but LV_USE_FONT_COMPRESSED is not enabled in lv_conf.h lv_font_fmt_txt.c:213
[Warn]	(56.198, +0)	 draw_letter_cb: Couldn't get the bitmap of a glyph lv_draw_sw_letter.c:174
[Warn]	(56.218, +20)	 lv_font_get_bitmap_fmt_txt: Compressed fonts is used but LV_USE_FONT_COMPRESSED is not enabled in lv_conf.h lv_font_fmt_txt.c:213
[Warn]	(56.218, +0)	 draw_letter_cb: Couldn't get the bitmap of a glyph lv_draw_sw_letter.c:174
[Warn]	(56.219, +1)	 lv_font_get_bitmap_fmt_txt: Compressed fonts is used but LV_USE_FONT_COMPRESSED is not enabled in lv_conf.h lv_font_fmt_txt.c:213
[Warn]	(56.219, +0)	 draw_letter_cb: Couldn't get the bitmap of a glyph lv_draw_sw_letter.c:174
[Warn]	(56.219, +0)	 lv_font_get_bitmap_fmt_txt: Compressed fonts is used but LV_USE_FONT_COMPRESSED is not enabled in lv_conf.h lv_font_fmt_txt.c:213
[Warn]	(56.220, +1)	 draw_letter_cb: Couldn't get the bitmap of a glyph lv_draw_sw_letter.c:174
[Warn]	(56.220, +0)	 lv_font_get_bitmap_fmt_txt: Compressed fonts is used but LV_USE_FONT_COMPRESSED is not enabled in lv_conf.h lv_font_fmt_txt.c:213
[Warn]	(56.220, +0)	 draw_letter_cb: Couldn't get the bitmap of a glyph lv_draw_sw_letter.c:174
[Warn]	(56.221, +1)	 lv_font_get_bitmap_fmt_txt: Compressed fonts is used but LV_USE_FONT_COMPRESSED is not enabled in lv_conf.h lv_font_fmt_txt.c:213
[Warn]	(56.221, +0)	 draw_letter_cb: Couldn't get the bitmap of a glyph lv_draw_sw_letter.c:174
[Warn]	(56.221, +0)	 lv_font_get_bitmap_fmt_txt: Compressed fonts is used but LV_USE_FONT_COMPRESSED is not enabled in lv_conf.h lv_font_fmt_txt.c:213
[Warn]	(56.222, +1)	 draw_letter_cb: Couldn't get the bitmap of a glyph lv_draw_sw_letter.c:174
[Warn]	(56.222, +0)	 lv_font_get_bitmap_fmt_txt: Compressed fonts is used but LV_USE_FONT_COMPRESSED is not enabled in lv_conf.h lv_font_fmt_txt.c:213
[Warn]	(56.222, +0)	 draw_letter_cb: Couldn't get the bitmap of a glyph lv_draw_sw_letter.c:174
[Warn]	(56.222, +0)	 lv_font_get_bitmap_fmt_txt: Compressed fonts is used but LV_USE_FONT_COMPRESSED is not enabled in lv_conf.h lv_font_fmt_txt.c:213
[Warn]	(56.223, +1)	 draw_letter_cb: Couldn't get the bitmap of a glyph lv_draw_sw_letter.c:174
[Warn]	(56.223, +0)	 lv_font_get_bitmap_fmt_txt: Compressed fonts is used but LV_USE_FONT_COMPRESSED is not enabled in lv_conf.h lv_font_fmt_txt.c:213
[Warn]	(56.223, +0)	 draw_letter_cb: Couldn't get the bitmap of a glyph lv_draw_sw_letter.c:174
[Warn]	(56.224, +1)	 lv_font_get_bitmap_fmt_txt: Compressed fonts is used but LV_USE_FONT_COMPRESSED is not enabled in lv_conf.h lv_font_fmt_txt.c:213
[Warn]	(56.224, +0)	 draw_letter_cb: Couldn't get the bitmap of a glyph lv_draw_sw_letter.c:174
[Warn]	(56.224, +0)	 lv_font_get_bitmap_fmt_txt: Compressed fonts is used but LV_USE_FONT_COMPRESSED is not enabled in lv_conf.h lv_font_fmt_txt.c:213
[Warn]	(56.225, +1)	 draw_letter_cb: Couldn't get the bitmap of a glyph lv_draw_sw_letter.c:174
[Warn]	(56.225, +0)	 lv_font_get_bitmap_fmt_txt: Compressed fonts is used but LV_USE_FONT_COMPRESSED is not enabled in lv_conf.h lv_font_fmt_txt.c:213
[Warn]	(56.225, +0)	 draw_letter_cb: Couldn't get the bitmap of a glyph lv_draw_sw_letter.c:174
[Warn]	(56.226, +1)	 lv_font_get_bitmap_fmt_txt: Compressed fonts is used but LV_USE_FONT_COMPRESSED is not enabled in lv_conf.h lv_font_fmt_txt.c:213
[Warn]	(56.226, +0)	 draw_letter_cb: Couldn't get the bitmap of a glyph lv_draw_sw_letter.c:174
[Warn]	(56.226, +0)	 lv_font_get_bitmap_fmt_txt: Compressed fonts is used but LV_USE_FONT_COMPRESSED is not enabled in lv_conf.h lv_font_fmt_txt.c:213
[Warn]	(56.227, +1)	 draw_letter_cb: Couldn't get the bitmap of a glyph lv_draw_sw_letter.c:174
[Warn]	(56.227, +0)	 lv_font_get_bitmap_fmt_txt: Compressed fonts is used but LV_USE_FONT_COMPRESSED is not enabled in lv_conf.h lv_font_fmt_txt.c:213
[Warn]	(56.227, +0)	 draw_letter_cb: Couldn't get the bitmap of a glyph lv_draw_sw_letter.c:174
[Warn]	(56.227, +0)	 lv_font_get_bitmap_fmt_txt: Compressed fonts is used but LV_USE_FONT_COMPRESSED is not enabled in lv_conf.h lv_font_fmt_txt.c:213
[Warn]	(56.228, +1)	 draw_letter_cb: Couldn't get the bitmap of a glyph lv_draw_sw_letter.c:174
[Warn]	(56.228, +0)	 lv_font_get_bitmap_fmt_txt: Compressed fonts is used but LV_USE_FONT_COMPRESSED is not enabled in lv_conf.h lv_font_fmt_txt.c:213
[Warn]	(56.228, +0)	 draw_letter_cb: Couldn't get the bitmap of a glyph lv_draw_sw_letter.c:174
[Warn]	(56.229, +1)	 lv_font_get_bitmap_fmt_txt: Compressed fonts is used but LV_USE_FONT_COMPRESSED is not enabled in lv_conf.h lv_font_fmt_txt.c:213
[Warn]	(56.229, +0)	 draw_letter_cb: Couldn't get the bitmap of a glyph lv_draw_sw_letter.c:174
[Warn]	(56.229, +0)	 lv_font_get_bitmap_fmt_txt: Compressed fonts is used but LV_USE_FONT_COMPRESSED is not enabled in lv_conf.h lv_font_fmt_txt.c:213
[Warn]	(56.230, +1)	 draw_letter_cb: Couldn't get the bitmap of a glyph lv_draw_sw_letter.c:174
[Warn]	(56.230, +0)	 lv_font_get_bitmap_fmt_txt: Compressed fonts is used but LV_USE_FONT_COMPRESSED is not enabled in lv_conf.h lv_font_fmt_txt.c:213
[Warn]	(56.230, +0)	 draw_letter_cb: Couldn't get the bitmap of a glyph lv_draw_sw_letter.c:174
[Warn]	(56.231, +1)	 lv_font_get_bitmap_fmt_txt: Compressed fonts is used but LV_USE_FONT_COMPRESSED is not enabled in lv_conf.h lv_font_fmt_txt.c:213
[Warn]	(56.231, +0)	 draw_letter_cb: Couldn't get the bitmap of a glyph lv_draw_sw_letter.c:174
[Warn]	(56.251, +20)	 lv_font_get_bitmap_fmt_txt: Compressed fonts is used but LV_USE_FONT_COMPRESSED is not enabled in lv_conf.h lv_font_fmt_txt.c:213
[Warn]	(56.251, +0)	 draw_letter_cb: Couldn't get the bitmap of a glyph lv_draw_sw_letter.c:174
[Warn]	(56.252, +1)	 lv_font_get_bitmap_fmt_txt: Compressed fonts is used but LV_USE_FONT_COMPRESSED is not enabled in lv_conf.h lv_font_fmt_txt.c:213
[Warn]	(56.252, +0)	 draw_letter_cb: Couldn't get the bitmap of a glyph lv_draw_sw_letter.c:174
[Warn]	(56.252, +0)	 lv_font_get_bitmap_fmt_txt: Compressed fonts is used but LV_USE_FONT_COMPRESSED is not enabled in lv_conf.h lv_font_fmt_txt.c:213
[Warn]	(56.253, +1)	 draw_letter_cb: Couldn't get the bitmap of a glyph lv_draw_sw_letter.c:174
[Warn]	(56.253, +0)	 lv_font_get_bitmap_fmt_txt: Compressed fonts is used but LV_USE_FONT_COMPRESSED is not enabled in lv_conf.h lv_font_fmt_txt.c:213
[Warn]	(56.253, +0)	 draw_letter_cb: Couldn't get the bitmap of a glyph lv_draw_sw_letter.c:174
[Warn]	(56.253, +0)	 lv_font_get_bitmap_fmt_txt: Compressed fonts is used but LV_USE_FONT_COMPRESSED is not enabled in lv_conf.h lv_font_fmt_txt.c:213
[Warn]	(56.254, +1)	 draw_letter_cb: Couldn't get the bitmap of a glyph lv_draw_sw_letter.c:174
[Warn]	(56.254, +0)	 lv_font_get_bitmap_fmt_txt: Compressed fonts is used but LV_USE_FONT_COMPRESSED is not enabled in lv_conf.h lv_font_fmt_txt.c:213
[Warn]	(56.255, +1)	 draw_letter_cb: Couldn't get the bitmap of a glyph lv_draw_sw_letter.c:174
[Warn]	(56.255, +0)	 lv_font_get_bitmap_fmt_txt: Compressed fonts is used but LV_USE_FONT_COMPRESSED is not enabled in lv_conf.h lv_font_fmt_txt.c:213
[Warn]	(56.255, +0)	 draw_letter_cb: Couldn't get the bitmap of a glyph lv_draw_sw_letter.c:174
[Warn]	(56.255, +0)	 lv_font_get_bitmap_fmt_txt: Compressed fonts is used but LV_USE_FONT_COMPRESSED is not enabled in lv_conf.h lv_font_fmt_txt.c:213
[Warn]	(56.256, +1)	 draw_letter_cb: Couldn't get the bitmap of a glyph lv_draw_sw_letter.c:174
[Warn]	(56.256, +0)	 lv_font_get_bitmap_fmt_txt: Compressed fonts is used but LV_USE_FONT_COMPRESSED is not enabled in lv_conf.h lv_font_fmt_txt.c:213
[Warn]	(56.256, +0)	 draw_letter_cb: Couldn't get the bitmap of a glyph lv_draw_sw_letter.c:174
[Warn]	(56.257, +1)	 lv_font_get_bitmap_fmt_txt: Compressed fonts is used but LV_USE_FONT_COMPRESSED is not enabled in lv_conf.h lv_font_fmt_txt.c:213
[Warn]	(56.257, +0)	 draw_letter_cb: Couldn't get the bitmap of a glyph lv_draw_sw_letter.c:174
[Warn]	(56.257, +0)	 lv_font_get_bitmap_fmt_txt: Compressed fonts is used but LV_USE_FONT_COMPRESSED is not enabled in lv_conf.h lv_font_fmt_txt.c:213
[Warn]	(56.258, +1)	 draw_letter_cb: Couldn't get the bitmap of a glyph lv_draw_sw_letter.c:174
[Warn]	(56.258, +0)	 lv_font_get_bitmap_fmt_txt: Compressed fonts is used but LV_USE_FONT_COMPRESSED is not enabled in lv_conf.h lv_font_fmt_txt.c:213
[Warn]	(56.258, +0)	 draw_letter_cb: Couldn't get the bitmap of a glyph lv_draw_sw_letter.c:174
[Warn]	(56.259, +1)	 lv_font_get_bitmap_fmt_txt: Compressed fonts is used but LV_USE_FONT_COMPRESSED is not enabled in lv_conf.h lv_font_fmt_txt.c:213
[Warn]	(56.259, +0)	 draw_letter_cb: Couldn't get the bitmap of a glyph lv_draw_sw_letter.c:174
[Warn]	(56.259, +0)	 lv_font_get_bitmap_fmt_txt: Compressed fonts is used but LV_USE_FONT_COMPRESSED is not enabled in lv_conf.h lv_font_fmt_txt.c:213
[Warn]	(56.260, +1)	 draw_letter_cb: Couldn't get the bitmap of a glyph lv_draw_sw_letter.c:174
[Warn]	(56.260, +0)	 lv_font_get_bitmap_fmt_txt: Compressed fonts is used but LV_USE_FONT_COMPRESSED is not enabled in lv_conf.h lv_font_fmt_txt.c:213
[Warn]	(56.260, +0)	 draw_letter_cb: Couldn't get the bitmap of a glyph lv_draw_sw_letter.c:174
[Warn]	(56.260, +0)	 lv_font_get_bitmap_fmt_txt: Compressed fonts is used but LV_USE_FONT_COMPRESSED is not enabled in lv_conf.h lv_font_fmt_txt.c:213
[Warn]	(56.261, +1)	 draw_letter_cb: Couldn't get the bitmap of a glyph lv_draw_sw_letter.c:174
[Warn]	(56.261, +0)	 lv_font_get_bitmap_fmt_txt: Compressed fonts is used but LV_USE_FONT_COMPRESSED is not enabled in lv_conf.h lv_font_fmt_txt.c:213
[Warn]	(56.261, +0)	 draw_letter_cb: Couldn't get the bitmap of a glyph lv_draw_sw_letter.c:174
[Warn]	(56.262, +1)	 lv_font_get_bitmap_fmt_txt: Compressed fonts is used but LV_USE_FONT_COMPRESSED is not enabled in lv_conf.h lv_font_fmt_txt.c:213
[Warn]	(56.262, +0)	 draw_letter_cb: Couldn't get the bitmap of a glyph lv_draw_sw_letter.c:174
[Warn]	(56.262, +0)	 lv_font_get_bitmap_fmt_txt: Compressed fonts is used but LV_USE_FONT_COMPRESSED is not enabled in lv_conf.h lv_font_fmt_txt.c:213
[Warn]	(56.263, +1)	 draw_letter_cb: Couldn't get the bitmap of a glyph lv_draw_sw_letter.c:174
[Warn]	(56.263, +0)	 lv_font_get_bitmap_fmt_txt: Compressed fonts is used but LV_USE_FONT_COMPRESSED is not enabled in lv_conf.h lv_font_fmt_txt.c:213
[Warn]	(56.263, +0)	 draw_letter_cb: Couldn't get the bitmap of a glyph lv_draw_sw_letter.c:174
[Warn]	(56.264, +1)	 lv_font_get_bitmap_fmt_txt: Compressed fonts is used but LV_USE_FONT_COMPRESSED is not enabled in lv_conf.h lv_font_fmt_txt.c:213
[Warn]	(56.264, +0)	 draw_letter_cb: Couldn't get the bitmap of a glyph lv_draw_sw_letter.c:174
[Warn]	(56.299, +35)	 lv_font_get_bitmap_fmt_txt: Compressed fonts is used but LV_USE_FONT_COMPRESSED is not enabled in lv_conf.h lv_font_fmt_txt.c:213
[Warn]	(56.299, +0)	 draw_letter_cb: Couldn't get the bitmap of a glyph lv_draw_sw_letter.c:174
[Warn]	(56.300, +1)	 lv_font_get_bitmap_fmt_txt: Compressed fonts is used but LV_USE_FONT_COMPRESSED is not enabled in lv_conf.h lv_font_fmt_txt.c:213
[Warn]	(56.300, +0)	 draw_letter_cb: Couldn't get the bitmap of a glyph lv_draw_sw_letter.c:174
[Warn]	(56.300, +0)	 lv_font_get_bitmap_fmt_txt: Compressed fonts is used but LV_USE_FONT_COMPRESSED is not enabled in lv_conf.h lv_font_fmt_txt.c:213
[Warn]	(56.301, +1)	 draw_letter_cb: Couldn't get the bitmap of a glyph lv_draw_sw_letter.c:174
[Warn]	(56.301, +0)	 lv_font_get_bitmap_fmt_txt: Compressed fonts is used but LV_USE_FONT_COMPRESSED is not enabled in lv_conf.h lv_font_fmt_txt.c:213
[Warn]	(56.301, +0)	 draw_letter_cb: Couldn't get the bitmap of a glyph lv_draw_sw_letter.c:174
[Warn]	(56.302, +1)	 lv_font_get_bitmap_fmt_txt: Compressed fonts is used but LV_USE_FONT_COMPRESSED is not enabled in lv_conf.h lv_font_fmt_txt.c:213
[Warn]	(56.302, +0)	 draw_letter_cb: Couldn't get the bitmap of a glyph lv_draw_sw_letter.c:174
[Warn]	(56.302, +0)	 lv_font_get_bitmap_fmt_txt: Compressed fonts is used but LV_USE_FONT_COMPRESSED is not enabled in lv_conf.h lv_font_fmt_txt.c:213
[Warn]	(56.303, +1)	 draw_letter_cb: Couldn't get the bitmap of a glyph lv_draw_sw_letter.c:174
[Warn]	(56.303, +0)	 lv_font_get_bitmap_fmt_txt: Compressed fonts is used but LV_USE_FONT_COMPRESSED is not enabled in lv_conf.h lv_font_fmt_txt.c:213
[Warn]	(56.303, +0)	 draw_letter_cb: Couldn't get the bitmap of a glyph lv_draw_sw_letter.c:174
[Warn]	(56.303, +0)	 lv_font_get_bitmap_fmt_txt: Compressed fonts is used but LV_USE_FONT_COMPRESSED is not enabled in lv_conf.h lv_font_fmt_txt.c:213
[Warn]	(56.304, +1)	 draw_letter_cb: Couldn't get the bitmap of a glyph lv_draw_sw_letter.c:174
[Warn]	(56.304, +0)	 lv_font_get_bitmap_fmt_txt: Compressed fonts is used but LV_USE_FONT_COMPRESSED is not enabled in lv_conf.h lv_font_fmt_txt.c:213
[Warn]	(56.304, +0)	 draw_letter_cb: Couldn't get the bitmap of a glyph lv_draw_sw_letter.c:174
[Warn]	(56.305, +1)	 lv_font_get_bitmap_fmt_txt: Compressed fonts is used but LV_USE_FONT_COMPRESSED is not enabled in lv_conf.h lv_font_fmt_txt.c:213
[Warn]	(56.305, +0)	 draw_letter_cb: Couldn't get the bitmap of a glyph lv_draw_sw_letter.c:174
[Warn]	(56.305, +0)	 lv_font_get_bitmap_fmt_txt: Compressed fonts is used but LV_USE_FONT_COMPRESSED is not enabled in lv_conf.h lv_font_fmt_txt.c:213
[Warn]	(56.306, +1)	 draw_letter_cb: Couldn't get the bitmap of a glyph lv_draw_sw_letter.c:174
[Warn]	(56.306, +0)	 lv_font_get_bitmap_fmt_txt: Compressed fonts is used but LV_USE_FONT_COMPRESSED is not enabled in lv_conf.h lv_font_fmt_txt.c:213
[Warn]	(56.306, +0)	 draw_letter_cb: Couldn't get the bitmap of a glyph lv_draw_sw_letter.c:174
[Warn]	(56.307, +1)	 lv_font_get_bitmap_fmt_txt: Compressed fonts is used but LV_USE_FONT_COMPRESSED is not enabled in lv_conf.h lv_font_fmt_txt.c:213
[Warn]	(56.307, +0)	 draw_letter_cb: Couldn't get the bitmap of a glyph lv_draw_sw_letter.c:174
[Warn]	(56.307, +0)	 lv_font_get_bitmap_fmt_txt: Compressed fonts is used but LV_USE_FONT_COMPRESSED is not enabled in lv_conf.h lv_font_fmt_txt.c:213
[Warn]	(56.308, +1)	 draw_letter_cb: Couldn't get the bitmap of a glyph lv_draw_sw_letter.c:174
[Warn]	(56.308, +0)	 lv_font_get_bitmap_fmt_txt: Compressed fonts is used but LV_USE_FONT_COMPRESSED is not enabled in lv_conf.h lv_font_fmt_txt.c:213
[Warn]	(56.308, +0)	 draw_letter_cb: Couldn't get the bitmap of a glyph lv_draw_sw_letter.c:174
[Warn]	(56.308, +0)	 lv_font_get_bitmap_fmt_txt: Compressed fonts is used but LV_USE_FONT_COMPRESSED is not enabled in lv_conf.h lv_font_fmt_txt.c:213
[Warn]	(56.309, +1)	 draw_letter_cb: Couldn't get the bitmap of a glyph lv_draw_sw_letter.c:174
[Warn]	(56.309, +0)	 lv_font_get_bitmap_fmt_txt: Compressed fonts is used but LV_USE_FONT_COMPRESSED is not enabled in lv_conf.h lv_font_fmt_txt.c:213
[Warn]	(56.309, +0)	 draw_letter_cb: Couldn't get the bitmap of a glyph lv_draw_sw_letter.c:174
[Warn]	(56.310, +1)	 lv_font_get_bitmap_fmt_txt: Compressed fonts is used but LV_USE_FONT_COMPRESSED is not enabled in lv_conf.h lv_font_fmt_txt.c:213
[Warn]	(56.310, +0)	 draw_letter_cb: Couldn't get the bitmap of a glyph lv_draw_sw_letter.c:174
[Warn]	(56.310, +0)	 lv_font_get_bitmap_fmt_txt: Compressed fonts is used but LV_USE_FONT_COMPRESSED is not enabled in lv_conf.h lv_font_fmt_txt.c:213
[Warn]	(56.311, +1)	 draw_letter_cb: Couldn't get the bitmap of a glyph lv_draw_sw_letter.c:174
[Warn]	(56.311, +0)	 lv_font_get_bitmap_fmt_txt: Compressed fonts is used but LV_USE_FONT_COMPRESSED is not enabled in lv_conf.h lv_font_fmt_txt.c:213
[Warn]	(56.311, +0)	 draw_letter_cb: Couldn't get the bitmap of a glyph lv_draw_sw_letter.c:174
[Warn]	(56.312, +1)	 lv_font_get_bitmap_fmt_txt: Compressed fonts is used but LV_USE_FONT_COMPRESSED is not enabled in lv_conf.h lv_font_fmt_txt.c:213
[Warn]	(56.312, +0)	 draw_letter_cb: Couldn't get the bitmap of a glyph lv_draw_sw_letter.c:174
[Warn]	(56.345, +33)	 lv_font_get_bitmap_fmt_txt: Compressed fonts is used but LV_USE_FONT_COMPRESSED is not enabled in lv_conf.h lv_font_fmt_txt.c:213
[Warn]	(56.345, +0)	 draw_letter_cb: Couldn't get the bitmap of a glyph lv_draw_sw_letter.c:174
[Warn]	(56.346, +1)	 lv_font_get_bitmap_fmt_txt: Compressed fonts is used but LV_USE_FONT_COMPRESSED is not enabled in lv_conf.h lv_font_fmt_txt.c:213
[Warn]	(56.346, +0)	 draw_letter_cb: Couldn't get the bitmap of a glyph lv_draw_sw_letter.c:174
[Warn]	(56.346, +0)	 lv_font_get_bitmap_fmt_txt: Compressed fonts is used but LV_USE_FONT_COMPRESSED is not enabled in lv_conf.h lv_font_fmt_txt.c:213
[Warn]	(56.347, +1)	 draw_letter_cb: Couldn't get the bitmap of a glyph lv_draw_sw_letter.c:174
[Warn]	(56.347, +0)	 lv_font_get_bitmap_fmt_txt: Compressed fonts is used but LV_USE_FONT_COMPRESSED is not enabled in lv_conf.h lv_font_fmt_txt.c:213
[Warn]	(56.347, +0)	 draw_letter_cb: Couldn't get the bitmap of a glyph lv_draw_sw_letter.c:174
[Warn]	(56.347, +0)	 lv_font_get_bitmap_fmt_txt: Compressed fonts is used but LV_USE_FONT_COMPRESSED is not enabled in lv_conf.h lv_font_fmt_txt.c:213
[Warn]	(56.348, +1)	 draw_letter_cb: Couldn't get the bitmap of a glyph lv_draw_sw_letter.c:174
[Warn]	(56.348, +0)	 lv_font_get_bitmap_fmt_txt: Compressed fonts is used but LV_USE_FONT_COMPRESSED is not enabled in lv_conf.h lv_font_fmt_txt.c:213
[Warn]	(56.348, +0)	 draw_letter_cb: Couldn't get the bitmap of a glyph lv_draw_sw_letter.c:174
[Warn]	(56.349, +1)	 lv_font_get_bitmap_fmt_txt: Compressed fonts is used but LV_USE_FONT_COMPRESSED is not enabled in lv_conf.h lv_font_fmt_txt.c:213
[Warn]	(56.349, +0)	 draw_letter_cb: Couldn't get the bitmap of a glyph lv_draw_sw_letter.c:174
[Warn]	(56.349, +0)	 lv_font_get_bitmap_fmt_txt: Compressed fonts is used but LV_USE_FONT_COMPRESSED is not enabled in lv_conf.h lv_font_fmt_txt.c:213
[Warn]	(56.350, +1)	 draw_letter_cb: Couldn't get the bitmap of a glyph lv_draw_sw_letter.c:174
[Warn]	(56.350, +0)	 lv_font_get_bitmap_fmt_txt: Compressed fonts is used but LV_USE_FONT_COMPRESSED is not enabled in lv_conf.h lv_font_fmt_txt.c:213
[Warn]	(56.350, +0)	 draw_letter_cb: Couldn't get the bitmap of a glyph lv_draw_sw_letter.c:174
[Warn]	(56.351, +1)	 lv_font_get_bitmap_fmt_txt: Compressed fonts is used but LV_USE_FONT_COMPRESSED is not enabled in lv_conf.h lv_font_fmt_txt.c:213
[Warn]	(56.351, +0)	 draw_letter_cb: Couldn't get the bitmap of a glyph lv_draw_sw_letter.c:174
[Warn]	(56.351, +0)	 lv_font_get_bitmap_fmt_txt: Compressed fonts is used but LV_USE_FONT_COMPRESSED is not enabled in lv_conf.h lv_font_fmt_txt.c:213
[Warn]	(56.352, +1)	 draw_letter_cb: Couldn't get the bitmap of a glyph lv_draw_sw_letter.c:174
[Warn]	(56.352, +0)	 lv_font_get_bitmap_fmt_txt: Compressed fonts is used but LV_USE_FONT_COMPRESSED is not enabled in lv_conf.h lv_font_fmt_txt.c:213
[Warn]	(56.352, +0)	 draw_letter_cb: Couldn't get the bitmap of a glyph lv_draw_sw_letter.c:174
[Warn]	(56.353, +1)	 lv_font_get_bitmap_fmt_txt: Compressed fonts is used but LV_USE_FONT_COMPRESSED is not enabled in lv_conf.h lv_font_fmt_txt.c:213
[Warn]	(56.353, +0)	 draw_letter_cb: Couldn't get the bitmap of a glyph lv_draw_sw_letter.c:174
[Warn]	(56.353, +0)	 lv_font_get_bitmap_fmt_txt: Compressed fonts is used but LV_USE_FONT_COMPRESSED is not enabled in lv_conf.h lv_font_fmt_txt.c:213
[Warn]	(56.354, +1)	 draw_letter_cb: Couldn't get the bitmap of a glyph lv_draw_sw_letter.c:174
[Warn]	(56.354, +0)	 lv_font_get_bitmap_fmt_txt: Compressed fonts is used but LV_USE_FONT_COMPRESSED is not enabled in lv_conf.h lv_font_fmt_txt.c:213
[Warn]	(56.354, +0)	 draw_letter_cb: Couldn't get the bitmap of a glyph lv_draw_sw_letter.c:174
[Warn]	(56.354, +0)	 lv_font_get_bitmap_fmt_txt: Compressed fonts is used but LV_USE_FONT_COMPRESSED is not enabled in lv_conf.h lv_font_fmt_txt.c:213
[Warn]	(56.355, +1)	 draw_letter_cb: Couldn't get the bitmap of a glyph lv_draw_sw_letter.c:174
[Warn]	(56.355, +0)	 lv_font_get_bitmap_fmt_txt: Compressed fonts is used but LV_USE_FONT_COMPRESSED is not enabled in lv_conf.h lv_font_fmt_txt.c:213
[Warn]	(56.355, +0)	 draw_letter_cb: Couldn't get the bitmap of a glyph lv_draw_sw_letter.c:174
[Warn]	(56.356, +1)	 lv_font_get_bitmap_fmt_txt: Compressed fonts is used but LV_USE_FONT_COMPRESSED is not enabled in lv_conf.h lv_font_fmt_txt.c:213
[Warn]	(56.356, +0)	 draw_letter_cb: Couldn't get the bitmap of a glyph lv_draw_sw_letter.c:174
[Warn]	(56.356, +0)	 lv_font_get_bitmap_fmt_txt: Compressed fonts is used but LV_USE_FONT_COMPRESSED is not enabled in lv_conf.h lv_font_fmt_txt.c:213
[Warn]	(56.357, +1)	 draw_letter_cb: Couldn't get the bitmap of a glyph lv_draw_sw_letter.c:174
[Warn]	(56.357, +0)	 lv_font_get_bitmap_fmt_txt: Compressed fonts is used but LV_USE_FONT_COMPRESSED is not enabled in lv_conf.h lv_font_fmt_txt.c:213
[Warn]	(56.357, +0)	 draw_letter_cb: Couldn't get the bitmap of a glyph lv_draw_sw_letter.c:174
[Warn]	(56.358, +1)	 lv_font_get_bitmap_fmt_txt: Compressed fonts is used but LV_USE_FONT_COMPRESSED is not enabled in lv_conf.h lv_font_fmt_txt.c:213
[Warn]	(56.358, +0)	 draw_letter_cb: Couldn't get the bitmap of a glyph lv_draw_sw_letter.c:174
[Warn]	(56.378, +20)	 lv_font_get_bitmap_fmt_txt: Compressed fonts is used but LV_USE_FONT_COMPRESSED is not enabled in lv_conf.h lv_font_fmt_txt.c:213
[Warn]	(56.379, +1)	 draw_letter_cb: Couldn't get the bitmap of a glyph lv_draw_sw_letter.c:174
[Warn]	(56.379, +0)	 lv_font_get_bitmap_fmt_txt: Compressed fonts is used but LV_USE_FONT_COMPRESSED is not enabled in lv_conf.h lv_font_fmt_txt.c:213
[Warn]	(56.379, +0)	 draw_letter_cb: Couldn't get the bitmap of a glyph lv_draw_sw_letter.c:174
[Warn]	(56.379, +0)	 lv_font_get_bitmap_fmt_txt: Compressed fonts is used but LV_USE_FONT_COMPRESSED is not enabled in lv_conf.h lv_font_fmt_txt.c:213
[Warn]	(56.380, +1)	 draw_letter_cb: Couldn't get the bitmap of a glyph lv_draw_sw_letter.c:174
[Warn]	(56.380, +0)	 lv_font_get_bitmap_fmt_txt: Compressed fonts is used but LV_USE_FONT_COMPRESSED is not enabled in lv_conf.h lv_font_fmt_txt.c:213
[Warn]	(56.380, +0)	 draw_letter_cb: Couldn't get the bitmap of a glyph lv_draw_sw_letter.c:174
[Warn]	(56.381, +1)	 lv_font_get_bitmap_fmt_txt: Compressed fonts is used but LV_USE_FONT_COMPRESSED is not enabled in lv_conf.h lv_font_fmt_txt.c:213
[Warn]	(56.381, +0)	 draw_letter_cb: Couldn't get the bitmap of a glyph lv_draw_sw_letter.c:174
[Warn]	(56.381, +0)	 lv_font_get_bitmap_fmt_txt: Compressed fonts is used but LV_USE_FONT_COMPRESSED is not enabled in lv_conf.h lv_font_fmt_txt.c:213
[Warn]	(56.382, +1)	 draw_letter_cb: Couldn't get the bitmap of a glyph lv_draw_sw_letter.c:174
[Warn]	(56.382, +0)	 lv_font_get_bitmap_fmt_txt: Compressed fonts is used but LV_USE_FONT_COMPRESSED is not enabled in lv_conf.h lv_font_fmt_txt.c:213
[Warn]	(56.382, +0)	 draw_letter_cb: Couldn't get the bitmap of a glyph lv_draw_sw_letter.c:174
[Warn]	(56.383, +1)	 lv_font_get_bitmap_fmt_txt: Compressed fonts is used but LV_USE_FONT_COMPRESSED is not enabled in lv_conf.h lv_font_fmt_txt.c:213
[Warn]	(56.383, +0)	 draw_letter_cb: Couldn't get the bitmap of a glyph lv_draw_sw_letter.c:174
[Warn]	(56.383, +0)	 lv_font_get_bitmap_fmt_txt: Compressed fonts is used but LV_USE_FONT_COMPRESSED is not enabled in lv_conf.h lv_font_fmt_txt.c:213
[Warn]	(56.384, +1)	 draw_letter_cb: Couldn't get the bitmap of a glyph lv_draw_sw_letter.c:174
[Warn]	(56.384, +0)	 lv_font_get_bitmap_fmt_txt: Compressed fonts is used but LV_USE_FONT_COMPRESSED is not enabled in lv_conf.h lv_font_fmt_txt.c:213
[Warn]	(56.384, +0)	 draw_letter_cb: Couldn't get the bitmap of a glyph lv_draw_sw_letter.c:174
[Warn]	(56.384, +0)	 lv_font_get_bitmap_fmt_txt: Compressed fonts is used but LV_USE_FONT_COMPRESSED is not enabled in lv_conf.h lv_font_fmt_txt.c:213
[Warn]	(56.385, +1)	 draw_letter_cb: Couldn't get the bitmap of a glyph lv_draw_sw_letter.c:174
[Warn]	(56.385, +0)	 lv_font_get_bitmap_fmt_txt: Compressed fonts is used but LV_USE_FONT_COMPRESSED is not enabled in lv_conf.h lv_font_fmt_txt.c:213
[Warn]	(56.385, +0)	 draw_letter_cb: Couldn't get the bitmap of a glyph lv_draw_sw_letter.c:174
[Warn]	(56.386, +1)	 lv_font_get_bitmap_fmt_txt: Compressed fonts is used but LV_USE_FONT_COMPRESSED is not enabled in lv_conf.h lv_font_fmt_txt.c:213
[Warn]	(56.386, +0)	 draw_letter_cb: Couldn't get the bitmap of a glyph lv_draw_sw_letter.c:174
[Warn]	(56.386, +0)	 lv_font_get_bitmap_fmt_txt: Compressed fonts is used but LV_USE_FONT_COMPRESSED is not enabled in lv_conf.h lv_font_fmt_txt.c:213
[Warn]	(56.387, +1)	 draw_letter_cb: Couldn't get the bitmap of a glyph lv_draw_sw_letter.c:174
[Warn]	(56.387, +0)	 lv_font_get_bitmap_fmt_txt: Compressed fonts is used but LV_USE_FONT_COMPRESSED is not enabled in lv_conf.h lv_font_fmt_txt.c:213
[Warn]	(56.387, +0)	 draw_letter_cb: Couldn't get the bitmap of a glyph lv_draw_sw_letter.c:174
[Warn]	(56.388, +1)	 lv_font_get_bitmap_fmt_txt: Compressed fonts is used but LV_USE_FONT_COMPRESSED is not enabled in lv_conf.h lv_font_fmt_txt.c:213
[Warn]	(56.388, +0)	 draw_letter_cb: Couldn't get the bitmap of a glyph lv_draw_sw_letter.c:174
[Warn]	(56.388, +0)	 lv_font_get_bitmap_fmt_txt: Compressed fonts is used but LV_USE_FONT_COMPRESSED is not enabled in lv_conf.h lv_font_fmt_txt.c:213
[Warn]	(56.389, +1)	 draw_letter_cb: Couldn't get the bitmap of a glyph lv_draw_sw_letter.c:174
[Warn]	(56.389, +0)	 lv_font_get_bitmap_fmt_txt: Compressed fonts is used but LV_USE_FONT_COMPRESSED is not enabled in lv_conf.h lv_font_fmt_txt.c:213
[Warn]	(56.389, +0)	 draw_letter_cb: Couldn't get the bitmap of a glyph lv_draw_sw_letter.c:174
[Warn]	(56.389, +0)	 lv_font_get_bitmap_fmt_txt: Compressed fonts is used but LV_USE_FONT_COMPRESSED is not enabled in lv_conf.h lv_font_fmt_txt.c:213
[Warn]	(56.390, +1)	 draw_letter_cb: Couldn't get the bitmap of a glyph lv_draw_sw_letter.c:174
[Warn]	(56.390, +0)	 lv_font_get_bitmap_fmt_txt: Compressed fonts is used but LV_USE_FONT_COMPRESSED is not enabled in lv_conf.h lv_font_fmt_txt.c:213
[Warn]	(56.390, +0)	 draw_letter_cb: Couldn't get the bitmap of a glyph lv_draw_sw_letter.c:174
[Warn]	(56.391, +1)	 lv_font_get_bitmap_fmt_txt: Compressed fonts is used but LV_USE_FONT_COMPRESSED is not enabled in lv_conf.h lv_font_fmt_txt.c:213
[Warn]	(56.391, +0)	 draw_letter_cb: Couldn't get the bitmap of a glyph lv_draw_sw_letter.c:174
[Warn]	(56.523, +132)	 lv_font_get_bitmap_fmt_txt: Compressed fonts is used but LV_USE_FONT_COMPRESSED is not enabled in lv_conf.h lv_font_fmt_txt.c:213
[Warn]	(56.523, +0)	 draw_letter_cb: Couldn't get the bitmap of a glyph lv_draw_sw_letter.c:174
[Warn]	(56.524, +1)	 lv_font_get_bitmap_fmt_txt: Compressed fonts is used but LV_USE_FONT_COMPRESSED is not enabled in lv_conf.h lv_font_fmt_txt.c:213
[Warn]	(56.524, +0)	 draw_letter_cb: Couldn't get the bitmap of a glyph lv_draw_sw_letter.c:174
[Warn]	(56.524, +0)	 lv_font_get_bitmap_fmt_txt: Compressed fonts is used but LV_USE_FONT_COMPRESSED is not enabled in lv_conf.h lv_font_fmt_txt.c:213
[Warn]	(56.525, +1)	 draw_letter_cb: Couldn't get the bitmap of a glyph lv_draw_sw_letter.c:174
[Warn]	(56.525, +0)	 lv_font_get_bitmap_fmt_txt: Compressed fonts is used but LV_USE_FONT_COMPRESSED is not enabled in lv_conf.h lv_font_fmt_txt.c:213
[Warn]	(56.525, +0)	 draw_letter_cb: Couldn't get the bitmap of a glyph lv_draw_sw_letter.c:174
[Warn]	(56.526, +1)	 lv_font_get_bitmap_fmt_txt: Compressed fonts is used but LV_USE_FONT_COMPRESSED is not enabled in lv_conf.h lv_font_fmt_txt.c:213
[Warn]	(56.526, +0)	 draw_letter_cb: Couldn't get the bitmap of a glyph lv_draw_sw_letter.c:174
[Warn]	(56.526, +0)	 lv_font_get_bitmap_fmt_txt: Compressed fonts is used but LV_USE_FONT_COMPRESSED is not enabled in lv_conf.h lv_font_fmt_txt.c:213
[Warn]	(56.527, +1)	 draw_letter_cb: Couldn't get the bitmap of a glyph lv_draw_sw_letter.c:174
[Warn]	(56.527, +0)	 lv_font_get_bitmap_fmt_txt: Compressed fonts is used but LV_USE_FONT_COMPRESSED is not enabled in lv_conf.h lv_font_fmt_txt.c:213
[Warn]	(56.527, +0)	 draw_letter_cb: Couldn't get the bitmap of a glyph lv_draw_sw_letter.c:174
[Warn]	(56.527, +0)	 lv_font_get_bitmap_fmt_txt: Compressed fonts is used but LV_USE_FONT_COMPRESSED is not enabled in lv_conf.h lv_font_fmt_txt.c:213
[Warn]	(56.528, +1)	 draw_letter_cb: Couldn't get the bitmap of a glyph lv_draw_sw_letter.c:174
[Warn]	(56.528, +0)	 lv_font_get_bitmap_fmt_txt: Compressed fonts is used but LV_USE_FONT_COMPRESSED is not enabled in lv_conf.h lv_font_fmt_txt.c:213
[Warn]	(56.528, +0)	 draw_letter_cb: Couldn't get the bitmap of a glyph lv_draw_sw_letter.c:174
[Warn]	(56.529, +1)	 lv_font_get_bitmap_fmt_txt: Compressed fonts is used but LV_USE_FONT_COMPRESSED is not enabled in lv_conf.h lv_font_fmt_txt.c:213
[Warn]	(56.529, +0)	 draw_letter_cb: Couldn't get the bitmap of a glyph lv_draw_sw_letter.c:174
[Warn]	(56.529, +0)	 lv_font_get_bitmap_fmt_txt: Compressed fonts is used but LV_USE_FONT_COMPRESSED is not enabled in lv_conf.h lv_font_fmt_txt.c:213
[Warn]	(56.530, +1)	 draw_letter_cb: Couldn't get the bitmap of a glyph lv_draw_sw_letter.c:174
[Warn]	(56.530, +0)	 lv_font_get_bitmap_fmt_txt: Compressed fonts is used but LV_USE_FONT_COMPRESSED is not enabled in lv_conf.h lv_font_fmt_txt.c:213
[Warn]	(56.530, +0)	 draw_letter_cb: Couldn't get the bitmap of a glyph lv_draw_sw_letter.c:174
[Warn]	(56.531, +1)	 lv_font_get_bitmap_fmt_txt: Compressed fonts is used but LV_USE_FONT_COMPRESSED is not enabled in lv_conf.h lv_font_fmt_txt.c:213
[Warn]	(56.531, +0)	 draw_letter_cb: Couldn't get the bitmap of a glyph lv_draw_sw_letter.c:174
[Warn]	(56.531, +0)	 lv_font_get_bitmap_fmt_txt: Compressed fonts is used but LV_USE_FONT_COMPRESSED is not enabled in lv_conf.h lv_font_fmt_txt.c:213
[Warn]	(56.532, +1)	 draw_letter_cb: Couldn't get the bitmap of a glyph lv_draw_sw_letter.c:174
[Warn]	(56.532, +0)	 lv_font_get_bitmap_fmt_txt: Compressed fonts is used but LV_USE_FONT_COMPRESSED is not enabled in lv_conf.h lv_font_fmt_txt.c:213
[Warn]	(56.532, +0)	 draw_letter_cb: Couldn't get the bitmap of a glyph lv_draw_sw_letter.c:174
[Warn]	(56.532, +0)	 lv_font_get_bitmap_fmt_txt: Compressed fonts is used but LV_USE_FONT_COMPRESSED is not enabled in lv_conf.h lv_font_fmt_txt.c:213
[Warn]	(56.533, +1)	 draw_letter_cb: Couldn't get the bitmap of a glyph lv_draw_sw_letter.c:174
[Warn]	(56.533, +0)	 lv_font_get_bitmap_fmt_txt: Compressed fonts is used but LV_USE_FONT_COMPRESSED is not enabled in lv_conf.h lv_font_fmt_txt.c:213
[Warn]	(56.533, +0)	 draw_letter_cb: Couldn't get the bitmap of a glyph lv_draw_sw_letter.c:174
[Warn]	(56.534, +1)	 lv_font_get_bitmap_fmt_txt: Compressed fonts is used but LV_USE_FONT_COMPRESSED is not enabled in lv_conf.h lv_font_fmt_txt.c:213
[Warn]	(56.534, +0)	 draw_letter_cb: Couldn't get the bitmap of a glyph lv_draw_sw_letter.c:174
[Warn]	(56.534, +0)	 lv_font_get_bitmap_fmt_txt: Compressed fonts is used but LV_USE_FONT_COMPRESSED is not enabled in lv_conf.h lv_font_fmt_txt.c:213
[Warn]	(56.535, +1)	 draw_letter_cb: Couldn't get the bitmap of a glyph lv_draw_sw_letter.c:174
[Warn]	(56.535, +0)	 lv_font_get_bitmap_fmt_txt: Compressed fonts is used but LV_USE_FONT_COMPRESSED is not enabled in lv_conf.h lv_font_fmt_txt.c:213
[Warn]	(56.535, +0)	 draw_letter_cb: Couldn't get the bitmap of a glyph lv_draw_sw_letter.c:174
[Warn]	(56.536, +1)	 lv_font_get_bitmap_fmt_txt: Compressed fonts is used but LV_USE_FONT_COMPRESSED is not enabled in lv_conf.h lv_font_fmt_txt.c:213
[Warn]	(56.536, +0)	 draw_letter_cb: Couldn't get the bitmap of a glyph lv_draw_sw_letter.c:174
[Warn]	(56.536, +0)	 lv_font_get_bitmap_fmt_txt: Compressed fonts is used but LV_USE_FONT_COMPRESSED is not enabled in lv_conf.h lv_font_fmt_txt.c:213
[Warn]	(56.537, +1)	 draw_letter_cb: Couldn't get the bitmap of a glyph lv_draw_sw_letter.c:174
[Warn]	(56.537, +0)	 lv_font_get_bitmap_fmt_txt: Compressed fonts is used but LV_USE_FONT_COMPRESSED is not enabled in lv_conf.h lv_font_fmt_txt.c:213
[Warn]	(56.537, +0)	 draw_letter_cb: Couldn't get the bitmap of a glyph lv_draw_sw_letter.c:174
[Warn]	(56.541, +4)	 lv_font_get_bitmap_fmt_txt: Compressed fonts is used but LV_USE_FONT_COMPRESSED is not enabled in lv_conf.h lv_font_fmt_txt.c:213
[Warn]	(56.542, +1)	 draw_letter_cb: Couldn't get the bitmap of a glyph lv_draw_sw_letter.c:174
[Warn]	(56.542, +0)	 lv_font_get_bitmap_fmt_txt: Compressed fonts is used but LV_USE_FONT_COMPRESSED is not enabled in lv_conf.h lv_font_fmt_txt.c:213
[Warn]	(56.542, +0)	 draw_letter_cb: Couldn't get the bitmap of a glyph lv_draw_sw_letter.c:174
[Warn]	(56.562, +20)	 lv_font_get_bitmap_fmt_txt: Compressed fonts is used but LV_USE_FONT_COMPRESSED is not enabled in lv_conf.h lv_font_fmt_txt.c:213
[Warn]	(56.563, +1)	 draw_letter_cb: Couldn't get the bitmap of a glyph lv_draw_sw_letter.c:174
[Warn]	(56.563, +0)	 lv_font_get_bitmap_fmt_txt: Compressed fonts is used but LV_USE_FONT_COMPRESSED is not enabled in lv_conf.h lv_font_fmt_txt.c:213
[Warn]	(56.563, +0)	 draw_letter_cb: Couldn't get the bitmap of a glyph lv_draw_sw_letter.c:174
[Warn]	(56.563, +0)	 lv_font_get_bitmap_fmt_txt: Compressed fonts is used but LV_USE_FONT_COMPRESSED is not enabled in lv_conf.h lv_font_fmt_txt.c:213
[Warn]	(56.564, +1)	 draw_letter_cb: Couldn't get the bitmap of a glyph lv_draw_sw_letter.c:174
[Warn]	(56.564, +0)	 lv_font_get_bitmap_fmt_txt: Compressed fonts is used but LV_USE_FONT_COMPRESSED is not enabled in lv_conf.h lv_font_fmt_txt.c:213
[Warn]	(56.564, +0)	 draw_letter_cb: Couldn't get the bitmap of a glyph lv_draw_sw_letter.c:174
[Warn]	(56.565, +1)	 lv_font_get_bitmap_fmt_txt: Compressed fonts is used but LV_USE_FONT_COMPRESSED is not enabled in lv_conf.h lv_font_fmt_txt.c:213
[Warn]	(56.565, +0)	 draw_letter_cb: Couldn't get the bitmap of a glyph lv_draw_sw_letter.c:174
[Warn]	(56.565, +0)	 lv_font_get_bitmap_fmt_txt: Compressed fonts is used but LV_USE_FONT_COMPRESSED is not enabled in lv_conf.h lv_font_fmt_txt.c:213
[Warn]	(56.566, +1)	 draw_letter_cb: Couldn't get the bitmap of a glyph lv_draw_sw_letter.c:174
[Warn]	(56.566, +0)	 lv_font_get_bitmap_fmt_txt: Compressed fonts is used but LV_USE_FONT_COMPRESSED is not enabled in lv_conf.h lv_font_fmt_txt.c:213
[Warn]	(56.566, +0)	 draw_letter_cb: Couldn't get the bitmap of a glyph lv_draw_sw_letter.c:174
[Warn]	(56.567, +1)	 lv_font_get_bitmap_fmt_txt: Compressed fonts is used but LV_USE_FONT_COMPRESSED is not enabled in lv_conf.h lv_font_fmt_txt.c:213
[Warn]	(56.567, +0)	 draw_letter_cb: Couldn't get the bitmap of a glyph lv_draw_sw_letter.c:174
[Warn]	(56.567, +0)	 lv_font_get_bitmap_fmt_txt: Compressed fonts is used but LV_USE_FONT_COMPRESSED is not enabled in lv_conf.h lv_font_fmt_txt.c:213
[Warn]	(56.568, +1)	 draw_letter_cb: Couldn't get the bitmap of a glyph lv_draw_sw_letter.c:174
[Warn]	(56.568, +0)	 lv_font_get_bitmap_fmt_txt: Compressed fonts is used but LV_USE_FONT_COMPRESSED is not enabled in lv_conf.h lv_font_fmt_txt.c:213
[Warn]	(56.568, +0)	 draw_letter_cb: Couldn't get the bitmap of a glyph lv_draw_sw_letter.c:174
[Warn]	(56.568, +0)	 lv_font_get_bitmap_fmt_txt: Compressed fonts is used but LV_USE_FONT_COMPRESSED is not enabled in lv_conf.h lv_font_fmt_txt.c:213
[Warn]	(56.569, +1)	 draw_letter_cb: Couldn't get the bitmap of a glyph lv_draw_sw_letter.c:174
[Warn]	(56.569, +0)	 lv_font_get_bitmap_fmt_txt: Compressed fonts is used but LV_USE_FONT_COMPRESSED is not enabled in lv_conf.h lv_font_fmt_txt.c:213
[Warn]	(56.569, +0)	 draw_letter_cb: Couldn't get the bitmap of a glyph lv_draw_sw_letter.c:174
[Warn]	(56.570, +1)	 lv_font_get_bitmap_fmt_txt: Compressed fonts is used but LV_USE_FONT_COMPRESSED is not enabled in lv_conf.h lv_font_fmt_txt.c:213
[Warn]	(56.570, +0)	 draw_letter_cb: Couldn't get the bitmap of a glyph lv_draw_sw_letter.c:174
[Warn]	(56.570, +0)	 lv_font_get_bitmap_fmt_txt: Compressed fonts is used but LV_USE_FONT_COMPRESSED is not enabled in lv_conf.h lv_font_fmt_txt.c:213
[Warn]	(56.571, +1)	 draw_letter_cb: Couldn't get the bitmap of a glyph lv_draw_sw_letter.c:174
[Warn]	(56.571, +0)	 lv_font_get_bitmap_fmt_txt: Compressed fonts is used but LV_USE_FONT_COMPRESSED is not enabled in lv_conf.h lv_font_fmt_txt.c:213
[Warn]	(56.572, +1)	 draw_letter_cb: Couldn't get the bitmap of a glyph lv_draw_sw_letter.c:174
[Warn]	(56.572, +0)	 lv_font_get_bitmap_fmt_txt: Compressed fonts is used but LV_USE_FONT_COMPRESSED is not enabled in lv_conf.h lv_font_fmt_txt.c:213
[Warn]	(56.572, +0)	 draw_letter_cb: Couldn't get the bitmap of a glyph lv_draw_sw_letter.c:174
[Warn]	(56.572, +0)	 lv_font_get_bitmap_fmt_txt: Compressed fonts is used but LV_USE_FONT_COMPRESSED is not enabled in lv_conf.h lv_font_fmt_txt.c:213
[Warn]	(56.573, +1)	 draw_letter_cb: Couldn't get the bitmap of a glyph lv_draw_sw_letter.c:174
[Warn]	(56.573, +0)	 lv_font_get_bitmap_fmt_txt: Compressed fonts is used but LV_USE_FONT_COMPRESSED is not enabled in lv_conf.h lv_font_fmt_txt.c:213
[Warn]	(56.574, +1)	 draw_letter_cb: Couldn't get the bitmap of a glyph lv_draw_sw_letter.c:174
[Warn]	(56.576, +2)	 lv_font_get_bitmap_fmt_txt: Compressed fonts is used but LV_USE_FONT_COMPRESSED is not enabled in lv_conf.h lv_font_fmt_txt.c:213
[Warn]	(56.576, +0)	 draw_letter_cb: Couldn't get the bitmap of a glyph lv_draw_sw_letter.c:174
[Warn]	(56.576, +0)	 lv_font_get_bitmap_fmt_txt: Compressed fonts is used but LV_USE_FONT_COMPRESSED is not enabled in lv_conf.h lv_font_fmt_txt.c:213
[Warn]	(56.577, +1)	 draw_letter_cb: Couldn't get the bitmap of a glyph lv_draw_sw_letter.c:174
[Warn]	(56.577, +0)	 lv_font_get_bitmap_fmt_txt: Compressed fonts is used but LV_USE_FONT_COMPRESSED is not enabled in lv_conf.h lv_font_fmt_txt.c:213
[Warn]	(56.577, +0)	 draw_letter_cb: Couldn't get the bitmap of a glyph lv_draw_sw_letter.c:174
[Warn]	(56.578, +1)	 lv_font_get_bitmap_fmt_txt: Compressed fonts is used but LV_USE_FONT_COMPRESSED is not enabled in lv_conf.h lv_font_fmt_txt.c:213
[Warn]	(56.578, +0)	 draw_letter_cb: Couldn't get the bitmap of a glyph lv_draw_sw_letter.c:174
[Warn]	(56.578, +0)	 lv_font_get_bitmap_fmt_txt: Compressed fonts is used but LV_USE_FONT_COMPRESSED is not enabled in lv_conf.h lv_font_fmt_txt.c:213
[Warn]	(56.579, +1)	 draw_letter_cb: Couldn't get the bitmap of a glyph lv_draw_sw_letter.c:174
[Warn]	(56.595, +16)	 lv_font_get_bitmap_fmt_txt: Compressed fonts is used but LV_USE_FONT_COMPRESSED is not enabled in lv_conf.h lv_font_fmt_txt.c:213
[Warn]	(56.595, +0)	 draw_letter_cb: Couldn't get the bitmap of a glyph lv_draw_sw_letter.c:174
[Warn]	(56.596, +1)	 lv_font_get_bitmap_fmt_txt: Compressed fonts is used but LV_USE_FONT_COMPRESSED is not enabled in lv_conf.h lv_font_fmt_txt.c:213
[Warn]	(56.596, +0)	 draw_letter_cb: Couldn't get the bitmap of a glyph lv_draw_sw_letter.c:174
[Warn]	(56.596, +0)	 lv_font_get_bitmap_fmt_txt: Compressed fonts is used but LV_USE_FONT_COMPRESSED is not enabled in lv_conf.h lv_font_fmt_txt.c:213
[Warn]	(56.597, +1)	 draw_letter_cb: Couldn't get the bitmap of a glyph lv_draw_sw_letter.c:174
[Warn]	(56.597, +0)	 lv_font_get_bitmap_fmt_txt: Compressed fonts is used but LV_USE_FONT_COMPRESSED is not enabled in lv_conf.h lv_font_fmt_txt.c:213
[Warn]	(56.597, +0)	 draw_letter_cb: Couldn't get the bitmap of a glyph lv_draw_sw_letter.c:174
[Warn]	(56.598, +1)	 lv_font_get_bitmap_fmt_txt: Compressed fonts is used but LV_USE_FONT_COMPRESSED is not enabled in lv_conf.h lv_font_fmt_txt.c:213
[Warn]	(56.598, +0)	 draw_letter_cb: Couldn't get the bitmap of a glyph lv_draw_sw_letter.c:174
[Warn]	(56.598, +0)	 lv_font_get_bitmap_fmt_txt: Compressed fonts is used but LV_USE_FONT_COMPRESSED is not enabled in lv_conf.h lv_font_fmt_txt.c:213
[Warn]	(56.599, +1)	 draw_letter_cb: Couldn't get the bitmap of a glyph lv_draw_sw_letter.c:174
[Warn]	(56.599, +0)	 lv_font_get_bitmap_fmt_txt: Compressed fonts is used but LV_USE_FONT_COMPRESSED is not enabled in lv_conf.h lv_font_fmt_txt.c:213
[Warn]	(56.599, +0)	 draw_letter_cb: Couldn't get the bitmap of a glyph lv_draw_sw_letter.c:174
[Warn]	(56.599, +0)	 lv_font_get_bitmap_fmt_txt: Compressed fonts is used but LV_USE_FONT_COMPRESSED is not enabled in lv_conf.h lv_font_fmt_txt.c:213
[Warn]	(56.600, +1)	 draw_letter_cb: Couldn't get the bitmap of a glyph lv_draw_sw_letter.c:174
[Warn]	(56.600, +0)	 lv_font_get_bitmap_fmt_txt: Compressed fonts is used but LV_USE_FONT_COMPRESSED is not enabled in lv_conf.h lv_font_fmt_txt.c:213
[Warn]	(56.600, +0)	 draw_letter_cb: Couldn't get the bitmap of a glyph lv_draw_sw_letter.c:174
[Warn]	(56.601, +1)	 lv_font_get_bitmap_fmt_txt: Compressed fonts is used but LV_USE_FONT_COMPRESSED is not enabled in lv_conf.h lv_font_fmt_txt.c:213
[Warn]	(56.601, +0)	 draw_letter_cb: Couldn't get the bitmap of a glyph lv_draw_sw_letter.c:174
[Warn]	(56.601, +0)	 lv_font_get_bitmap_fmt_txt: Compressed fonts is used but LV_USE_FONT_COMPRESSED is not enabled in lv_conf.h lv_font_fmt_txt.c:213
[Warn]	(56.602, +1)	 draw_letter_cb: Couldn't get the bitmap of a glyph lv_draw_sw_letter.c:174
[Warn]	(56.602, +0)	 lv_font_get_bitmap_fmt_txt: Compressed fonts is used but LV_USE_FONT_COMPRESSED is not enabled in lv_conf.h lv_font_fmt_txt.c:213
[Warn]	(56.602, +0)	 draw_letter_cb: Couldn't get the bitmap of a glyph lv_draw_sw_letter.c:174
[Warn]	(56.603, +1)	 lv_font_get_bitmap_fmt_txt: Compressed fonts is used but LV_USE_FONT_COMPRESSED is not enabled in lv_conf.h lv_font_fmt_txt.c:213
[Warn]	(56.603, +0)	 draw_letter_cb: Couldn't get the bitmap of a glyph lv_draw_sw_letter.c:174
[Warn]	(56.603, +0)	 lv_font_get_bitmap_fmt_txt: Compressed fonts is used but LV_USE_FONT_COMPRESSED is not enabled in lv_conf.h lv_font_fmt_txt.c:213
[Warn]	(56.604, +1)	 draw_letter_cb: Couldn't get the bitmap of a glyph lv_draw_sw_letter.c:174
[Warn]	(56.604, +0)	 lv_font_get_bitmap_fmt_txt: Compressed fonts is used but LV_USE_FONT_COMPRESSED is not enabled in lv_conf.h lv_font_fmt_txt.c:213
[Warn]	(56.604, +0)	 draw_letter_cb: Couldn't get the bitmap of a glyph lv_draw_sw_letter.c:174
[Warn]	(56.604, +0)	 lv_font_get_bitmap_fmt_txt: Compressed fonts is used but LV_USE_FONT_COMPRESSED is not enabled in lv_conf.h lv_font_fmt_txt.c:213
[Warn]	(56.605, +1)	 draw_letter_cb: Couldn't get the bitmap of a glyph lv_draw_sw_letter.c:174
[Warn]	(56.605, +0)	 lv_font_get_bitmap_fmt_txt: Compressed fonts is used but LV_USE_FONT_COMPRESSED is not enabled in lv_conf.h lv_font_fmt_txt.c:213
[Warn]	(56.605, +0)	 draw_letter_cb: Couldn't get the bitmap of a glyph lv_draw_sw_letter.c:174
[Warn]	(56.606, +1)	 lv_font_get_bitmap_fmt_txt: Compressed fonts is used but LV_USE_FONT_COMPRESSED is not enabled in lv_conf.h lv_font_fmt_txt.c:213
[Warn]	(56.606, +0)	 draw_letter_cb: Couldn't get the bitmap of a glyph lv_draw_sw_letter.c:174
[Warn]	(56.606, +0)	 lv_font_get_bitmap_fmt_txt: Compressed fonts is used but LV_USE_FONT_COMPRESSED is not enabled in lv_conf.h lv_font_fmt_txt.c:213
[Warn]	(56.607, +1)	 draw_letter_cb: Couldn't get the bitmap of a glyph lv_draw_sw_letter.c:174
[Warn]	(56.607, +0)	 lv_font_get_bitmap_fmt_txt: Compressed fonts is used but LV_USE_FONT_COMPRESSED is not enabled in lv_conf.h lv_font_fmt_txt.c:213
[Warn]	(56.607, +0)	 draw_letter_cb: Couldn't get the bitmap of a glyph lv_draw_sw_letter.c:174
[Warn]	(56.608, +1)	 lv_font_get_bitmap_fmt_txt: Compressed fonts is used but LV_USE_FONT_COMPRESSED is not enabled in lv_conf.h lv_font_fmt_txt.c:213
[Warn]	(56.608, +0)	 draw_letter_cb: Couldn't get the bitmap of a glyph lv_draw_sw_letter.c:174
[Warn]	(56.608, +0)	 lv_font_get_bitmap_fmt_txt: Compressed fonts is used but LV_USE_FONT_COMPRESSED is not enabled in lv_conf.h lv_font_fmt_txt.c:213
[Warn]	(56.609, +1)	 draw_letter_cb: Couldn't get the bitmap of a glyph lv_draw_sw_letter.c:174
[Warn]	(56.609, +0)	 lv_font_get_bitmap_fmt_txt: Compressed fonts is used but LV_USE_FONT_COMPRESSED is not enabled in lv_conf.h lv_font_fmt_txt.c:213
[Warn]	(56.609, +0)	 draw_letter_cb: Couldn't get the bitmap of a glyph lv_draw_sw_letter.c:174
[Warn]	(56.628, +19)	 lv_font_get_bitmap_fmt_txt: Compressed fonts is used but LV_USE_FONT_COMPRESSED is not enabled in lv_conf.h lv_font_fmt_txt.c:213
[Warn]	(56.628, +0)	 draw_letter_cb: Couldn't get the bitmap of a glyph lv_draw_sw_letter.c:174
[Warn]	(56.629, +1)	 lv_font_get_bitmap_fmt_txt: Compressed fonts is used but LV_USE_FONT_COMPRESSED is not enabled in lv_conf.h lv_font_fmt_txt.c:213
[Warn]	(56.629, +0)	 draw_letter_cb: Couldn't get the bitmap of a glyph lv_draw_sw_letter.c:174
[Warn]	(56.629, +0)	 lv_font_get_bitmap_fmt_txt: Compressed fonts is used but LV_USE_FONT_COMPRESSED is not enabled in lv_conf.h lv_font_fmt_txt.c:213
[Warn]	(56.630, +1)	 draw_letter_cb: Couldn't get the bitmap of a glyph lv_draw_sw_letter.c:174
[Warn]	(56.630, +0)	 lv_font_get_bitmap_fmt_txt: Compressed fonts is used but LV_USE_FONT_COMPRESSED is not enabled in lv_conf.h lv_font_fmt_txt.c:213
[Warn]	(56.630, +0)	 draw_letter_cb: Couldn't get the bitmap of a glyph lv_draw_sw_letter.c:174
[Warn]	(56.631, +1)	 lv_font_get_bitmap_fmt_txt: Compressed fonts is used but LV_USE_FONT_COMPRESSED is not enabled in lv_conf.h lv_font_fmt_txt.c:213
[Warn]	(56.631, +0)	 draw_letter_cb: Couldn't get the bitmap of a glyph lv_draw_sw_letter.c:174
[Warn]	(56.631, +0)	 lv_font_get_bitmap_fmt_txt: Compressed fonts is used but LV_USE_FONT_COMPRESSED is not enabled in lv_conf.h lv_font_fmt_txt.c:213
[Warn]	(56.632, +1)	 draw_letter_cb: Couldn't get the bitmap of a glyph lv_draw_sw_letter.c:174
[Warn]	(56.632, +0)	 lv_font_get_bitmap_fmt_txt: Compressed fonts is used but LV_USE_FONT_COMPRESSED is not enabled in lv_conf.h lv_font_fmt_txt.c:213
[Warn]	(56.632, +0)	 draw_letter_cb: Couldn't get the bitmap of a glyph lv_draw_sw_letter.c:174
[Warn]	(56.632, +0)	 lv_font_get_bitmap_fmt_txt: Compressed fonts is used but LV_USE_FONT_COMPRESSED is not enabled in lv_conf.h lv_font_fmt_txt.c:213
[Warn]	(56.633, +1)	 draw_letter_cb: Couldn't get the bitmap of a glyph lv_draw_sw_letter.c:174
[Warn]	(56.633, +0)	 lv_font_get_bitmap_fmt_txt: Compressed fonts is used but LV_USE_FONT_COMPRESSED is not enabled in lv_conf.h lv_font_fmt_txt.c:213
[Warn]	(56.633, +0)	 draw_letter_cb: Couldn't get the bitmap of a glyph lv_draw_sw_letter.c:174
[Warn]	(56.634, +1)	 lv_font_get_bitmap_fmt_txt: Compressed fonts is used but LV_USE_FONT_COMPRESSED is not enabled in lv_conf.h lv_font_fmt_txt.c:213
[Warn]	(56.634, +0)	 draw_letter_cb: Couldn't get the bitmap of a glyph lv_draw_sw_letter.c:174
[Warn]	(56.634, +0)	 lv_font_get_bitmap_fmt_txt: Compressed fonts is used but LV_USE_FONT_COMPRESSED is not enabled in lv_conf.h lv_font_fmt_txt.c:213
[Warn]	(56.635, +1)	 draw_letter_cb: Couldn't get the bitmap of a glyph lv_draw_sw_letter.c:174
[Warn]	(56.635, +0)	 lv_font_get_bitmap_fmt_txt: Compressed fonts is used but LV_USE_FONT_COMPRESSED is not enabled in lv_conf.h lv_font_fmt_txt.c:213
[Warn]	(56.635, +0)	 draw_letter_cb: Couldn't get the bitmap of a glyph lv_draw_sw_letter.c:174
[Warn]	(56.636, +1)	 lv_font_get_bitmap_fmt_txt: Compressed fonts is used but LV_USE_FONT_COMPRESSED is not enabled in lv_conf.h lv_font_fmt_txt.c:213
[Warn]	(56.636, +0)	 draw_letter_cb: Couldn't get the bitmap of a glyph lv_draw_sw_letter.c:174
[Warn]	(56.636, +0)	 lv_font_get_bitmap_fmt_txt: Compressed fonts is used but LV_USE_FONT_COMPRESSED is not enabled in lv_conf.h lv_font_fmt_txt.c:213
[Warn]	(56.637, +1)	 draw_letter_cb: Couldn't get the bitmap of a glyph lv_draw_sw_letter.c:174
[Warn]	(56.637, +0)	 lv_font_get_bitmap_fmt_txt: Compressed fonts is used but LV_USE_FONT_COMPRESSED is not enabled in lv_conf.h lv_font_fmt_txt.c:213
[Warn]	(56.637, +0)	 draw_letter_cb: Couldn't get the bitmap of a glyph lv_draw_sw_letter.c:174
[Warn]	(56.637, +0)	 lv_font_get_bitmap_fmt_txt: Compressed fonts is used but LV_USE_FONT_COMPRESSED is not enabled in lv_conf.h lv_font_fmt_txt.c:213
[Warn]	(56.638, +1)	 draw_letter_cb: Couldn't get the bitmap of a glyph lv_draw_sw_letter.c:174
[Warn]	(56.638, +0)	 lv_font_get_bitmap_fmt_txt: Compressed fonts is used but LV_USE_FONT_COMPRESSED is not enabled in lv_conf.h lv_font_fmt_txt.c:213
[Warn]	(56.638, +0)	 draw_letter_cb: Couldn't get the bitmap of a glyph lv_draw_sw_letter.c:174
[Warn]	(56.639, +1)	 lv_font_get_bitmap_fmt_txt: Compressed fonts is used but LV_USE_FONT_COMPRESSED is not enabled in lv_conf.h lv_font_fmt_txt.c:213
[Warn]	(56.639, +0)	 draw_letter_cb: Couldn't get the bitmap of a glyph lv_draw_sw_letter.c:174
[Warn]	(56.639, +0)	 lv_font_get_bitmap_fmt_txt: Compressed fonts is used but LV_USE_FONT_COMPRESSED is not enabled in lv_conf.h lv_font_fmt_txt.c:213
[Warn]	(56.640, +1)	 draw_letter_cb: Couldn't get the bitmap of a glyph lv_draw_sw_letter.c:174
[Warn]	(56.640, +0)	 lv_font_get_bitmap_fmt_txt: Compressed fonts is used but LV_USE_FONT_COMPRESSED is not enabled in lv_conf.h lv_font_fmt_txt.c:213
[Warn]	(56.641, +1)	 draw_letter_cb: Couldn't get the bitmap of a glyph lv_draw_sw_letter.c:174
[Warn]	(56.642, +1)	 lv_font_get_bitmap_fmt_txt: Compressed fonts is used but LV_USE_FONT_COMPRESSED is not enabled in lv_conf.h lv_font_fmt_txt.c:213
[Warn]	(56.643, +1)	 draw_letter_cb: Couldn't get the bitmap of a glyph lv_draw_sw_letter.c:174
[Warn]	(56.643, +0)	 lv_font_get_bitmap_fmt_txt: Compressed fonts is used but LV_USE_FONT_COMPRESSED is not enabled in lv_conf.h lv_font_fmt_txt.c:213
[Warn]	(56.643, +0)	 draw_letter_cb: Couldn't get the bitmap of a glyph lv_draw_sw_letter.c:174
[Warn]	(56.644, +1)	 lv_font_get_bitmap_fmt_txt: Compressed fonts is used but LV_USE_FONT_COMPRESSED is not enabled in lv_conf.h lv_font_fmt_txt.c:213
[Warn]	(56.644, +0)	 draw_letter_cb: Couldn't get the bitmap of a glyph lv_draw_sw_letter.c:174
[Warn]	(56.661, +17)	 lv_font_get_bitmap_fmt_txt: Compressed fonts is used but LV_USE_FONT_COMPRESSED is not enabled in lv_conf.h lv_font_fmt_txt.c:213
[Warn]	(56.662, +1)	 draw_letter_cb: Couldn't get the bitmap of a glyph lv_draw_sw_letter.c:174
[Warn]	(56.662, +0)	 lv_font_get_bitmap_fmt_txt: Compressed fonts is used but LV_USE_FONT_COMPRESSED is not enabled in lv_conf.h lv_font_fmt_txt.c:213
[Warn]	(56.662, +0)	 draw_letter_cb: Couldn't get the bitmap of a glyph lv_draw_sw_letter.c:174
[Warn]	(56.662, +0)	 lv_font_get_bitmap_fmt_txt: Compressed fonts is used but LV_USE_FONT_COMPRESSED is not enabled in lv_conf.h lv_font_fmt_txt.c:213
[Warn]	(56.663, +1)	 draw_letter_cb: Couldn't get the bitmap of a glyph lv_draw_sw_letter.c:174
[Warn]	(56.663, +0)	 lv_font_get_bitmap_fmt_txt: Compressed fonts is used but LV_USE_FONT_COMPRESSED is not enabled in lv_conf.h lv_font_fmt_txt.c:213
[Warn]	(56.664, +1)	 draw_letter_cb: Couldn't get the bitmap of a glyph lv_draw_sw_letter.c:174
[Warn]	(56.664, +0)	 lv_font_get_bitmap_fmt_txt: Compressed fonts is used but LV_USE_FONT_COMPRESSED is not enabled in lv_conf.h lv_font_fmt_txt.c:213
[Warn]	(56.664, +0)	 draw_letter_cb: Couldn't get the bitmap of a glyph lv_draw_sw_letter.c:174
[Warn]	(56.665, +1)	 lv_font_get_bitmap_fmt_txt: Compressed fonts is used but LV_USE_FONT_COMPRESSED is not enabled in lv_conf.h lv_font_fmt_txt.c:213
[Warn]	(56.665, +0)	 draw_letter_cb: Couldn't get the bitmap of a glyph lv_draw_sw_letter.c:174
[Warn]	(56.665, +0)	 lv_font_get_bitmap_fmt_txt: Compressed fonts is used but LV_USE_FONT_COMPRESSED is not enabled in lv_conf.h lv_font_fmt_txt.c:213
[Warn]	(56.666, +1)	 draw_letter_cb: Couldn't get the bitmap of a glyph lv_draw_sw_letter.c:174
[Warn]	(56.666, +0)	 lv_font_get_bitmap_fmt_txt: Compressed fonts is used but LV_USE_FONT_COMPRESSED is not enabled in lv_conf.h lv_font_fmt_txt.c:213
[Warn]	(56.666, +0)	 draw_letter_cb: Couldn't get the bitmap of a glyph lv_draw_sw_letter.c:174
[Warn]	(56.666, +0)	 lv_font_get_bitmap_fmt_txt: Compressed fonts is used but LV_USE_FONT_COMPRESSED is not enabled in lv_conf.h lv_font_fmt_txt.c:213
[Warn]	(56.667, +1)	 draw_letter_cb: Couldn't get the bitmap of a glyph lv_draw_sw_letter.c:174
[Warn]	(56.667, +0)	 lv_font_get_bitmap_fmt_txt: Compressed fonts is used but LV_USE_FONT_COMPRESSED is not enabled in lv_conf.h lv_font_fmt_txt.c:213
[Warn]	(56.667, +0)	 draw_letter_cb: Couldn't get the bitmap of a glyph lv_draw_sw_letter.c:174
[Warn]	(56.668, +1)	 lv_font_get_bitmap_fmt_txt: Compressed fonts is used but LV_USE_FONT_COMPRESSED is not enabled in lv_conf.h lv_font_fmt_txt.c:213
[Warn]	(56.668, +0)	 draw_letter_cb: Couldn't get the bitmap of a glyph lv_draw_sw_letter.c:174
[Warn]	(56.668, +0)	 lv_font_get_bitmap_fmt_txt: Compressed fonts is used but LV_USE_FONT_COMPRESSED is not enabled in lv_conf.h lv_font_fmt_txt.c:213
[Warn]	(56.669, +1)	 draw_letter_cb: Couldn't get the bitmap of a glyph lv_draw_sw_letter.c:174
[Warn]	(56.669, +0)	 lv_font_get_bitmap_fmt_txt: Compressed fonts is used but LV_USE_FONT_COMPRESSED is not enabled in lv_conf.h lv_font_fmt_txt.c:213
[Warn]	(56.669, +0)	 draw_letter_cb: Couldn't get the bitmap of a glyph lv_draw_sw_letter.c:174
[Warn]	(56.670, +1)	 lv_font_get_bitmap_fmt_txt: Compressed fonts is used but LV_USE_FONT_COMPRESSED is not enabled in lv_conf.h lv_font_fmt_txt.c:213
[Warn]	(56.670, +0)	 draw_letter_cb: Couldn't get the bitmap of a glyph lv_draw_sw_letter.c:174
[Warn]	(56.671, +1)	 lv_font_get_bitmap_fmt_txt: Compressed fonts is used but LV_USE_FONT_COMPRESSED is not enabled in lv_conf.h lv_font_fmt_txt.c:213
[Warn]	(56.671, +0)	 draw_letter_cb: Couldn't get the bitmap of a glyph lv_draw_sw_letter.c:174
[Warn]	(56.671, +0)	 lv_font_get_bitmap_fmt_txt: Compressed fonts is used but LV_USE_FONT_COMPRESSED is not enabled in lv_conf.h lv_font_fmt_txt.c:213
[Warn]	(56.672, +1)	 draw_letter_cb: Couldn't get the bitmap of a glyph lv_draw_sw_letter.c:174
[Warn]	(56.672, +0)	 lv_font_get_bitmap_fmt_txt: Compressed fonts is used but LV_USE_FONT_COMPRESSED is not enabled in lv_conf.h lv_font_fmt_txt.c:213
[Warn]	(56.672, +0)	 draw_letter_cb: Couldn't get the bitmap of a glyph lv_draw_sw_letter.c:174
[Warn]	(56.673, +1)	 lv_font_get_bitmap_fmt_txt: Compressed fonts is used but LV_USE_FONT_COMPRESSED is not enabled in lv_conf.h lv_font_fmt_txt.c:213
[Warn]	(56.673, +0)	 draw_letter_cb: Couldn't get the bitmap of a glyph lv_draw_sw_letter.c:174
[Warn]	(56.673, +0)	 lv_font_get_bitmap_fmt_txt: Compressed fonts is used but LV_USE_FONT_COMPRESSED is not enabled in lv_conf.h lv_font_fmt_txt.c:213
[Warn]	(56.674, +1)	 draw_letter_cb: Couldn't get the bitmap of a glyph lv_draw_sw_letter.c:174
[Warn]	(56.674, +0)	 lv_font_get_bitmap_fmt_txt: Compressed fonts is used but LV_USE_FONT_COMPRESSED is not enabled in lv_conf.h lv_font_fmt_txt.c:213
[Warn]	(56.674, +0)	 draw_letter_cb: Couldn't get the bitmap of a glyph lv_draw_sw_letter.c:174
[Warn]	(56.674, +0)	 lv_font_get_bitmap_fmt_txt: Compressed fonts is used but LV_USE_FONT_COMPRESSED is not enabled in lv_conf.h lv_font_fmt_txt.c:213
[Warn]	(56.675, +1)	 draw_letter_cb: Couldn't get the bitmap of a glyph lv_draw_sw_letter.c:174
[Warn]	(56.675, +0)	 lv_font_get_bitmap_fmt_txt: Compressed fonts is used but LV_USE_FONT_COMPRESSED is not enabled in lv_conf.h lv_font_fmt_txt.c:213
[Warn]	(56.675, +0)	 draw_letter_cb: Couldn't get the bitmap of a glyph lv_draw_sw_letter.c:174
[Warn]	(56.676, +1)	 lv_font_get_bitmap_fmt_txt: Compressed fonts is used but LV_USE_FONT_COMPRESSED is not enabled in lv_conf.h lv_font_fmt_txt.c:213
[Warn]	(56.676, +0)	 draw_letter_cb: Couldn't get the bitmap of a glyph lv_draw_sw_letter.c:174
[Warn]	(56.698, +22)	 lv_font_get_bitmap_fmt_txt: Compressed fonts is used but LV_USE_FONT_COMPRESSED is not enabled in lv_conf.h lv_font_fmt_txt.c:213
[Warn]	(56.698, +0)	 draw_letter_cb: Couldn't get the bitmap of a glyph lv_draw_sw_letter.c:174
[Warn]	(56.699, +1)	 lv_font_get_bitmap_fmt_txt: Compressed fonts is used but LV_USE_FONT_COMPRESSED is not enabled in lv_conf.h lv_font_fmt_txt.c:213
[Warn]	(56.699, +0)	 draw_letter_cb: Couldn't get the bitmap of a glyph lv_draw_sw_letter.c:174
[Warn]	(56.699, +0)	 lv_font_get_bitmap_fmt_txt: Compressed fonts is used but LV_USE_FONT_COMPRESSED is not enabled in lv_conf.h lv_font_fmt_txt.c:213
[Warn]	(56.700, +1)	 draw_letter_cb: Couldn't get the bitmap of a glyph lv_draw_sw_letter.c:174
[Warn]	(56.700, +0)	 lv_font_get_bitmap_fmt_txt: Compressed fonts is used but LV_USE_FONT_COMPRESSED is not enabled in lv_conf.h lv_font_fmt_txt.c:213
[Warn]	(56.700, +0)	 draw_letter_cb: Couldn't get the bitmap of a glyph lv_draw_sw_letter.c:174
[Warn]	(56.701, +1)	 lv_font_get_bitmap_fmt_txt: Compressed fonts is used but LV_USE_FONT_COMPRESSED is not enabled in lv_conf.h lv_font_fmt_txt.c:213
[Warn]	(56.701, +0)	 draw_letter_cb: Couldn't get the bitmap of a glyph lv_draw_sw_letter.c:174
[Warn]	(56.701, +0)	 lv_font_get_bitmap_fmt_txt: Compressed fonts is used but LV_USE_FONT_COMPRESSED is not enabled in lv_conf.h lv_font_fmt_txt.c:213
[Warn]	(56.702, +1)	 draw_letter_cb: Couldn't get the bitmap of a glyph lv_draw_sw_letter.c:174
[Warn]	(56.702, +0)	 lv_font_get_bitmap_fmt_txt: Compressed fonts is used but LV_USE_FONT_COMPRESSED is not enabled in lv_conf.h lv_font_fmt_txt.c:213
[Warn]	(56.702, +0)	 draw_letter_cb: Couldn't get the bitmap of a glyph lv_draw_sw_letter.c:174
[Warn]	(56.702, +0)	 lv_font_get_bitmap_fmt_txt: Compressed fonts is used but LV_USE_FONT_COMPRESSED is not enabled in lv_conf.h lv_font_fmt_txt.c:213
[Warn]	(56.703, +1)	 draw_letter_cb: Couldn't get the bitmap of a glyph lv_draw_sw_letter.c:174
[Warn]	(56.703, +0)	 lv_font_get_bitmap_fmt_txt: Compressed fonts is used but LV_USE_FONT_COMPRESSED is not enabled in lv_conf.h lv_font_fmt_txt.c:213
[Warn]	(56.703, +0)	 draw_letter_cb: Couldn't get the bitmap of a glyph lv_draw_sw_letter.c:174
[Warn]	(56.704, +1)	 lv_font_get_bitmap_fmt_txt: Compressed fonts is used but LV_USE_FONT_COMPRESSED is not enabled in lv_conf.h lv_font_fmt_txt.c:213
[Warn]	(56.704, +0)	 draw_letter_cb: Couldn't get the bitmap of a glyph lv_draw_sw_letter.c:174
[Warn]	(56.704, +0)	 lv_font_get_bitmap_fmt_txt: Compressed fonts is used but LV_USE_FONT_COMPRESSED is not enabled in lv_conf.h lv_font_fmt_txt.c:213
[Warn]	(56.705, +1)	 draw_letter_cb: Couldn't get the bitmap of a glyph lv_draw_sw_letter.c:174
[Warn]	(56.705, +0)	 lv_font_get_bitmap_fmt_txt: Compressed fonts is used but LV_USE_FONT_COMPRESSED is not enabled in lv_conf.h lv_font_fmt_txt.c:213
[Warn]	(56.705, +0)	 draw_letter_cb: Couldn't get the bitmap of a glyph lv_draw_sw_letter.c:174
[Warn]	(56.706, +1)	 lv_font_get_bitmap_fmt_txt: Compressed fonts is used but LV_USE_FONT_COMPRESSED is not enabled in lv_conf.h lv_font_fmt_txt.c:213
[Warn]	(56.706, +0)	 draw_letter_cb: Couldn't get the bitmap of a glyph lv_draw_sw_letter.c:174
[Warn]	(56.706, +0)	 lv_font_get_bitmap_fmt_txt: Compressed fonts is used but LV_USE_FONT_COMPRESSED is not enabled in lv_conf.h lv_font_fmt_txt.c:213
[Warn]	(56.707, +1)	 draw_letter_cb: Couldn't get the bitmap of a glyph lv_draw_sw_letter.c:174
[Warn]	(56.707, +0)	 lv_font_get_bitmap_fmt_txt: Compressed fonts is used but LV_USE_FONT_COMPRESSED is not enabled in lv_conf.h lv_font_fmt_txt.c:213
[Warn]	(56.707, +0)	 draw_letter_cb: Couldn't get the bitmap of a glyph lv_draw_sw_letter.c:174
[Warn]	(56.707, +0)	 lv_font_get_bitmap_fmt_txt: Compressed fonts is used but LV_USE_FONT_COMPRESSED is not enabled in lv_conf.h lv_font_fmt_txt.c:213
[Warn]	(56.708, +1)	 draw_letter_cb: Couldn't get the bitmap of a glyph lv_draw_sw_letter.c:174
[Warn]	(56.708, +0)	 lv_font_get_bitmap_fmt_txt: Compressed fonts is used but LV_USE_FONT_COMPRESSED is not enabled in lv_conf.h lv_font_fmt_txt.c:213
[Warn]	(56.710, +2)	 draw_letter_cb: Couldn't get the bitmap of a glyph lv_draw_sw_letter.c:174
[Warn]	(56.711, +1)	 lv_font_get_bitmap_fmt_txt: Compressed fonts is used but LV_USE_FONT_COMPRESSED is not enabled in lv_conf.h lv_font_fmt_txt.c:213
[Warn]	(56.711, +0)	 draw_letter_cb: Couldn't get the bitmap of a glyph lv_draw_sw_letter.c:174
[Warn]	(56.711, +0)	 lv_font_get_bitmap_fmt_txt: Compressed fonts is used but LV_USE_FONT_COMPRESSED is not enabled in lv_conf.h lv_font_fmt_txt.c:213
[Warn]	(56.712, +1)	 draw_letter_cb: Couldn't get the bitmap of a glyph lv_draw_sw_letter.c:174
[Warn]	(56.712, +0)	 lv_font_get_bitmap_fmt_txt: Compressed fonts is used but LV_USE_FONT_COMPRESSED is not enabled in lv_conf.h lv_font_fmt_txt.c:213
[Warn]	(56.712, +0)	 draw_letter_cb: Couldn't get the bitmap of a glyph lv_draw_sw_letter.c:174
[Warn]	(56.712, +0)	 lv_font_get_bitmap_fmt_txt: Compressed fonts is used but LV_USE_FONT_COMPRESSED is not enabled in lv_conf.h lv_font_fmt_txt.c:213
[Warn]	(56.713, +1)	 draw_letter_cb: Couldn't get the bitmap of a glyph lv_draw_sw_letter.c:174
[Warn]	(56.713, +0)	 lv_font_get_bitmap_fmt_txt: Compressed fonts is used but LV_USE_FONT_COMPRESSED is not enabled in lv_conf.h lv_font_fmt_txt.c:213
[Warn]	(56.713, +0)	 draw_letter_cb: Couldn't get the bitmap of a glyph lv_draw_sw_letter.c:174
[Warn]	(56.714, +1)	 lv_font_get_bitmap_fmt_txt: Compressed fonts is used but LV_USE_FONT_COMPRESSED is not enabled in lv_conf.h lv_font_fmt_txt.c:213
[Warn]	(56.714, +0)	 draw_letter_cb: Couldn't get the bitmap of a glyph lv_draw_sw_letter.c:174
[Warn]	(56.737, +23)	 lv_font_get_bitmap_fmt_txt: Compressed fonts is used but LV_USE_FONT_COMPRESSED is not enabled in lv_conf.h lv_font_fmt_txt.c:213
[Warn]	(56.737, +0)	 draw_letter_cb: Couldn't get the bitmap of a glyph lv_draw_sw_letter.c:174
[Warn]	(56.738, +1)	 lv_font_get_bitmap_fmt_txt: Compressed fonts is used but LV_USE_FONT_COMPRESSED is not enabled in lv_conf.h lv_font_fmt_txt.c:213
[Warn]	(56.738, +0)	 draw_letter_cb: Couldn't get the bitmap of a glyph lv_draw_sw_letter.c:174
[Warn]	(56.738, +0)	 lv_font_get_bitmap_fmt_txt: Compressed fonts is used but LV_USE_FONT_COMPRESSED is not enabled in lv_conf.h lv_font_fmt_txt.c:213
[Warn]	(56.739, +1)	 draw_letter_cb: Couldn't get the bitmap of a glyph lv_draw_sw_letter.c:174
[Warn]	(56.739, +0)	 lv_font_get_bitmap_fmt_txt: Compressed fonts is used but LV_USE_FONT_COMPRESSED is not enabled in lv_conf.h lv_font_fmt_txt.c:213
[Warn]	(56.739, +0)	 draw_letter_cb: Couldn't get the bitmap of a glyph lv_draw_sw_letter.c:174
[Warn]	(56.740, +1)	 lv_font_get_bitmap_fmt_txt: Compressed fonts is used but LV_USE_FONT_COMPRESSED is not enabled in lv_conf.h lv_font_fmt_txt.c:213
[Warn]	(56.740, +0)	 draw_letter_cb: Couldn't get the bitmap of a glyph lv_draw_sw_letter.c:174
[Warn]	(56.740, +0)	 lv_font_get_bitmap_fmt_txt: Compressed fonts is used but LV_USE_FONT_COMPRESSED is not enabled in lv_conf.h lv_font_fmt_txt.c:213
[Warn]	(56.741, +1)	 draw_letter_cb: Couldn't get the bitmap of a glyph lv_draw_sw_letter.c:174
[Warn]	(56.741, +0)	 lv_font_get_bitmap_fmt_txt: Compressed fonts is used but LV_USE_FONT_COMPRESSED is not enabled in lv_conf.h lv_font_fmt_txt.c:213
[Warn]	(56.741, +0)	 draw_letter_cb: Couldn't get the bitmap of a glyph lv_draw_sw_letter.c:174
[Warn]	(56.741, +0)	 lv_font_get_bitmap_fmt_txt: Compressed fonts is used but LV_USE_FONT_COMPRESSED is not enabled in lv_conf.h lv_font_fmt_txt.c:213
[Warn]	(56.742, +1)	 draw_letter_cb: Couldn't get the bitmap of a glyph lv_draw_sw_letter.c:174
[Warn]	(56.742, +0)	 lv_font_get_bitmap_fmt_txt: Compressed fonts is used but LV_USE_FONT_COMPRESSED is not enabled in lv_conf.h lv_font_fmt_txt.c:213
[Warn]	(56.742, +0)	 draw_letter_cb: Couldn't get the bitmap of a glyph lv_draw_sw_letter.c:174
[Warn]	(56.743, +1)	 lv_font_get_bitmap_fmt_txt: Compressed fonts is used but LV_USE_FONT_COMPRESSED is not enabled in lv_conf.h lv_font_fmt_txt.c:213
[Warn]	(56.743, +0)	 draw_letter_cb: Couldn't get the bitmap of a glyph lv_draw_sw_letter.c:174
[Warn]	(56.743, +0)	 lv_font_get_bitmap_fmt_txt: Compressed fonts is used but LV_USE_FONT_COMPRESSED is not enabled in lv_conf.h lv_font_fmt_txt.c:213
[Warn]	(56.744, +1)	 draw_letter_cb: Couldn't get the bitmap of a glyph lv_draw_sw_letter.c:174
[Warn]	(56.744, +0)	 lv_font_get_bitmap_fmt_txt: Compressed fonts is used but LV_USE_FONT_COMPRESSED is not enabled in lv_conf.h lv_font_fmt_txt.c:213
[Warn]	(56.744, +0)	 draw_letter_cb: Couldn't get the bitmap of a glyph lv_draw_sw_letter.c:174
[Warn]	(56.745, +1)	 lv_font_get_bitmap_fmt_txt: Compressed fonts is used but LV_USE_FONT_COMPRESSED is not enabled in lv_conf.h lv_font_fmt_txt.c:213
[Warn]	(56.745, +0)	 draw_letter_cb: Couldn't get the bitmap of a glyph lv_draw_sw_letter.c:174
[Warn]	(56.745, +0)	 lv_font_get_bitmap_fmt_txt: Compressed fonts is used but LV_USE_FONT_COMPRESSED is not enabled in lv_conf.h lv_font_fmt_txt.c:213
[Warn]	(56.746, +1)	 draw_letter_cb: Couldn't get the bitmap of a glyph lv_draw_sw_letter.c:174
[Warn]	(56.746, +0)	 lv_font_get_bitmap_fmt_txt: Compressed fonts is used but LV_USE_FONT_COMPRESSED is not enabled in lv_conf.h lv_font_fmt_txt.c:213
[Warn]	(56.746, +0)	 draw_letter_cb: Couldn't get the bitmap of a glyph lv_draw_sw_letter.c:174
[Warn]	(56.746, +0)	 lv_font_get_bitmap_fmt_txt: Compressed fonts is used but LV_USE_FONT_COMPRESSED is not enabled in lv_conf.h lv_font_fmt_txt.c:213
[Warn]	(56.747, +1)	 draw_letter_cb: Couldn't get the bitmap of a glyph lv_draw_sw_letter.c:174
[Warn]	(56.747, +0)	 lv_font_get_bitmap_fmt_txt: Compressed fonts is used but LV_USE_FONT_COMPRESSED is not enabled in lv_conf.h lv_font_fmt_txt.c:213
[Warn]	(56.747, +0)	 draw_letter_cb: Couldn't get the bitmap of a glyph lv_draw_sw_letter.c:174
[Warn]	(56.748, +1)	 lv_font_get_bitmap_fmt_txt: Compressed fonts is used but LV_USE_FONT_COMPRESSED is not enabled in lv_conf.h lv_font_fmt_txt.c:213
[Warn]	(56.748, +0)	 draw_letter_cb: Couldn't get the bitmap of a glyph lv_draw_sw_letter.c:174
[Warn]	(56.748, +0)	 lv_font_get_bitmap_fmt_txt: Compressed fonts is used but LV_USE_FONT_COMPRESSED is not enabled in lv_conf.h lv_font_fmt_txt.c:213
[Warn]	(56.749, +1)	 draw_letter_cb: Couldn't get the bitmap of a glyph lv_draw_sw_letter.c:174
[Warn]	(56.749, +0)	 lv_font_get_bitmap_fmt_txt: Compressed fonts is used but LV_USE_FONT_COMPRESSED is not enabled in lv_conf.h lv_font_fmt_txt.c:213
[Warn]	(56.749, +0)	 draw_letter_cb: Couldn't get the bitmap of a glyph lv_draw_sw_letter.c:174
[Warn]	(56.750, +1)	 lv_font_get_bitmap_fmt_txt: Compressed fonts is used but LV_USE_FONT_COMPRESSED is not enabled in lv_conf.h lv_font_fmt_txt.c:213
[Warn]	(56.750, +0)	 draw_letter_cb: Couldn't get the bitmap of a glyph lv_draw_sw_letter.c:174
[Warn]	(56.750, +0)	 lv_font_get_bitmap_fmt_txt: Compressed fonts is used but LV_USE_FONT_COMPRESSED is not enabled in lv_conf.h lv_font_fmt_txt.c:213
[Warn]	(56.751, +1)	 draw_letter_cb: Couldn't get the bitmap of a glyph lv_draw_sw_letter.c:174
[Warn]	(56.751, +0)	 lv_font_get_bitmap_fmt_txt: Compressed fonts is used but LV_USE_FONT_COMPRESSED is not enabled in lv_conf.h lv_font_fmt_txt.c:213
[Warn]	(56.751, +0)	 draw_letter_cb: Couldn't get the bitmap of a glyph lv_draw_sw_letter.c:174
[Warn]	(57.301, +550)	 lv_font_get_bitmap_fmt_txt: Compressed fonts is used but LV_USE_FONT_COMPRESSED is not enabled in lv_conf.h lv_font_fmt_txt.c:213
[Warn]	(57.301, +0)	 draw_letter_cb: Couldn't get the bitmap of a glyph lv_draw_sw_letter.c:174
[Warn]	(57.302, +1)	 lv_font_get_bitmap_fmt_txt: Compressed fonts is used but LV_USE_FONT_COMPRESSED is not enabled in lv_conf.h lv_font_fmt_txt.c:213
[Warn]	(57.302, +0)	 draw_letter_cb: Couldn't get the bitmap of a glyph lv_draw_sw_letter.c:174
[Warn]	(57.303, +1)	 lv_font_get_bitmap_fmt_txt: Compressed fonts is used but LV_USE_FONT_COMPRESSED is not enabled in lv_conf.h lv_font_fmt_txt.c:213
[Warn]	(57.303, +0)	 draw_letter_cb: Couldn't get the bitmap of a glyph lv_draw_sw_letter.c:174
[Warn]	(57.303, +0)	 lv_font_get_bitmap_fmt_txt: Compressed fonts is used but LV_USE_FONT_COMPRESSED is not enabled in lv_conf.h lv_font_fmt_txt.c:213
[Warn]	(57.304, +1)	 draw_letter_cb: Couldn't get the bitmap of a glyph lv_draw_sw_letter.c:174
[Warn]	(57.304, +0)	 lv_font_get_bitmap_fmt_txt: Compressed fonts is used but LV_USE_FONT_COMPRESSED is not enabled in lv_conf.h lv_font_fmt_txt.c:213
[Warn]	(57.304, +0)	 draw_letter_cb: Couldn't get the bitmap of a glyph lv_draw_sw_letter.c:174
[Warn]	(57.304, +0)	 lv_font_get_bitmap_fmt_txt: Compressed fonts is used but LV_USE_FONT_COMPRESSED is not enabled in lv_conf.h lv_font_fmt_txt.c:213
[Warn]	(57.305, +1)	 draw_letter_cb: Couldn't get the bitmap of a glyph lv_draw_sw_letter.c:174
[Warn]	(57.305, +0)	 lv_font_get_bitmap_fmt_txt: Compressed fonts is used but LV_USE_FONT_COMPRESSED is not enabled in lv_conf.h lv_font_fmt_txt.c:213
[Warn]	(57.305, +0)	 draw_letter_cb: Couldn't get the bitmap of a glyph lv_draw_sw_letter.c:174
[Warn]	(57.306, +1)	 lv_font_get_bitmap_fmt_txt: Compressed fonts is used but LV_USE_FONT_COMPRESSED is not enabled in lv_conf.h lv_font_fmt_txt.c:213
[Warn]	(57.306, +0)	 draw_letter_cb: Couldn't get the bitmap of a glyph lv_draw_sw_letter.c:174
[Warn]	(57.306, +0)	 lv_font_get_bitmap_fmt_txt: Compressed fonts is used but LV_USE_FONT_COMPRESSED is not enabled in lv_conf.h lv_font_fmt_txt.c:213
[Warn]	(57.307, +1)	 draw_letter_cb: Couldn't get the bitmap of a glyph lv_draw_sw_letter.c:174
[Warn]	(57.307, +0)	 lv_font_get_bitmap_fmt_txt: Compressed fonts is used but LV_USE_FONT_COMPRESSED is not enabled in lv_conf.h lv_font_fmt_txt.c:213
[Warn]	(57.307, +0)	 draw_letter_cb: Couldn't get the bitmap of a glyph lv_draw_sw_letter.c:174
[Warn]	(57.308, +1)	 lv_font_get_bitmap_fmt_txt: Compressed fonts is used but LV_USE_FONT_COMPRESSED is not enabled in lv_conf.h lv_font_fmt_txt.c:213
[Warn]	(57.308, +0)	 draw_letter_cb: Couldn't get the bitmap of a glyph lv_draw_sw_letter.c:174
[Warn]	(57.308, +0)	 lv_font_get_bitmap_fmt_txt: Compressed fonts is used but LV_USE_FONT_COMPRESSED is not enabled in lv_conf.h lv_font_fmt_txt.c:213
[Warn]	(57.309, +1)	 draw_letter_cb: Couldn't get the bitmap of a glyph lv_draw_sw_letter.c:174
[Warn]	(57.309, +0)	 lv_font_get_bitmap_fmt_txt: Compressed fonts is used but LV_USE_FONT_COMPRESSED is not enabled in lv_conf.h lv_font_fmt_txt.c:213
[Warn]	(57.309, +0)	 draw_letter_cb: Couldn't get the bitmap of a glyph lv_draw_sw_letter.c:174
[Warn]	(57.309, +0)	 lv_font_get_bitmap_fmt_txt: Compressed fonts is used but LV_USE_FONT_COMPRESSED is not enabled in lv_conf.h lv_font_fmt_txt.c:213
[Warn]	(57.310, +1)	 draw_letter_cb: Couldn't get the bitmap of a glyph lv_draw_sw_letter.c:174
[Warn]	(57.310, +0)	 lv_font_get_bitmap_fmt_txt: Compressed fonts is used but LV_USE_FONT_COMPRESSED is not enabled in lv_conf.h lv_font_fmt_txt.c:213
[Warn]	(57.310, +0)	 draw_letter_cb: Couldn't get the bitmap of a glyph lv_draw_sw_letter.c:174
[Warn]	(57.311, +1)	 lv_font_get_bitmap_fmt_txt: Compressed fonts is used but LV_USE_FONT_COMPRESSED is not enabled in lv_conf.h lv_font_fmt_txt.c:213
[Warn]	(57.311, +0)	 draw_letter_cb: Couldn't get the bitmap of a glyph lv_draw_sw_letter.c:174
[Warn]	(57.311, +0)	 lv_font_get_bitmap_fmt_txt: Compressed fonts is used but LV_USE_FONT_COMPRESSED is not enabled in lv_conf.h lv_font_fmt_txt.c:213
[Warn]	(57.312, +1)	 draw_letter_cb: Couldn't get the bitmap of a glyph lv_draw_sw_letter.c:174
[Warn]	(57.312, +0)	 lv_font_get_bitmap_fmt_txt: Compressed fonts is used but LV_USE_FONT_COMPRESSED is not enabled in lv_conf.h lv_font_fmt_txt.c:213
[Warn]	(57.312, +0)	 draw_letter_cb: Couldn't get the bitmap of a glyph lv_draw_sw_letter.c:174
[Warn]	(57.313, +1)	 lv_font_get_bitmap_fmt_txt: Compressed fonts is used but LV_USE_FONT_COMPRESSED is not enabled in lv_conf.h lv_font_fmt_txt.c:213
[Warn]	(57.313, +0)	 draw_letter_cb: Couldn't get the bitmap of a glyph lv_draw_sw_letter.c:174
[Warn]	(57.313, +0)	 lv_font_get_bitmap_fmt_txt: Compressed fonts is used but LV_USE_FONT_COMPRESSED is not enabled in lv_conf.h lv_font_fmt_txt.c:213
[Warn]	(57.314, +1)	 draw_letter_cb: Couldn't get the bitmap of a glyph lv_draw_sw_letter.c:174
[Warn]	(57.314, +0)	 lv_font_get_bitmap_fmt_txt: Compressed fonts is used but LV_USE_FONT_COMPRESSED is not enabled in lv_conf.h lv_font_fmt_txt.c:213
[Warn]	(57.314, +0)	 draw_letter_cb: Couldn't get the bitmap of a glyph lv_draw_sw_letter.c:174
[Warn]	(57.314, +0)	 lv_font_get_bitmap_fmt_txt: Compressed fonts is used but LV_USE_FONT_COMPRESSED is not enabled in lv_conf.h lv_font_fmt_txt.c:213
[Warn]	(57.315, +1)	 draw_letter_cb: Couldn't get the bitmap of a glyph lv_draw_sw_letter.c:174
[Warn]	(57.315, +0)	 lv_font_get_bitmap_fmt_txt: Compressed fonts is used but LV_USE_FONT_COMPRESSED is not enabled in lv_conf.h lv_font_fmt_txt.c:213
[Warn]	(57.315, +0)	 draw_letter_cb: Couldn't get the bitmap of a glyph lv_draw_sw_letter.c:174
[Warn]	(57.340, +25)	 lv_font_get_bitmap_fmt_txt: Compressed fonts is used but LV_USE_FONT_COMPRESSED is not enabled in lv_conf.h lv_font_fmt_txt.c:213
[Warn]	(57.340, +0)	 draw_letter_cb: Couldn't get the bitmap of a glyph lv_draw_sw_letter.c:174
[Warn]	(57.341, +1)	 lv_font_get_bitmap_fmt_txt: Compressed fonts is used but LV_USE_FONT_COMPRESSED is not enabled in lv_conf.h lv_font_fmt_txt.c:213
[Warn]	(57.341, +0)	 draw_letter_cb: Couldn't get the bitmap of a glyph lv_draw_sw_letter.c:174
[Warn]	(57.341, +0)	 lv_font_get_bitmap_fmt_txt: Compressed fonts is used but LV_USE_FONT_COMPRESSED is not enabled in lv_conf.h lv_font_fmt_txt.c:213
[Warn]	(57.342, +1)	 draw_letter_cb: Couldn't get the bitmap of a glyph lv_draw_sw_letter.c:174
[Warn]	(57.342, +0)	 lv_font_get_bitmap_fmt_txt: Compressed fonts is used but LV_USE_FONT_COMPRESSED is not enabled in lv_conf.h lv_font_fmt_txt.c:213
[Warn]	(57.342, +0)	 draw_letter_cb: Couldn't get the bitmap of a glyph lv_draw_sw_letter.c:174
[Warn]	(57.343, +1)	 lv_font_get_bitmap_fmt_txt: Compressed fonts is used but LV_USE_FONT_COMPRESSED is not enabled in lv_conf.h lv_font_fmt_txt.c:213
[Warn]	(57.343, +0)	 draw_letter_cb: Couldn't get the bitmap of a glyph lv_draw_sw_letter.c:174
[Warn]	(57.343, +0)	 lv_font_get_bitmap_fmt_txt: Compressed fonts is used but LV_USE_FONT_COMPRESSED is not enabled in lv_conf.h lv_font_fmt_txt.c:213
[Warn]	(57.344, +1)	 draw_letter_cb: Couldn't get the bitmap of a glyph lv_draw_sw_letter.c:174
[Warn]	(57.344, +0)	 lv_font_get_bitmap_fmt_txt: Compressed fonts is used but LV_USE_FONT_COMPRESSED is not enabled in lv_conf.h lv_font_fmt_txt.c:213
[Warn]	(57.344, +0)	 draw_letter_cb: Couldn't get the bitmap of a glyph lv_draw_sw_letter.c:174
[Warn]	(57.345, +1)	 lv_font_get_bitmap_fmt_txt: Compressed fonts is used but LV_USE_FONT_COMPRESSED is not enabled in lv_conf.h lv_font_fmt_txt.c:213
[Warn]	(57.345, +0)	 draw_letter_cb: Couldn't get the bitmap of a glyph lv_draw_sw_letter.c:174
[Warn]	(57.345, +0)	 lv_font_get_bitmap_fmt_txt: Compressed fonts is used but LV_USE_FONT_COMPRESSED is not enabled in lv_conf.h lv_font_fmt_txt.c:213
[Warn]	(57.346, +1)	 draw_letter_cb: Couldn't get the bitmap of a glyph lv_draw_sw_letter.c:174
[Warn]	(57.346, +0)	 lv_font_get_bitmap_fmt_txt: Compressed fonts is used but LV_USE_FONT_COMPRESSED is not enabled in lv_conf.h lv_font_fmt_txt.c:213
[Warn]	(57.346, +0)	 draw_letter_cb: Couldn't get the bitmap of a glyph lv_draw_sw_letter.c:174
[Warn]	(57.346, +0)	 lv_font_get_bitmap_fmt_txt: Compressed fonts is used but LV_USE_FONT_COMPRESSED is not enabled in lv_conf.h lv_font_fmt_txt.c:213
[Warn]	(57.347, +1)	 draw_letter_cb: Couldn't get the bitmap of a glyph lv_draw_sw_letter.c:174
[Warn]	(57.347, +0)	 lv_font_get_bitmap_fmt_txt: Compressed fonts is used but LV_USE_FONT_COMPRESSED is not enabled in lv_conf.h lv_font_fmt_txt.c:213
[Warn]	(57.347, +0)	 draw_letter_cb: Couldn't get the bitmap of a glyph lv_draw_sw_letter.c:174
[Warn]	(57.348, +1)	 lv_font_get_bitmap_fmt_txt: Compressed fonts is used but LV_USE_FONT_COMPRESSED is not enabled in lv_conf.h lv_font_fmt_txt.c:213
[Warn]	(57.348, +0)	 draw_letter_cb: Couldn't get the bitmap of a glyph lv_draw_sw_letter.c:174
[Warn]	(57.348, +0)	 lv_font_get_bitmap_fmt_txt: Compressed fonts is used but LV_USE_FONT_COMPRESSED is not enabled in lv_conf.h lv_font_fmt_txt.c:213
[Warn]	(57.349, +1)	 draw_letter_cb: Couldn't get the bitmap of a glyph lv_draw_sw_letter.c:174
[Warn]	(57.349, +0)	 lv_font_get_bitmap_fmt_txt: Compressed fonts is used but LV_USE_FONT_COMPRESSED is not enabled in lv_conf.h lv_font_fmt_txt.c:213
[Warn]	(57.349, +0)	 draw_letter_cb: Couldn't get the bitmap of a glyph lv_draw_sw_letter.c:174
[Warn]	(57.350, +1)	 lv_font_get_bitmap_fmt_txt: Compressed fonts is used but LV_USE_FONT_COMPRESSED is not enabled in lv_conf.h lv_font_fmt_txt.c:213
[Warn]	(57.350, +0)	 draw_letter_cb: Couldn't get the bitmap of a glyph lv_draw_sw_letter.c:174
[Warn]	(57.350, +0)	 lv_font_get_bitmap_fmt_txt: Compressed fonts is used but LV_USE_FONT_COMPRESSED is not enabled in lv_conf.h lv_font_fmt_txt.c:213
[Warn]	(57.351, +1)	 draw_letter_cb: Couldn't get the bitmap of a glyph lv_draw_sw_letter.c:174
[Warn]	(57.351, +0)	 lv_font_get_bitmap_fmt_txt: Compressed fonts is used but LV_USE_FONT_COMPRESSED is not enabled in lv_conf.h lv_font_fmt_txt.c:213
[Warn]	(57.351, +0)	 draw_letter_cb: Couldn't get the bitmap of a glyph lv_draw_sw_letter.c:174
[Warn]	(57.351, +0)	 lv_font_get_bitmap_fmt_txt: Compressed fonts is used but LV_USE_FONT_COMPRESSED is not enabled in lv_conf.h lv_font_fmt_txt.c:213
[Warn]	(57.352, +1)	 draw_letter_cb: Couldn't get the bitmap of a glyph lv_draw_sw_letter.c:174
[Warn]	(57.352, +0)	 lv_font_get_bitmap_fmt_txt: Compressed fonts is used but LV_USE_FONT_COMPRESSED is not enabled in lv_conf.h lv_font_fmt_txt.c:213
[Warn]	(57.352, +0)	 draw_letter_cb: Couldn't get the bitmap of a glyph lv_draw_sw_letter.c:174
[Warn]	(57.353, +1)	 lv_font_get_bitmap_fmt_txt: Compressed fonts is used but LV_USE_FONT_COMPRESSED is not enabled in lv_conf.h lv_font_fmt_txt.c:213
[Warn]	(57.353, +0)	 draw_letter_cb: Couldn't get the bitmap of a glyph lv_draw_sw_letter.c:174
[Warn]	(57.353, +0)	 lv_font_get_bitmap_fmt_txt: Compressed fonts is used but LV_USE_FONT_COMPRESSED is not enabled in lv_conf.h lv_font_fmt_txt.c:213
[Warn]	(57.354, +1)	 draw_letter_cb: Couldn't get the bitmap of a glyph lv_draw_sw_letter.c:174
[Warn]	(57.354, +0)	 lv_font_get_bitmap_fmt_txt: Compressed fonts is used but LV_USE_FONT_COMPRESSED is not enabled in lv_conf.h lv_font_fmt_txt.c:213
[Warn]	(57.354, +0)	 draw_letter_cb: Couldn't get the bitmap of a glyph lv_draw_sw_letter.c:174
[Warn]	(57.355, +1)	 lv_font_get_bitmap_fmt_txt: Compressed fonts is used but LV_USE_FONT_COMPRESSED is not enabled in lv_conf.h lv_font_fmt_txt.c:213
[Warn]	(57.355, +0)	 draw_letter_cb: Couldn't get the bitmap of a glyph lv_draw_sw_letter.c:174
E (61857) esp-tls-mbedtls: read error :-0x7780
E (61857) transport_base: esp_tls_conn_read error, errno=Connection already in progress
E (61857) transport_ws: Error read data(-30592)
E (61858) websocket_client: esp_transport_read() failed with -30592, transport_error=ESP_ERR_MBEDTLS_SSL_READ_FAILED, tls_error_code=30592, tls_flags=0, errno=119
W (61858) clare_net: WS ERR heap free8=5951299 largest8=5767168
W (61859) clare_net: WS ERR detail kind=0 stack_err=0xb33fffff flags=0x0 type=0 errno=0
W (61859) clare_net: WebSocket error kind=0 err=-1 status=0
I (61860) clare_s3: Network error - check Wi-Fi/API
E (61860) websocket_client: Error receive data
I (61860) clare_net: WebSocket disconnected kind=0 event=2 close=0 type=1 errno=0
W (61871) websocket_client: Client was not started
I (61972) clare_s3: Connection lost - tap Start to retry
I (92269) clare_net: HTTP before init free8=5997575 largest8=5898240 free_internal=74103 largest_internal=31744
I (94279) clare_net: HTTP response status=200 bytes=255 truncated=1
I (94280) clare_net: HTTP after cleanup free8=5998467 largest8=5898240
I (94281) clare_s3: Creating meeting session...
I (94281) clare_net: Create session URL ready=1
I (94281) clare_net: HTTP before init free8=5998411 largest8=5898240 free_internal=74103 largest_internal=31744
I (98390) clare_net: HTTP response status=200 bytes=82 truncated=0
I (98392) clare_net: HTTP after cleanup free8=5998287 largest8=5898240
I (98395) clare_s3: Connecting transcription...
I (98395) clare_net: WS pre-start heap free8=5994175 largest8=5898240
I (98396) websocket_client: Started
I (103536) clare_net: WebSocket connected kind=0
I (103536) clare_s3: Listening - live notes on
I (103536) clare_s3: Listening - live notes on
I (103561) clare_s3: Audio stream started
[Warn]	(155.027, +97672)	 lv_font_get_bitmap_fmt_txt: Compressed fonts is used but LV_USE_FONT_COMPRESSED is not enabled in lv_conf.h lv_font_fmt_txt.c:213
[Warn]	(155.027, +0)	 draw_letter_cb: Couldn't get the bitmap of a glyph lv_draw_sw_letter.c:174
[Warn]	(155.028, +1)	 lv_font_get_bitmap_fmt_txt: Compressed fonts is used but LV_USE_FONT_COMPRESSED is not enabled in lv_conf.h lv_font_fmt_txt.c:213
[Warn]	(155.028, +0)	 draw_letter_cb: Couldn't get the bitmap of a glyph lv_draw_sw_letter.c:174
[Warn]	(155.060, +32)	 lv_font_get_bitmap_fmt_txt: Compressed fonts is used but LV_USE_FONT_COMPRESSED is not enabled in lv_conf.h lv_font_fmt_txt.c:213
[Warn]	(155.062, +2)	 draw_letter_cb: Couldn't get the bitmap of a glyph lv_draw_sw_letter.c:174
[Warn]	(155.062, +0)	 lv_font_get_bitmap_fmt_txt: Compressed fonts is used but LV_USE_FONT_COMPRESSED is not enabled in lv_conf.h lv_font_fmt_txt.c:213
[Warn]	(155.063, +1)	 draw_letter_cb: Couldn't get the bitmap of a glyph lv_draw_sw_letter.c:174
[Warn]	(155.093, +30)	 lv_font_get_bitmap_fmt_txt: Compressed fonts is used but LV_USE_FONT_COMPRESSED is not enabled in lv_conf.h lv_font_fmt_txt.c:213
[Warn]	(155.093, +0)	 draw_letter_cb: Couldn't get the bitmap of a glyph lv_draw_sw_letter.c:174
[Warn]	(155.093, +0)	 lv_font_get_bitmap_fmt_txt: Compressed fonts is used but LV_USE_FONT_COMPRESSED is not enabled in lv_conf.h lv_font_fmt_txt.c:213
[Warn]	(155.094, +1)	 draw_letter_cb: Couldn't get the bitmap of a glyph lv_draw_sw_letter.c:174
[Warn]	(155.145, +51)	 lv_font_get_bitmap_fmt_txt: Compressed fonts is used but LV_USE_FONT_COMPRESSED is not enabled in lv_conf.h lv_font_fmt_txt.c:213
[Warn]	(155.145, +0)	 draw_letter_cb: Couldn't get the bitmap of a glyph lv_draw_sw_letter.c:174
[Warn]	(155.146, +1)	 lv_font_get_bitmap_fmt_txt: Compressed fonts is used but LV_USE_FONT_COMPRESSED is not enabled in lv_conf.h lv_font_fmt_txt.c:213
[Warn]	(155.146, +0)	 draw_letter_cb: Couldn't get the bitmap of a glyph lv_draw_sw_letter.c:174
[Warn]	(155.179, +33)	 lv_font_get_bitmap_fmt_txt: Compressed fonts is used but LV_USE_FONT_COMPRESSED is not enabled in lv_conf.h lv_font_fmt_txt.c:213
[Warn]	(155.179, +0)	 draw_letter_cb: Couldn't get the bitmap of a glyph lv_draw_sw_letter.c:174
[Warn]	(155.180, +1)	 lv_font_get_bitmap_fmt_txt: Compressed fonts is used but LV_USE_FONT_COMPRESSED is not enabled in lv_conf.h lv_font_fmt_txt.c:213
[Warn]	(155.180, +0)	 draw_letter_cb: Couldn't get the bitmap of a glyph lv_draw_sw_letter.c:174
[Warn]	(155.213, +33)	 lv_font_get_bitmap_fmt_txt: Compressed fonts is used but LV_USE_FONT_COMPRESSED is not enabled in lv_conf.h lv_font_fmt_txt.c:213
[Warn]	(155.213, +0)	 draw_letter_cb: Couldn't get the bitmap of a glyph lv_draw_sw_letter.c:174
[Warn]	(155.213, +0)	 lv_font_get_bitmap_fmt_txt: Compressed fonts is used but LV_USE_FONT_COMPRESSED is not enabled in lv_conf.h lv_font_fmt_txt.c:213
[Warn]	(155.214, +1)	 draw_letter_cb: Couldn't get the bitmap of a glyph lv_draw_sw_letter.c:174
[Warn]	(155.247, +33)	 lv_font_get_bitmap_fmt_txt: Compressed fonts is used but LV_USE_FONT_COMPRESSED is not enabled in lv_conf.h lv_font_fmt_txt.c:213
[Warn]	(155.247, +0)	 draw_letter_cb: Couldn't get the bitmap of a glyph lv_draw_sw_letter.c:174
[Warn]	(155.248, +1)	 lv_font_get_bitmap_fmt_txt: Compressed fonts is used but LV_USE_FONT_COMPRESSED is not enabled in lv_conf.h lv_font_fmt_txt.c:213
[Warn]	(155.248, +0)	 draw_letter_cb: Couldn't get the bitmap of a glyph lv_draw_sw_letter.c:174
[Warn]	(155.281, +33)	 lv_font_get_bitmap_fmt_txt: Compressed fonts is used but LV_USE_FONT_COMPRESSED is not enabled in lv_conf.h lv_font_fmt_txt.c:213
[Warn]	(155.282, +1)	 draw_letter_cb: Couldn't get the bitmap of a glyph lv_draw_sw_letter.c:174
[Warn]	(155.282, +0)	 lv_font_get_bitmap_fmt_txt: Compressed fonts is used but LV_USE_FONT_COMPRESSED is not enabled in lv_conf.h lv_font_fmt_txt.c:213
[Warn]	(155.283, +1)	 draw_letter_cb: Couldn't get the bitmap of a glyph lv_draw_sw_letter.c:174
[Warn]	(155.315, +32)	 lv_font_get_bitmap_fmt_txt: Compressed fonts is used but LV_USE_FONT_COMPRESSED is not enabled in lv_conf.h lv_font_fmt_txt.c:213
[Warn]	(155.315, +0)	 draw_letter_cb: Couldn't get the bitmap of a glyph lv_draw_sw_letter.c:174
[Warn]	(155.316, +1)	 lv_font_get_bitmap_fmt_txt: Compressed fonts is used but LV_USE_FONT_COMPRESSED is not enabled in lv_conf.h lv_font_fmt_txt.c:213
[Warn]	(155.316, +0)	 draw_letter_cb: Couldn't get the bitmap of a glyph lv_draw_sw_letter.c:174
[Warn]	(155.349, +33)	 lv_font_get_bitmap_fmt_txt: Compressed fonts is used but LV_USE_FONT_COMPRESSED is not enabled in lv_conf.h lv_font_fmt_txt.c:213
[Warn]	(155.349, +0)	 draw_letter_cb: Couldn't get the bitmap of a glyph lv_draw_sw_letter.c:174
[Warn]	(155.350, +1)	 lv_font_get_bitmap_fmt_txt: Compressed fonts is used but LV_USE_FONT_COMPRESSED is not enabled in lv_conf.h lv_font_fmt_txt.c:213
[Warn]	(155.350, +0)	 draw_letter_cb: Couldn't get the bitmap of a glyph lv_draw_sw_letter.c:174
[Warn]	(155.383, +33)	 lv_font_get_bitmap_fmt_txt: Compressed fonts is used but LV_USE_FONT_COMPRESSED is not enabled in lv_conf.h lv_font_fmt_txt.c:213
[Warn]	(155.383, +0)	 draw_letter_cb: Couldn't get the bitmap of a glyph lv_draw_sw_letter.c:174
[Warn]	(155.384, +1)	 lv_font_get_bitmap_fmt_txt: Compressed fonts is used but LV_USE_FONT_COMPRESSED is not enabled in lv_conf.h lv_font_fmt_txt.c:213
[Warn]	(155.384, +0)	 draw_letter_cb: Couldn't get the bitmap of a glyph lv_draw_sw_letter.c:174
[Warn]	(155.416, +32)	 lv_font_get_bitmap_fmt_txt: Compressed fonts is used but LV_USE_FONT_COMPRESSED is not enabled in lv_conf.h lv_font_fmt_txt.c:213
[Warn]	(155.416, +0)	 draw_letter_cb: Couldn't get the bitmap of a glyph lv_draw_sw_letter.c:174
[Warn]	(155.417, +1)	 lv_font_get_bitmap_fmt_txt: Compressed fonts is used but LV_USE_FONT_COMPRESSED is not enabled in lv_conf.h lv_font_fmt_txt.c:213
[Warn]	(155.417, +0)	 draw_letter_cb: Couldn't get the bitmap of a glyph lv_draw_sw_letter.c:174
[Warn]	(155.449, +32)	 lv_font_get_bitmap_fmt_txt: Compressed fonts is used but LV_USE_FONT_COMPRESSED is not enabled in lv_conf.h lv_font_fmt_txt.c:213
[Warn]	(155.449, +0)	 draw_letter_cb: Couldn't get the bitmap of a glyph lv_draw_sw_letter.c:174
[Warn]	(155.450, +1)	 lv_font_get_bitmap_fmt_txt: Compressed fonts is used but LV_USE_FONT_COMPRESSED is not enabled in lv_conf.h lv_font_fmt_txt.c:213
[Warn]	(155.450, +0)	 draw_letter_cb: Couldn't get the bitmap of a glyph lv_draw_sw_letter.c:174
[Warn]	(155.569, +119)	 lv_font_get_bitmap_fmt_txt: Compressed fonts is used but LV_USE_FONT_COMPRESSED is not enabled in lv_conf.h lv_font_fmt_txt.c:213
[Warn]	(155.570, +1)	 draw_letter_cb: Couldn't get the bitmap of a glyph lv_draw_sw_letter.c:174
[Warn]	(155.570, +0)	 lv_font_get_bitmap_fmt_txt: Compressed fonts is used but LV_USE_FONT_COMPRESSED is not enabled in lv_conf.h lv_font_fmt_txt.c:213
[Warn]	(155.570, +0)	 draw_letter_cb: Couldn't get the bitmap of a glyph lv_draw_sw_letter.c:174
[Warn]	(155.571, +1)	 lv_font_get_bitmap_fmt_txt: Compressed fonts is used but LV_USE_FONT_COMPRESSED is not enabled in lv_conf.h lv_font_fmt_txt.c:213
[Warn]	(155.571, +0)	 draw_letter_cb: Couldn't get the bitmap of a glyph lv_draw_sw_letter.c:174
[Warn]	(155.571, +0)	 lv_font_get_bitmap_fmt_txt: Compressed fonts is used but LV_USE_FONT_COMPRESSED is not enabled in lv_conf.h lv_font_fmt_txt.c:213
[Warn]	(155.572, +1)	 draw_letter_cb: Couldn't get the bitmap of a glyph lv_draw_sw_letter.c:174
[Warn]	(155.603, +31)	 lv_font_get_bitmap_fmt_txt: Compressed fonts is used but LV_USE_FONT_COMPRESSED is not enabled in lv_conf.h lv_font_fmt_txt.c:213
[Warn]	(155.603, +0)	 draw_letter_cb: Couldn't get the bitmap of a glyph lv_draw_sw_letter.c:174
[Warn]	(155.604, +1)	 lv_font_get_bitmap_fmt_txt: Compressed fonts is used but LV_USE_FONT_COMPRESSED is not enabled in lv_conf.h lv_font_fmt_txt.c:213
[Warn]	(155.604, +0)	 draw_letter_cb: Couldn't get the bitmap of a glyph lv_draw_sw_letter.c:174
[Warn]	(155.604, +0)	 lv_font_get_bitmap_fmt_txt: Compressed fonts is used but LV_USE_FONT_COMPRESSED is not enabled in lv_conf.h lv_font_fmt_txt.c:213
[Warn]	(155.605, +1)	 draw_letter_cb: Couldn't get the bitmap of a glyph lv_draw_sw_letter.c:174
[Warn]	(155.605, +0)	 lv_font_get_bitmap_fmt_txt: Compressed fonts is used but LV_USE_FONT_COMPRESSED is not enabled in lv_conf.h lv_font_fmt_txt.c:213
[Warn]	(155.605, +0)	 draw_letter_cb: Couldn't get the bitmap of a glyph lv_draw_sw_letter.c:174
[Warn]	(155.636, +31)	 lv_font_get_bitmap_fmt_txt: Compressed fonts is used but LV_USE_FONT_COMPRESSED is not enabled in lv_conf.h lv_font_fmt_txt.c:213
[Warn]	(155.636, +0)	 draw_letter_cb: Couldn't get the bitmap of a glyph lv_draw_sw_letter.c:174
[Warn]	(155.636, +0)	 lv_font_get_bitmap_fmt_txt: Compressed fonts is used but LV_USE_FONT_COMPRESSED is not enabled in lv_conf.h lv_font_fmt_txt.c:213
[Warn]	(155.637, +1)	 draw_letter_cb: Couldn't get the bitmap of a glyph lv_draw_sw_letter.c:174
[Warn]	(155.637, +0)	 lv_font_get_bitmap_fmt_txt: Compressed fonts is used but LV_USE_FONT_COMPRESSED is not enabled in lv_conf.h lv_font_fmt_txt.c:213
[Warn]	(155.637, +0)	 draw_letter_cb: Couldn't get the bitmap of a glyph lv_draw_sw_letter.c:174
[Warn]	(155.638, +1)	 lv_font_get_bitmap_fmt_txt: Compressed fonts is used but LV_USE_FONT_COMPRESSED is not enabled in lv_conf.h lv_font_fmt_txt.c:213
[Warn]	(155.638, +0)	 draw_letter_cb: Couldn't get the bitmap of a glyph lv_draw_sw_letter.c:174
[Warn]	(155.669, +31)	 lv_font_get_bitmap_fmt_txt: Compressed fonts is used but LV_USE_FONT_COMPRESSED is not enabled in lv_conf.h lv_font_fmt_txt.c:213
[Warn]	(155.669, +0)	 draw_letter_cb: Couldn't get the bitmap of a glyph lv_draw_sw_letter.c:174
[Warn]	(155.670, +1)	 lv_font_get_bitmap_fmt_txt: Compressed fonts is used but LV_USE_FONT_COMPRESSED is not enabled in lv_conf.h lv_font_fmt_txt.c:213
[Warn]	(155.670, +0)	 draw_letter_cb: Couldn't get the bitmap of a glyph lv_draw_sw_letter.c:174
[Warn]	(155.670, +0)	 lv_font_get_bitmap_fmt_txt: Compressed fonts is used but LV_USE_FONT_COMPRESSED is not enabled in lv_conf.h lv_font_fmt_txt.c:213
[Warn]	(155.671, +1)	 draw_letter_cb: Couldn't get the bitmap of a glyph lv_draw_sw_letter.c:174
[Warn]	(155.671, +0)	 lv_font_get_bitmap_fmt_txt: Compressed fonts is used but LV_USE_FONT_COMPRESSED is not enabled in lv_conf.h lv_font_fmt_txt.c:213
[Warn]	(155.671, +0)	 draw_letter_cb: Couldn't get the bitmap of a glyph lv_draw_sw_letter.c:174
[Warn]	(155.702, +31)	 lv_font_get_bitmap_fmt_txt: Compressed fonts is used but LV_USE_FONT_COMPRESSED is not enabled in lv_conf.h lv_font_fmt_txt.c:213
[Warn]	(155.702, +0)	 draw_letter_cb: Couldn't get the bitmap of a glyph lv_draw_sw_letter.c:174
[Warn]	(155.703, +1)	 lv_font_get_bitmap_fmt_txt: Compressed fonts is used but LV_USE_FONT_COMPRESSED is not enabled in lv_conf.h lv_font_fmt_txt.c:213
[Warn]	(155.703, +0)	 draw_letter_cb: Couldn't get the bitmap of a glyph lv_draw_sw_letter.c:174
[Warn]	(155.705, +2)	 lv_font_get_bitmap_fmt_txt: Compressed fonts is used but LV_USE_FONT_COMPRESSED is not enabled in lv_conf.h lv_font_fmt_txt.c:213
[Warn]	(155.705, +0)	 draw_letter_cb: Couldn't get the bitmap of a glyph lv_draw_sw_letter.c:174
[Warn]	(155.706, +1)	 lv_font_get_bitmap_fmt_txt: Compressed fonts is used but LV_USE_FONT_COMPRESSED is not enabled in lv_conf.h lv_font_fmt_txt.c:213
[Warn]	(155.706, +0)	 draw_letter_cb: Couldn't get the bitmap of a glyph lv_draw_sw_letter.c:174
[Warn]	(155.735, +29)	 lv_font_get_bitmap_fmt_txt: Compressed fonts is used but LV_USE_FONT_COMPRESSED is not enabled in lv_conf.h lv_font_fmt_txt.c:213
[Warn]	(155.735, +0)	 draw_letter_cb: Couldn't get the bitmap of a glyph lv_draw_sw_letter.c:174
[Warn]	(155.735, +0)	 lv_font_get_bitmap_fmt_txt: Compressed fonts is used but LV_USE_FONT_COMPRESSED is not enabled in lv_conf.h lv_font_fmt_txt.c:213
[Warn]	(155.736, +1)	 draw_letter_cb: Couldn't get the bitmap of a glyph lv_draw_sw_letter.c:174
[Warn]	(155.736, +0)	 lv_font_get_bitmap_fmt_txt: Compressed fonts is used but LV_USE_FONT_COMPRESSED is not enabled in lv_conf.h lv_font_fmt_txt.c:213
[Warn]	(155.736, +0)	 draw_letter_cb: Couldn't get the bitmap of a glyph lv_draw_sw_letter.c:174
[Warn]	(155.737, +1)	 lv_font_get_bitmap_fmt_txt: Compressed fonts is used but LV_USE_FONT_COMPRESSED is not enabled in lv_conf.h lv_font_fmt_txt.c:213
[Warn]	(155.737, +0)	 draw_letter_cb: Couldn't get the bitmap of a glyph lv_draw_sw_letter.c:174
[Warn]	(157.412, +1675)	 lv_font_get_bitmap_fmt_txt: Compressed fonts is used but LV_USE_FONT_COMPRESSED is not enabled in lv_conf.h lv_font_fmt_txt.c:213
[Warn]	(157.412, +0)	 draw_letter_cb: Couldn't get the bitmap of a glyph lv_draw_sw_letter.c:174
[Warn]	(157.412, +0)	 lv_font_get_bitmap_fmt_txt: Compressed fonts is used but LV_USE_FONT_COMPRESSED is not enabled in lv_conf.h lv_font_fmt_txt.c:213
[Warn]	(157.413, +1)	 draw_letter_cb: Couldn't get the bitmap of a glyph lv_draw_sw_letter.c:174
[Warn]	(157.413, +0)	 lv_font_get_bitmap_fmt_txt: Compressed fonts is used but LV_USE_FONT_COMPRESSED is not enabled in lv_conf.h lv_font_fmt_txt.c:213
[Warn]	(157.413, +0)	 draw_letter_cb: Couldn't get the bitmap of a glyph lv_draw_sw_letter.c:174
[Warn]	(157.413, +0)	 lv_font_get_bitmap_fmt_txt: Compressed fonts is used but LV_USE_FONT_COMPRESSED is not enabled in lv_conf.h lv_font_fmt_txt.c:213
[Warn]	(157.414, +1)	 draw_letter_cb: Couldn't get the bitmap of a glyph lv_draw_sw_letter.c:174
[Warn]	(157.662, +248)	 lv_font_get_bitmap_fmt_txt: Compressed fonts is used but LV_USE_FONT_COMPRESSED is not enabled in lv_conf.h lv_font_fmt_txt.c:213
[Warn]	(157.662, +0)	 draw_letter_cb: Couldn't get the bitmap of a glyph lv_draw_sw_letter.c:174
[Warn]	(157.662, +0)	 lv_font_get_bitmap_fmt_txt: Compressed fonts is used but LV_USE_FONT_COMPRESSED is not enabled in lv_conf.h lv_font_fmt_txt.c:213
[Warn]	(157.663, +1)	 draw_letter_cb: Couldn't get the bitmap of a glyph lv_draw_sw_letter.c:174
[Warn]	(157.663, +0)	 lv_font_get_bitmap_fmt_txt: Compressed fonts is used but LV_USE_FONT_COMPRESSED is not enabled in lv_conf.h lv_font_fmt_txt.c:213
[Warn]	(157.664, +1)	 draw_letter_cb: Couldn't get the bitmap of a glyph lv_draw_sw_letter.c:174
[Warn]	(157.664, +0)	 lv_font_get_bitmap_fmt_txt: Compressed fonts is used but LV_USE_FONT_COMPRESSED is not enabled in lv_conf.h lv_font_fmt_txt.c:213
[Warn]	(157.664, +0)	 draw_letter_cb: Couldn't get the bitmap of a glyph lv_draw_sw_letter.c:174
[Warn]	(157.664, +0)	 lv_font_get_bitmap_fmt_txt: Compressed fonts is used but LV_USE_FONT_COMPRESSED is not enabled in lv_conf.h lv_font_fmt_txt.c:213
[Warn]	(157.665, +1)	 draw_letter_cb: Couldn't get the bitmap of a glyph lv_draw_sw_letter.c:174
[Warn]	(157.665, +0)	 lv_font_get_bitmap_fmt_txt: Compressed fonts is used but LV_USE_FONT_COMPRESSED is not enabled in lv_conf.h lv_font_fmt_txt.c:213
[Warn]	(157.665, +0)	 draw_letter_cb: Couldn't get the bitmap of a glyph lv_draw_sw_letter.c:174
[Warn]	(157.666, +1)	 lv_font_get_bitmap_fmt_txt: Compressed fonts is used but LV_USE_FONT_COMPRESSED is not enabled in lv_conf.h lv_font_fmt_txt.c:213
[Warn]	(157.666, +0)	 draw_letter_cb: Couldn't get the bitmap of a glyph lv_draw_sw_letter.c:174
[Warn]	(157.697, +31)	 lv_font_get_bitmap_fmt_txt: Compressed fonts is used but LV_USE_FONT_COMPRESSED is not enabled in lv_conf.h lv_font_fmt_txt.c:213
[Warn]	(157.697, +0)	 draw_letter_cb: Couldn't get the bitmap of a glyph lv_draw_sw_letter.c:174
[Warn]	(157.698, +1)	 lv_font_get_bitmap_fmt_txt: Compressed fonts is used but LV_USE_FONT_COMPRESSED is not enabled in lv_conf.h lv_font_fmt_txt.c:213
[Warn]	(157.698, +0)	 draw_letter_cb: Couldn't get the bitmap of a glyph lv_draw_sw_letter.c:174
[Warn]	(157.698, +0)	 lv_font_get_bitmap_fmt_txt: Compressed fonts is used but LV_USE_FONT_COMPRESSED is not enabled in lv_conf.h lv_font_fmt_txt.c:213
[Warn]	(157.699, +1)	 draw_letter_cb: Couldn't get the bitmap of a glyph lv_draw_sw_letter.c:174
[Warn]	(157.699, +0)	 lv_font_get_bitmap_fmt_txt: Compressed fonts is used but LV_USE_FONT_COMPRESSED is not enabled in lv_conf.h lv_font_fmt_txt.c:213
[Warn]	(157.699, +0)	 draw_letter_cb: Couldn't get the bitmap of a glyph lv_draw_sw_letter.c:174
[Warn]	(157.699, +0)	 lv_font_get_bitmap_fmt_txt: Compressed fonts is used but LV_USE_FONT_COMPRESSED is not enabled in lv_conf.h lv_font_fmt_txt.c:213
[Warn]	(157.700, +1)	 draw_letter_cb: Couldn't get the bitmap of a glyph lv_draw_sw_letter.c:174
[Warn]	(157.700, +0)	 lv_font_get_bitmap_fmt_txt: Compressed fonts is used but LV_USE_FONT_COMPRESSED is not enabled in lv_conf.h lv_font_fmt_txt.c:213
[Warn]	(157.700, +0)	 draw_letter_cb: Couldn't get the bitmap of a glyph lv_draw_sw_letter.c:174
[Warn]	(157.701, +1)	 lv_font_get_bitmap_fmt_txt: Compressed fonts is used but LV_USE_FONT_COMPRESSED is not enabled in lv_conf.h lv_font_fmt_txt.c:213
[Warn]	(157.701, +0)	 draw_letter_cb: Couldn't get the bitmap of a glyph lv_draw_sw_letter.c:174
[Warn]	(157.730, +29)	 lv_font_get_bitmap_fmt_txt: Compressed fonts is used but LV_USE_FONT_COMPRESSED is not enabled in lv_conf.h lv_font_fmt_txt.c:213
[Warn]	(157.730, +0)	 draw_letter_cb: Couldn't get the bitmap of a glyph lv_draw_sw_letter.c:174
[Warn]	(157.731, +1)	 lv_font_get_bitmap_fmt_txt: Compressed fonts is used but LV_USE_FONT_COMPRESSED is not enabled in lv_conf.h lv_font_fmt_txt.c:213
[Warn]	(157.731, +0)	 draw_letter_cb: Couldn't get the bitmap of a glyph lv_draw_sw_letter.c:174
[Warn]	(157.731, +0)	 lv_font_get_bitmap_fmt_txt: Compressed fonts is used but LV_USE_FONT_COMPRESSED is not enabled in lv_conf.h lv_font_fmt_txt.c:213
[Warn]	(157.732, +1)	 draw_letter_cb: Couldn't get the bitmap of a glyph lv_draw_sw_letter.c:174
[Warn]	(157.732, +0)	 lv_font_get_bitmap_fmt_txt: Compressed fonts is used but LV_USE_FONT_COMPRESSED is not enabled in lv_conf.h lv_font_fmt_txt.c:213
[Warn]	(157.732, +0)	 draw_letter_cb: Couldn't get the bitmap of a glyph lv_draw_sw_letter.c:174
[Warn]	(157.732, +0)	 lv_font_get_bitmap_fmt_txt: Compressed fonts is used but LV_USE_FONT_COMPRESSED is not enabled in lv_conf.h lv_font_fmt_txt.c:213
[Warn]	(157.733, +1)	 draw_letter_cb: Couldn't get the bitmap of a glyph lv_draw_sw_letter.c:174
[Warn]	(157.733, +0)	 lv_font_get_bitmap_fmt_txt: Compressed fonts is used but LV_USE_FONT_COMPRESSED is not enabled in lv_conf.h lv_font_fmt_txt.c:213
[Warn]	(157.733, +0)	 draw_letter_cb: Couldn't get the bitmap of a glyph lv_draw_sw_letter.c:174
[Warn]	(157.734, +1)	 lv_font_get_bitmap_fmt_txt: Compressed fonts is used but LV_USE_FONT_COMPRESSED is not enabled in lv_conf.h lv_font_fmt_txt.c:213
[Warn]	(157.734, +0)	 draw_letter_cb: Couldn't get the bitmap of a glyph lv_draw_sw_letter.c:174
[Warn]	(159.245, +1511)	 lv_font_get_bitmap_fmt_txt: Compressed fonts is used but LV_USE_FONT_COMPRESSED is not enabled in lv_conf.h lv_font_fmt_txt.c:213
[Warn]	(159.245, +0)	 draw_letter_cb: Couldn't get the bitmap of a glyph lv_draw_sw_letter.c:174
[Warn]	(159.246, +1)	 lv_font_get_bitmap_fmt_txt: Compressed fonts is used but LV_USE_FONT_COMPRESSED is not enabled in lv_conf.h lv_font_fmt_txt.c:213
[Warn]	(159.246, +0)	 draw_letter_cb: Couldn't get the bitmap of a glyph lv_draw_sw_letter.c:174
[Warn]	(159.246, +0)	 lv_font_get_bitmap_fmt_txt: Compressed fonts is used but LV_USE_FONT_COMPRESSED is not enabled in lv_conf.h lv_font_fmt_txt.c:213
[Warn]	(159.247, +1)	 draw_letter_cb: Couldn't get the bitmap of a glyph lv_draw_sw_letter.c:174
[Warn]	(159.247, +0)	 lv_font_get_bitmap_fmt_txt: Compressed fonts is used but LV_USE_FONT_COMPRESSED is not enabled in lv_conf.h lv_font_fmt_txt.c:213
[Warn]	(159.247, +0)	 draw_letter_cb: Couldn't get the bitmap of a glyph lv_draw_sw_letter.c:174
[Warn]	(159.247, +0)	 lv_font_get_bitmap_fmt_txt: Compressed fonts is used but LV_USE_FONT_COMPRESSED is not enabled in lv_conf.h lv_font_fmt_txt.c:213
[Warn]	(159.248, +1)	 draw_letter_cb: Couldn't get the bitmap of a glyph lv_draw_sw_letter.c:174
[Warn]	(159.248, +0)	 lv_font_get_bitmap_fmt_txt: Compressed fonts is used but LV_USE_FONT_COMPRESSED is not enabled in lv_conf.h lv_font_fmt_txt.c:213
[Warn]	(159.248, +0)	 draw_letter_cb: Couldn't get the bitmap of a glyph lv_draw_sw_letter.c:174
[Warn]	(159.249, +1)	 lv_font_get_bitmap_fmt_txt: Compressed fonts is used but LV_USE_FONT_COMPRESSED is not enabled in lv_conf.h lv_font_fmt_txt.c:213
[Warn]	(159.249, +0)	 draw_letter_cb: Couldn't get the bitmap of a glyph lv_draw_sw_letter.c:174
[Warn]	(159.249, +0)	 lv_font_get_bitmap_fmt_txt: Compressed fonts is used but LV_USE_FONT_COMPRESSED is not enabled in lv_conf.h lv_font_fmt_txt.c:213
[Warn]	(159.250, +1)	 draw_letter_cb: Couldn't get the bitmap of a glyph lv_draw_sw_letter.c:174
[Warn]	(159.250, +0)	 lv_font_get_bitmap_fmt_txt: Compressed fonts is used but LV_USE_FONT_COMPRESSED is not enabled in lv_conf.h lv_font_fmt_txt.c:213
[Warn]	(159.250, +0)	 draw_letter_cb: Couldn't get the bitmap of a glyph lv_draw_sw_letter.c:174
[Warn]	(159.250, +0)	 lv_font_get_bitmap_fmt_txt: Compressed fonts is used but LV_USE_FONT_COMPRESSED is not enabled in lv_conf.h lv_font_fmt_txt.c:213
[Warn]	(159.251, +1)	 draw_letter_cb: Couldn't get the bitmap of a glyph lv_draw_sw_letter.c:174
[Warn]	(159.251, +0)	 lv_font_get_bitmap_fmt_txt: Compressed fonts is used but LV_USE_FONT_COMPRESSED is not enabled in lv_conf.h lv_font_fmt_txt.c:213
[Warn]	(159.251, +0)	 draw_letter_cb: Couldn't get the bitmap of a glyph lv_draw_sw_letter.c:174
[Warn]	(159.252, +1)	 lv_font_get_bitmap_fmt_txt: Compressed fonts is used but LV_USE_FONT_COMPRESSED is not enabled in lv_conf.h lv_font_fmt_txt.c:213
[Warn]	(159.252, +0)	 draw_letter_cb: Couldn't get the bitmap of a glyph lv_draw_sw_letter.c:174
[Warn]	(159.252, +0)	 lv_font_get_bitmap_fmt_txt: Compressed fonts is used but LV_USE_FONT_COMPRESSED is not enabled in lv_conf.h lv_font_fmt_txt.c:213
[Warn]	(159.253, +1)	 draw_letter_cb: Couldn't get the bitmap of a glyph lv_draw_sw_letter.c:174
[Warn]	(159.253, +0)	 lv_font_get_bitmap_fmt_txt: Compressed fonts is used but LV_USE_FONT_COMPRESSED is not enabled in lv_conf.h lv_font_fmt_txt.c:213
[Warn]	(159.253, +0)	 draw_letter_cb: Couldn't get the bitmap of a glyph lv_draw_sw_letter.c:174
[Warn]	(159.254, +1)	 lv_font_get_bitmap_fmt_txt: Compressed fonts is used but LV_USE_FONT_COMPRESSED is not enabled in lv_conf.h lv_font_fmt_txt.c:213
[Warn]	(159.254, +0)	 draw_letter_cb: Couldn't get the bitmap of a glyph lv_draw_sw_letter.c:174
[Warn]	(159.278, +24)	 lv_font_get_bitmap_fmt_txt: Compressed fonts is used but LV_USE_FONT_COMPRESSED is not enabled in lv_conf.h lv_font_fmt_txt.c:213
[Warn]	(159.278, +0)	 draw_letter_cb: Couldn't get the bitmap of a glyph lv_draw_sw_letter.c:174
[Warn]	(159.279, +1)	 lv_font_get_bitmap_fmt_txt: Compressed fonts is used but LV_USE_FONT_COMPRESSED is not enabled in lv_conf.h lv_font_fmt_txt.c:213
[Warn]	(159.279, +0)	 draw_letter_cb: Couldn't get the bitmap of a glyph lv_draw_sw_letter.c:174
[Warn]	(159.279, +0)	 lv_font_get_bitmap_fmt_txt: Compressed fonts is used but LV_USE_FONT_COMPRESSED is not enabled in lv_conf.h lv_font_fmt_txt.c:213
[Warn]	(159.280, +1)	 draw_letter_cb: Couldn't get the bitmap of a glyph lv_draw_sw_letter.c:174
[Warn]	(159.280, +0)	 lv_font_get_bitmap_fmt_txt: Compressed fonts is used but LV_USE_FONT_COMPRESSED is not enabled in lv_conf.h lv_font_fmt_txt.c:213
[Warn]	(159.280, +0)	 draw_letter_cb: Couldn't get the bitmap of a glyph lv_draw_sw_letter.c:174
[Warn]	(159.281, +1)	 lv_font_get_bitmap_fmt_txt: Compressed fonts is used but LV_USE_FONT_COMPRESSED is not enabled in lv_conf.h lv_font_fmt_txt.c:213
[Warn]	(159.281, +0)	 draw_letter_cb: Couldn't get the bitmap of a glyph lv_draw_sw_letter.c:174
[Warn]	(159.281, +0)	 lv_font_get_bitmap_fmt_txt: Compressed fonts is used but LV_USE_FONT_COMPRESSED is not enabled in lv_conf.h lv_font_fmt_txt.c:213
[Warn]	(159.282, +1)	 draw_letter_cb: Couldn't get the bitmap of a glyph lv_draw_sw_letter.c:174
[Warn]	(159.282, +0)	 lv_font_get_bitmap_fmt_txt: Compressed fonts is used but LV_USE_FONT_COMPRESSED is not enabled in lv_conf.h lv_font_fmt_txt.c:213
[Warn]	(159.282, +0)	 draw_letter_cb: Couldn't get the bitmap of a glyph lv_draw_sw_letter.c:174
[Warn]	(159.283, +1)	 lv_font_get_bitmap_fmt_txt: Compressed fonts is used but LV_USE_FONT_COMPRESSED is not enabled in lv_conf.h lv_font_fmt_txt.c:213
[Warn]	(159.283, +0)	 draw_letter_cb: Couldn't get the bitmap of a glyph lv_draw_sw_letter.c:174
[Warn]	(159.283, +0)	 lv_font_get_bitmap_fmt_txt: Compressed fonts is used but LV_USE_FONT_COMPRESSED is not enabled in lv_conf.h lv_font_fmt_txt.c:213
[Warn]	(159.283, +0)	 draw_letter_cb: Couldn't get the bitmap of a glyph lv_draw_sw_letter.c:174
[Warn]	(159.284, +1)	 lv_font_get_bitmap_fmt_txt: Compressed fonts is used but LV_USE_FONT_COMPRESSED is not enabled in lv_conf.h lv_font_fmt_txt.c:213
[Warn]	(159.284, +0)	 draw_letter_cb: Couldn't get the bitmap of a glyph lv_draw_sw_letter.c:174
[Warn]	(159.284, +0)	 lv_font_get_bitmap_fmt_txt: Compressed fonts is used but LV_USE_FONT_COMPRESSED is not enabled in lv_conf.h lv_font_fmt_txt.c:213
[Warn]	(159.285, +1)	 draw_letter_cb: Couldn't get the bitmap of a glyph lv_draw_sw_letter.c:174
[Warn]	(159.285, +0)	 lv_font_get_bitmap_fmt_txt: Compressed fonts is used but LV_USE_FONT_COMPRESSED is not enabled in lv_conf.h lv_font_fmt_txt.c:213
[Warn]	(159.285, +0)	 draw_letter_cb: Couldn't get the bitmap of a glyph lv_draw_sw_letter.c:174
[Warn]	(159.286, +1)	 lv_font_get_bitmap_fmt_txt: Compressed fonts is used but LV_USE_FONT_COMPRESSED is not enabled in lv_conf.h lv_font_fmt_txt.c:213
[Warn]	(159.286, +0)	 draw_letter_cb: Couldn't get the bitmap of a glyph lv_draw_sw_letter.c:174
[Warn]	(159.286, +0)	 lv_font_get_bitmap_fmt_txt: Compressed fonts is used but LV_USE_FONT_COMPRESSED is not enabled in lv_conf.h lv_font_fmt_txt.c:213
[Warn]	(159.286, +0)	 draw_letter_cb: Couldn't get the bitmap of a glyph lv_draw_sw_letter.c:174
[Warn]	(159.287, +1)	 lv_font_get_bitmap_fmt_txt: Compressed fonts is used but LV_USE_FONT_COMPRESSED is not enabled in lv_conf.h lv_font_fmt_txt.c:213
[Warn]	(159.287, +0)	 draw_letter_cb: Couldn't get the bitmap of a glyph lv_draw_sw_letter.c:174
[Warn]	(159.311, +24)	 lv_font_get_bitmap_fmt_txt: Compressed fonts is used but LV_USE_FONT_COMPRESSED is not enabled in lv_conf.h lv_font_fmt_txt.c:213
[Warn]	(159.311, +0)	 draw_letter_cb: Couldn't get the bitmap of a glyph lv_draw_sw_letter.c:174
[Warn]	(159.312, +1)	 lv_font_get_bitmap_fmt_txt: Compressed fonts is used but LV_USE_FONT_COMPRESSED is not enabled in lv_conf.h lv_font_fmt_txt.c:213
[Warn]	(159.312, +0)	 draw_letter_cb: Couldn't get the bitmap of a glyph lv_draw_sw_letter.c:174
[Warn]	(159.312, +0)	 lv_font_get_bitmap_fmt_txt: Compressed fonts is used but LV_USE_FONT_COMPRESSED is not enabled in lv_conf.h lv_font_fmt_txt.c:213
[Warn]	(159.313, +1)	 draw_letter_cb: Couldn't get the bitmap of a glyph lv_draw_sw_letter.c:174
[Warn]	(159.313, +0)	 lv_font_get_bitmap_fmt_txt: Compressed fonts is used but LV_USE_FONT_COMPRESSED is not enabled in lv_conf.h lv_font_fmt_txt.c:213
[Warn]	(159.313, +0)	 draw_letter_cb: Couldn't get the bitmap of a glyph lv_draw_sw_letter.c:174
[Warn]	(159.313, +0)	 lv_font_get_bitmap_fmt_txt: Compressed fonts is used but LV_USE_FONT_COMPRESSED is not enabled in lv_conf.h lv_font_fmt_txt.c:213
[Warn]	(159.314, +1)	 draw_letter_cb: Couldn't get the bitmap of a glyph lv_draw_sw_letter.c:174
[Warn]	(159.314, +0)	 lv_font_get_bitmap_fmt_txt: Compressed fonts is used but LV_USE_FONT_COMPRESSED is not enabled in lv_conf.h lv_font_fmt_txt.c:213
[Warn]	(159.314, +0)	 draw_letter_cb: Couldn't get the bitmap of a glyph lv_draw_sw_letter.c:174
[Warn]	(159.315, +1)	 lv_font_get_bitmap_fmt_txt: Compressed fonts is used but LV_USE_FONT_COMPRESSED is not enabled in lv_conf.h lv_font_fmt_txt.c:213
[Warn]	(159.315, +0)	 draw_letter_cb: Couldn't get the bitmap of a glyph lv_draw_sw_letter.c:174
[Warn]	(159.315, +0)	 lv_font_get_bitmap_fmt_txt: Compressed fonts is used but LV_USE_FONT_COMPRESSED is not enabled in lv_conf.h lv_font_fmt_txt.c:213
[Warn]	(159.316, +1)	 draw_letter_cb: Couldn't get the bitmap of a glyph lv_draw_sw_letter.c:174
[Warn]	(159.316, +0)	 lv_font_get_bitmap_fmt_txt: Compressed fonts is used but LV_USE_FONT_COMPRESSED is not enabled in lv_conf.h lv_font_fmt_txt.c:213
[Warn]	(159.317, +1)	 draw_letter_cb: Couldn't get the bitmap of a glyph lv_draw_sw_letter.c:174
[Warn]	(159.317, +0)	 lv_font_get_bitmap_fmt_txt: Compressed fonts is used but LV_USE_FONT_COMPRESSED is not enabled in lv_conf.h lv_font_fmt_txt.c:213
[Warn]	(159.317, +0)	 draw_letter_cb: Couldn't get the bitmap of a glyph lv_draw_sw_letter.c:174
[Warn]	(159.318, +1)	 lv_font_get_bitmap_fmt_txt: Compressed fonts is used but LV_USE_FONT_COMPRESSED is not enabled in lv_conf.h lv_font_fmt_txt.c:213
[Warn]	(159.318, +0)	 draw_letter_cb: Couldn't get the bitmap of a glyph lv_draw_sw_letter.c:174
[Warn]	(159.320, +2)	 lv_font_get_bitmap_fmt_txt: Compressed fonts is used but LV_USE_FONT_COMPRESSED is not enabled in lv_conf.h lv_font_fmt_txt.c:213
[Warn]	(159.320, +0)	 draw_letter_cb: Couldn't get the bitmap of a glyph lv_draw_sw_letter.c:174
[Warn]	(159.321, +1)	 lv_font_get_bitmap_fmt_txt: Compressed fonts is used but LV_USE_FONT_COMPRESSED is not enabled in lv_conf.h lv_font_fmt_txt.c:213
[Warn]	(159.321, +0)	 draw_letter_cb: Couldn't get the bitmap of a glyph lv_draw_sw_letter.c:174
[Warn]	(159.321, +0)	 lv_font_get_bitmap_fmt_txt: Compressed fonts is used but LV_USE_FONT_COMPRESSED is not enabled in lv_conf.h lv_font_fmt_txt.c:213
[Warn]	(159.322, +1)	 draw_letter_cb: Couldn't get the bitmap of a glyph lv_draw_sw_letter.c:174
[Warn]	(159.322, +0)	 lv_font_get_bitmap_fmt_txt: Compressed fonts is used but LV_USE_FONT_COMPRESSED is not enabled in lv_conf.h lv_font_fmt_txt.c:213
[Warn]	(159.322, +0)	 draw_letter_cb: Couldn't get the bitmap of a glyph lv_draw_sw_letter.c:174
[Warn]	(159.347, +25)	 lv_font_get_bitmap_fmt_txt: Compressed fonts is used but LV_USE_FONT_COMPRESSED is not enabled in lv_conf.h lv_font_fmt_txt.c:213
[Warn]	(159.347, +0)	 draw_letter_cb: Couldn't get the bitmap of a glyph lv_draw_sw_letter.c:174
[Warn]	(159.347, +0)	 lv_font_get_bitmap_fmt_txt: Compressed fonts is used but LV_USE_FONT_COMPRESSED is not enabled in lv_conf.h lv_font_fmt_txt.c:213
[Warn]	(159.348, +1)	 draw_letter_cb: Couldn't get the bitmap of a glyph lv_draw_sw_letter.c:174
[Warn]	(159.348, +0)	 lv_font_get_bitmap_fmt_txt: Compressed fonts is used but LV_USE_FONT_COMPRESSED is not enabled in lv_conf.h lv_font_fmt_txt.c:213
[Warn]	(159.348, +0)	 draw_letter_cb: Couldn't get the bitmap of a glyph lv_draw_sw_letter.c:174
[Warn]	(159.349, +1)	 lv_font_get_bitmap_fmt_txt: Compressed fonts is used but LV_USE_FONT_COMPRESSED is not enabled in lv_conf.h lv_font_fmt_txt.c:213
[Warn]	(159.349, +0)	 draw_letter_cb: Couldn't get the bitmap of a glyph lv_draw_sw_letter.c:174
[Warn]	(159.349, +0)	 lv_font_get_bitmap_fmt_txt: Compressed fonts is used but LV_USE_FONT_COMPRESSED is not enabled in lv_conf.h lv_font_fmt_txt.c:213
[Warn]	(159.350, +1)	 draw_letter_cb: Couldn't get the bitmap of a glyph lv_draw_sw_letter.c:174
[Warn]	(159.350, +0)	 lv_font_get_bitmap_fmt_txt: Compressed fonts is used but LV_USE_FONT_COMPRESSED is not enabled in lv_conf.h lv_font_fmt_txt.c:213
[Warn]	(159.350, +0)	 draw_letter_cb: Couldn't get the bitmap of a glyph lv_draw_sw_letter.c:174
[Warn]	(159.350, +0)	 lv_font_get_bitmap_fmt_txt: Compressed fonts is used but LV_USE_FONT_COMPRESSED is not enabled in lv_conf.h lv_font_fmt_txt.c:213
[Warn]	(159.351, +1)	 draw_letter_cb: Couldn't get the bitmap of a glyph lv_draw_sw_letter.c:174
[Warn]	(159.351, +0)	 lv_font_get_bitmap_fmt_txt: Compressed fonts is used but LV_USE_FONT_COMPRESSED is not enabled in lv_conf.h lv_font_fmt_txt.c:213
[Warn]	(159.351, +0)	 draw_letter_cb: Couldn't get the bitmap of a glyph lv_draw_sw_letter.c:174
[Warn]	(159.352, +1)	 lv_font_get_bitmap_fmt_txt: Compressed fonts is used but LV_USE_FONT_COMPRESSED is not enabled in lv_conf.h lv_font_fmt_txt.c:213
[Warn]	(159.352, +0)	 draw_letter_cb: Couldn't get the bitmap of a glyph lv_draw_sw_letter.c:174
[Warn]	(159.352, +0)	 lv_font_get_bitmap_fmt_txt: Compressed fonts is used but LV_USE_FONT_COMPRESSED is not enabled in lv_conf.h lv_font_fmt_txt.c:213
[Warn]	(159.353, +1)	 draw_letter_cb: Couldn't get the bitmap of a glyph lv_draw_sw_letter.c:174
[Warn]	(159.353, +0)	 lv_font_get_bitmap_fmt_txt: Compressed fonts is used but LV_USE_FONT_COMPRESSED is not enabled in lv_conf.h lv_font_fmt_txt.c:213
[Warn]	(159.353, +0)	 draw_letter_cb: Couldn't get the bitmap of a glyph lv_draw_sw_letter.c:174
[Warn]	(159.354, +1)	 lv_font_get_bitmap_fmt_txt: Compressed fonts is used but LV_USE_FONT_COMPRESSED is not enabled in lv_conf.h lv_font_fmt_txt.c:213
[Warn]	(159.354, +0)	 draw_letter_cb: Couldn't get the bitmap of a glyph lv_draw_sw_letter.c:174
[Warn]	(159.354, +0)	 lv_font_get_bitmap_fmt_txt: Compressed fonts is used but LV_USE_FONT_COMPRESSED is not enabled in lv_conf.h lv_font_fmt_txt.c:213
[Warn]	(159.354, +0)	 draw_letter_cb: Couldn't get the bitmap of a glyph lv_draw_sw_letter.c:174
[Warn]	(159.355, +1)	 lv_font_get_bitmap_fmt_txt: Compressed fonts is used but LV_USE_FONT_COMPRESSED is not enabled in lv_conf.h lv_font_fmt_txt.c:213
[Warn]	(159.355, +0)	 draw_letter_cb: Couldn't get the bitmap of a glyph lv_draw_sw_letter.c:174
[Warn]	(159.355, +0)	 lv_font_get_bitmap_fmt_txt: Compressed fonts is used but LV_USE_FONT_COMPRESSED is not enabled in lv_conf.h lv_font_fmt_txt.c:213
[Warn]	(159.356, +1)	 draw_letter_cb: Couldn't get the bitmap of a glyph lv_draw_sw_letter.c:174
[Warn]	(159.380, +24)	 lv_font_get_bitmap_fmt_txt: Compressed fonts is used but LV_USE_FONT_COMPRESSED is not enabled in lv_conf.h lv_font_fmt_txt.c:213
[Warn]	(159.380, +0)	 draw_letter_cb: Couldn't get the bitmap of a glyph lv_draw_sw_letter.c:174
[Warn]	(159.381, +1)	 lv_font_get_bitmap_fmt_txt: Compressed fonts is used but LV_USE_FONT_COMPRESSED is not enabled in lv_conf.h lv_font_fmt_txt.c:213
[Warn]	(159.381, +0)	 draw_letter_cb: Couldn't get the bitmap of a glyph lv_draw_sw_letter.c:174
[Warn]	(159.381, +0)	 lv_font_get_bitmap_fmt_txt: Compressed fonts is used but LV_USE_FONT_COMPRESSED is not enabled in lv_conf.h lv_font_fmt_txt.c:213
[Warn]	(159.382, +1)	 draw_letter_cb: Couldn't get the bitmap of a glyph lv_draw_sw_letter.c:174
[Warn]	(159.382, +0)	 lv_font_get_bitmap_fmt_txt: Compressed fonts is used but LV_USE_FONT_COMPRESSED is not enabled in lv_conf.h lv_font_fmt_txt.c:213
[Warn]	(159.382, +0)	 draw_letter_cb: Couldn't get the bitmap of a glyph lv_draw_sw_letter.c:174
[Warn]	(159.382, +0)	 lv_font_get_bitmap_fmt_txt: Compressed fonts is used but LV_USE_FONT_COMPRESSED is not enabled in lv_conf.h lv_font_fmt_txt.c:213
[Warn]	(159.383, +1)	 draw_letter_cb: Couldn't get the bitmap of a glyph lv_draw_sw_letter.c:174
[Warn]	(159.383, +0)	 lv_font_get_bitmap_fmt_txt: Compressed fonts is used but LV_USE_FONT_COMPRESSED is not enabled in lv_conf.h lv_font_fmt_txt.c:213
[Warn]	(159.383, +0)	 draw_letter_cb: Couldn't get the bitmap of a glyph lv_draw_sw_letter.c:174
[Warn]	(159.384, +1)	 lv_font_get_bitmap_fmt_txt: Compressed fonts is used but LV_USE_FONT_COMPRESSED is not enabled in lv_conf.h lv_font_fmt_txt.c:213
[Warn]	(159.384, +0)	 draw_letter_cb: Couldn't get the bitmap of a glyph lv_draw_sw_letter.c:174
[Warn]	(159.384, +0)	 lv_font_get_bitmap_fmt_txt: Compressed fonts is used but LV_USE_FONT_COMPRESSED is not enabled in lv_conf.h lv_font_fmt_txt.c:213
[Warn]	(159.385, +1)	 draw_letter_cb: Couldn't get the bitmap of a glyph lv_draw_sw_letter.c:174
[Warn]	(159.385, +0)	 lv_font_get_bitmap_fmt_txt: Compressed fonts is used but LV_USE_FONT_COMPRESSED is not enabled in lv_conf.h lv_font_fmt_txt.c:213
[Warn]	(159.385, +0)	 draw_letter_cb: Couldn't get the bitmap of a glyph lv_draw_sw_letter.c:174
[Warn]	(159.385, +0)	 lv_font_get_bitmap_fmt_txt: Compressed fonts is used but LV_USE_FONT_COMPRESSED is not enabled in lv_conf.h lv_font_fmt_txt.c:213
[Warn]	(159.386, +1)	 draw_letter_cb: Couldn't get the bitmap of a glyph lv_draw_sw_letter.c:174
[Warn]	(159.386, +0)	 lv_font_get_bitmap_fmt_txt: Compressed fonts is used but LV_USE_FONT_COMPRESSED is not enabled in lv_conf.h lv_font_fmt_txt.c:213
[Warn]	(159.386, +0)	 draw_letter_cb: Couldn't get the bitmap of a glyph lv_draw_sw_letter.c:174
[Warn]	(159.387, +1)	 lv_font_get_bitmap_fmt_txt: Compressed fonts is used but LV_USE_FONT_COMPRESSED is not enabled in lv_conf.h lv_font_fmt_txt.c:213
[Warn]	(159.387, +0)	 draw_letter_cb: Couldn't get the bitmap of a glyph lv_draw_sw_letter.c:174
[Warn]	(159.387, +0)	 lv_font_get_bitmap_fmt_txt: Compressed fonts is used but LV_USE_FONT_COMPRESSED is not enabled in lv_conf.h lv_font_fmt_txt.c:213
[Warn]	(159.388, +1)	 draw_letter_cb: Couldn't get the bitmap of a glyph lv_draw_sw_letter.c:174
[Warn]	(159.388, +0)	 lv_font_get_bitmap_fmt_txt: Compressed fonts is used but LV_USE_FONT_COMPRESSED is not enabled in lv_conf.h lv_font_fmt_txt.c:213
[Warn]	(159.388, +0)	 draw_letter_cb: Couldn't get the bitmap of a glyph lv_draw_sw_letter.c:174
[Warn]	(159.389, +1)	 lv_font_get_bitmap_fmt_txt: Compressed fonts is used but LV_USE_FONT_COMPRESSED is not enabled in lv_conf.h lv_font_fmt_txt.c:213
[Warn]	(159.389, +0)	 draw_letter_cb: Couldn't get the bitmap of a glyph lv_draw_sw_letter.c:174
[Warn]	(159.413, +24)	 lv_font_get_bitmap_fmt_txt: Compressed fonts is used but LV_USE_FONT_COMPRESSED is not enabled in lv_conf.h lv_font_fmt_txt.c:213
[Warn]	(159.413, +0)	 draw_letter_cb: Couldn't get the bitmap of a glyph lv_draw_sw_letter.c:174
[Warn]	(159.414, +1)	 lv_font_get_bitmap_fmt_txt: Compressed fonts is used but LV_USE_FONT_COMPRESSED is not enabled in lv_conf.h lv_font_fmt_txt.c:213
[Warn]	(159.414, +0)	 draw_letter_cb: Couldn't get the bitmap of a glyph lv_draw_sw_letter.c:174
[Warn]	(159.414, +0)	 lv_font_get_bitmap_fmt_txt: Compressed fonts is used but LV_USE_FONT_COMPRESSED is not enabled in lv_conf.h lv_font_fmt_txt.c:213
[Warn]	(159.415, +1)	 draw_letter_cb: Couldn't get the bitmap of a glyph lv_draw_sw_letter.c:174
[Warn]	(159.415, +0)	 lv_font_get_bitmap_fmt_txt: Compressed fonts is used but LV_USE_FONT_COMPRESSED is not enabled in lv_conf.h lv_font_fmt_txt.c:213
[Warn]	(159.415, +0)	 draw_letter_cb: Couldn't get the bitmap of a glyph lv_draw_sw_letter.c:174
[Warn]	(159.415, +0)	 lv_font_get_bitmap_fmt_txt: Compressed fonts is used but LV_USE_FONT_COMPRESSED is not enabled in lv_conf.h lv_font_fmt_txt.c:213
[Warn]	(159.416, +1)	 draw_letter_cb: Couldn't get the bitmap of a glyph lv_draw_sw_letter.c:174
[Warn]	(159.416, +0)	 lv_font_get_bitmap_fmt_txt: Compressed fonts is used but LV_USE_FONT_COMPRESSED is not enabled in lv_conf.h lv_font_fmt_txt.c:213
[Warn]	(159.416, +0)	 draw_letter_cb: Couldn't get the bitmap of a glyph lv_draw_sw_letter.c:174
[Warn]	(159.417, +1)	 lv_font_get_bitmap_fmt_txt: Compressed fonts is used but LV_USE_FONT_COMPRESSED is not enabled in lv_conf.h lv_font_fmt_txt.c:213
[Warn]	(159.417, +0)	 draw_letter_cb: Couldn't get the bitmap of a glyph lv_draw_sw_letter.c:174
[Warn]	(159.417, +0)	 lv_font_get_bitmap_fmt_txt: Compressed fonts is used but LV_USE_FONT_COMPRESSED is not enabled in lv_conf.h lv_font_fmt_txt.c:213
[Warn]	(159.418, +1)	 draw_letter_cb: Couldn't get the bitmap of a glyph lv_draw_sw_letter.c:174
[Warn]	(159.418, +0)	 lv_font_get_bitmap_fmt_txt: Compressed fonts is used but LV_USE_FONT_COMPRESSED is not enabled in lv_conf.h lv_font_fmt_txt.c:213
[Warn]	(159.418, +0)	 draw_letter_cb: Couldn't get the bitmap of a glyph lv_draw_sw_letter.c:174
[Warn]	(159.418, +0)	 lv_font_get_bitmap_fmt_txt: Compressed fonts is used but LV_USE_FONT_COMPRESSED is not enabled in lv_conf.h lv_font_fmt_txt.c:213
[Warn]	(159.419, +1)	 draw_letter_cb: Couldn't get the bitmap of a glyph lv_draw_sw_letter.c:174
[Warn]	(159.419, +0)	 lv_font_get_bitmap_fmt_txt: Compressed fonts is used but LV_USE_FONT_COMPRESSED is not enabled in lv_conf.h lv_font_fmt_txt.c:213
[Warn]	(159.419, +0)	 draw_letter_cb: Couldn't get the bitmap of a glyph lv_draw_sw_letter.c:174
[Warn]	(159.420, +1)	 lv_font_get_bitmap_fmt_txt: Compressed fonts is used but LV_USE_FONT_COMPRESSED is not enabled in lv_conf.h lv_font_fmt_txt.c:213
[Warn]	(159.420, +0)	 draw_letter_cb: Couldn't get the bitmap of a glyph lv_draw_sw_letter.c:174
[Warn]	(159.420, +0)	 lv_font_get_bitmap_fmt_txt: Compressed fonts is used but LV_USE_FONT_COMPRESSED is not enabled in lv_conf.h lv_font_fmt_txt.c:213
[Warn]	(159.421, +1)	 draw_letter_cb: Couldn't get the bitmap of a glyph lv_draw_sw_letter.c:174
[Warn]	(159.421, +0)	 lv_font_get_bitmap_fmt_txt: Compressed fonts is used but LV_USE_FONT_COMPRESSED is not enabled in lv_conf.h lv_font_fmt_txt.c:213
[Warn]	(159.421, +0)	 draw_letter_cb: Couldn't get the bitmap of a glyph lv_draw_sw_letter.c:174
[Warn]	(159.422, +1)	 lv_font_get_bitmap_fmt_txt: Compressed fonts is used but LV_USE_FONT_COMPRESSED is not enabled in lv_conf.h lv_font_fmt_txt.c:213
[Warn]	(159.422, +0)	 draw_letter_cb: Couldn't get the bitmap of a glyph lv_draw_sw_letter.c:174
[Warn]	(160.093, +671)	 lv_font_get_bitmap_fmt_txt: Compressed fonts is used but LV_USE_FONT_COMPRESSED is not enabled in lv_conf.h lv_font_fmt_txt.c:213
[Warn]	(160.094, +1)	 draw_letter_cb: Couldn't get the bitmap of a glyph lv_draw_sw_letter.c:174
[Warn]	(160.094, +0)	 lv_font_get_bitmap_fmt_txt: Compressed fonts is used but LV_USE_FONT_COMPRESSED is not enabled in lv_conf.h lv_font_fmt_txt.c:213
[Warn]	(160.094, +0)	 draw_letter_cb: Couldn't get the bitmap of a glyph lv_draw_sw_letter.c:174
[Warn]	(160.094, +0)	 lv_font_get_bitmap_fmt_txt: Compressed fonts is used but LV_USE_FONT_COMPRESSED is not enabled in lv_conf.h lv_font_fmt_txt.c:213
[Warn]	(160.095, +1)	 draw_letter_cb: Couldn't get the bitmap of a glyph lv_draw_sw_letter.c:174
[Warn]	(160.095, +0)	 lv_font_get_bitmap_fmt_txt: Compressed fonts is used but LV_USE_FONT_COMPRESSED is not enabled in lv_conf.h lv_font_fmt_txt.c:213
[Warn]	(160.095, +0)	 draw_letter_cb: Couldn't get the bitmap of a glyph lv_draw_sw_letter.c:174
[Warn]	(160.096, +1)	 lv_font_get_bitmap_fmt_txt: Compressed fonts is used but LV_USE_FONT_COMPRESSED is not enabled in lv_conf.h lv_font_fmt_txt.c:213
[Warn]	(160.096, +0)	 draw_letter_cb: Couldn't get the bitmap of a glyph lv_draw_sw_letter.c:174
[Warn]	(160.097, +1)	 lv_font_get_bitmap_fmt_txt: Compressed fonts is used but LV_USE_FONT_COMPRESSED is not enabled in lv_conf.h lv_font_fmt_txt.c:213
[Warn]	(160.097, +0)	 draw_letter_cb: Couldn't get the bitmap of a glyph lv_draw_sw_letter.c:174
[Warn]	(160.098, +1)	 lv_font_get_bitmap_fmt_txt: Compressed fonts is used but LV_USE_FONT_COMPRESSED is not enabled in lv_conf.h lv_font_fmt_txt.c:213
[Warn]	(160.098, +0)	 draw_letter_cb: Couldn't get the bitmap of a glyph lv_draw_sw_letter.c:174
[Warn]	(160.098, +0)	 lv_font_get_bitmap_fmt_txt: Compressed fonts is used but LV_USE_FONT_COMPRESSED is not enabled in lv_conf.h lv_font_fmt_txt.c:213
[Warn]	(160.098, +0)	 draw_letter_cb: Couldn't get the bitmap of a glyph lv_draw_sw_letter.c:174
[Warn]	(160.099, +1)	 lv_font_get_bitmap_fmt_txt: Compressed fonts is used but LV_USE_FONT_COMPRESSED is not enabled in lv_conf.h lv_font_fmt_txt.c:213
[Warn]	(160.099, +0)	 draw_letter_cb: Couldn't get the bitmap of a glyph lv_draw_sw_letter.c:174
[Warn]	(160.099, +0)	 lv_font_get_bitmap_fmt_txt: Compressed fonts is used but LV_USE_FONT_COMPRESSED is not enabled in lv_conf.h lv_font_fmt_txt.c:213
[Warn]	(160.100, +1)	 draw_letter_cb: Couldn't get the bitmap of a glyph lv_draw_sw_letter.c:174
[Warn]	(160.100, +0)	 lv_font_get_bitmap_fmt_txt: Compressed fonts is used but LV_USE_FONT_COMPRESSED is not enabled in lv_conf.h lv_font_fmt_txt.c:213
[Warn]	(160.100, +0)	 draw_letter_cb: Couldn't get the bitmap of a glyph lv_draw_sw_letter.c:174
[Warn]	(160.101, +1)	 lv_font_get_bitmap_fmt_txt: Compressed fonts is used but LV_USE_FONT_COMPRESSED is not enabled in lv_conf.h lv_font_fmt_txt.c:213
[Warn]	(160.101, +0)	 draw_letter_cb: Couldn't get the bitmap of a glyph lv_draw_sw_letter.c:174
[Warn]	(160.101, +0)	 lv_font_get_bitmap_fmt_txt: Compressed fonts is used but LV_USE_FONT_COMPRESSED is not enabled in lv_conf.h lv_font_fmt_txt.c:213
[Warn]	(160.102, +1)	 draw_letter_cb: Couldn't get the bitmap of a glyph lv_draw_sw_letter.c:174
[Warn]	(160.102, +0)	 lv_font_get_bitmap_fmt_txt: Compressed fonts is used but LV_USE_FONT_COMPRESSED is not enabled in lv_conf.h lv_font_fmt_txt.c:213
[Warn]	(160.102, +0)	 draw_letter_cb: Couldn't get the bitmap of a glyph lv_draw_sw_letter.c:174
[Warn]	(160.102, +0)	 lv_font_get_bitmap_fmt_txt: Compressed fonts is used but LV_USE_FONT_COMPRESSED is not enabled in lv_conf.h lv_font_fmt_txt.c:213
[Warn]	(160.103, +1)	 draw_letter_cb: Couldn't get the bitmap of a glyph lv_draw_sw_letter.c:174
[Warn]	(160.158, +55)	 lv_font_get_bitmap_fmt_txt: Compressed fonts is used but LV_USE_FONT_COMPRESSED is not enabled in lv_conf.h lv_font_fmt_txt.c:213
[Warn]	(160.158, +0)	 draw_letter_cb: Couldn't get the bitmap of a glyph lv_draw_sw_letter.c:174
[Warn]	(160.159, +1)	 lv_font_get_bitmap_fmt_txt: Compressed fonts is used but LV_USE_FONT_COMPRESSED is not enabled in lv_conf.h lv_font_fmt_txt.c:213
[Warn]	(160.159, +0)	 draw_letter_cb: Couldn't get the bitmap of a glyph lv_draw_sw_letter.c:174
[Warn]	(160.159, +0)	 lv_font_get_bitmap_fmt_txt: Compressed fonts is used but LV_USE_FONT_COMPRESSED is not enabled in lv_conf.h lv_font_fmt_txt.c:213
[Warn]	(160.160, +1)	 draw_letter_cb: Couldn't get the bitmap of a glyph lv_draw_sw_letter.c:174
[Warn]	(160.160, +0)	 lv_font_get_bitmap_fmt_txt: Compressed fonts is used but LV_USE_FONT_COMPRESSED is not enabled in lv_conf.h lv_font_fmt_txt.c:213
[Warn]	(160.160, +0)	 draw_letter_cb: Couldn't get the bitmap of a glyph lv_draw_sw_letter.c:174
[Warn]	(160.161, +1)	 lv_font_get_bitmap_fmt_txt: Compressed fonts is used but LV_USE_FONT_COMPRESSED is not enabled in lv_conf.h lv_font_fmt_txt.c:213
[Warn]	(160.161, +0)	 draw_letter_cb: Couldn't get the bitmap of a glyph lv_draw_sw_letter.c:174
[Warn]	(160.161, +0)	 lv_font_get_bitmap_fmt_txt: Compressed fonts is used but LV_USE_FONT_COMPRESSED is not enabled in lv_conf.h lv_font_fmt_txt.c:213
[Warn]	(160.162, +1)	 draw_letter_cb: Couldn't get the bitmap of a glyph lv_draw_sw_letter.c:174
[Warn]	(160.162, +0)	 lv_font_get_bitmap_fmt_txt: Compressed fonts is used but LV_USE_FONT_COMPRESSED is not enabled in lv_conf.h lv_font_fmt_txt.c:213
[Warn]	(160.162, +0)	 draw_letter_cb: Couldn't get the bitmap of a glyph lv_draw_sw_letter.c:174
[Warn]	(160.163, +1)	 lv_font_get_bitmap_fmt_txt: Compressed fonts is used but LV_USE_FONT_COMPRESSED is not enabled in lv_conf.h lv_font_fmt_txt.c:213
[Warn]	(160.163, +0)	 draw_letter_cb: Couldn't get the bitmap of a glyph lv_draw_sw_letter.c:174
[Warn]	(160.163, +0)	 lv_font_get_bitmap_fmt_txt: Compressed fonts is used but LV_USE_FONT_COMPRESSED is not enabled in lv_conf.h lv_font_fmt_txt.c:213
[Warn]	(160.163, +0)	 draw_letter_cb: Couldn't get the bitmap of a glyph lv_draw_sw_letter.c:174
[Warn]	(160.164, +1)	 lv_font_get_bitmap_fmt_txt: Compressed fonts is used but LV_USE_FONT_COMPRESSED is not enabled in lv_conf.h lv_font_fmt_txt.c:213
[Warn]	(160.164, +0)	 draw_letter_cb: Couldn't get the bitmap of a glyph lv_draw_sw_letter.c:174
[Warn]	(160.164, +0)	 lv_font_get_bitmap_fmt_txt: Compressed fonts is used but LV_USE_FONT_COMPRESSED is not enabled in lv_conf.h lv_font_fmt_txt.c:213
[Warn]	(160.165, +1)	 draw_letter_cb: Couldn't get the bitmap of a glyph lv_draw_sw_letter.c:174
[Warn]	(160.165, +0)	 lv_font_get_bitmap_fmt_txt: Compressed fonts is used but LV_USE_FONT_COMPRESSED is not enabled in lv_conf.h lv_font_fmt_txt.c:213
[Warn]	(160.165, +0)	 draw_letter_cb: Couldn't get the bitmap of a glyph lv_draw_sw_letter.c:174
[Warn]	(160.166, +1)	 lv_font_get_bitmap_fmt_txt: Compressed fonts is used but LV_USE_FONT_COMPRESSED is not enabled in lv_conf.h lv_font_fmt_txt.c:213
[Warn]	(160.166, +0)	 draw_letter_cb: Couldn't get the bitmap of a glyph lv_draw_sw_letter.c:174
[Warn]	(160.166, +0)	 lv_font_get_bitmap_fmt_txt: Compressed fonts is used but LV_USE_FONT_COMPRESSED is not enabled in lv_conf.h lv_font_fmt_txt.c:213
[Warn]	(160.167, +1)	 draw_letter_cb: Couldn't get the bitmap of a glyph lv_draw_sw_letter.c:174
[Warn]	(160.167, +0)	 lv_font_get_bitmap_fmt_txt: Compressed fonts is used but LV_USE_FONT_COMPRESSED is not enabled in lv_conf.h lv_font_fmt_txt.c:213
[Warn]	(160.167, +0)	 draw_letter_cb: Couldn't get the bitmap of a glyph lv_draw_sw_letter.c:174
[Warn]	(160.191, +24)	 lv_font_get_bitmap_fmt_txt: Compressed fonts is used but LV_USE_FONT_COMPRESSED is not enabled in lv_conf.h lv_font_fmt_txt.c:213
[Warn]	(160.191, +0)	 draw_letter_cb: Couldn't get the bitmap of a glyph lv_draw_sw_letter.c:174
[Warn]	(160.192, +1)	 lv_font_get_bitmap_fmt_txt: Compressed fonts is used but LV_USE_FONT_COMPRESSED is not enabled in lv_conf.h lv_font_fmt_txt.c:213
[Warn]	(160.192, +0)	 draw_letter_cb: Couldn't get the bitmap of a glyph lv_draw_sw_letter.c:174
[Warn]	(160.192, +0)	 lv_font_get_bitmap_fmt_txt: Compressed fonts is used but LV_USE_FONT_COMPRESSED is not enabled in lv_conf.h lv_font_fmt_txt.c:213
[Warn]	(160.193, +1)	 draw_letter_cb: Couldn't get the bitmap of a glyph lv_draw_sw_letter.c:174
[Warn]	(160.193, +0)	 lv_font_get_bitmap_fmt_txt: Compressed fonts is used but LV_USE_FONT_COMPRESSED is not enabled in lv_conf.h lv_font_fmt_txt.c:213
[Warn]	(160.193, +0)	 draw_letter_cb: Couldn't get the bitmap of a glyph lv_draw_sw_letter.c:174
[Warn]	(160.194, +1)	 lv_font_get_bitmap_fmt_txt: Compressed fonts is used but LV_USE_FONT_COMPRESSED is not enabled in lv_conf.h lv_font_fmt_txt.c:213
[Warn]	(160.194, +0)	 draw_letter_cb: Couldn't get the bitmap of a glyph lv_draw_sw_letter.c:174
[Warn]	(160.194, +0)	 lv_font_get_bitmap_fmt_txt: Compressed fonts is used but LV_USE_FONT_COMPRESSED is not enabled in lv_conf.h lv_font_fmt_txt.c:213
[Warn]	(160.195, +1)	 draw_letter_cb: Couldn't get the bitmap of a glyph lv_draw_sw_letter.c:174
[Warn]	(160.195, +0)	 lv_font_get_bitmap_fmt_txt: Compressed fonts is used but LV_USE_FONT_COMPRESSED is not enabled in lv_conf.h lv_font_fmt_txt.c:213
[Warn]	(160.195, +0)	 draw_letter_cb: Couldn't get the bitmap of a glyph lv_draw_sw_letter.c:174
[Warn]	(160.195, +0)	 lv_font_get_bitmap_fmt_txt: Compressed fonts is used but LV_USE_FONT_COMPRESSED is not enabled in lv_conf.h lv_font_fmt_txt.c:213
[Warn]	(160.196, +1)	 draw_letter_cb: Couldn't get the bitmap of a glyph lv_draw_sw_letter.c:174
[Warn]	(160.196, +0)	 lv_font_get_bitmap_fmt_txt: Compressed fonts is used but LV_USE_FONT_COMPRESSED is not enabled in lv_conf.h lv_font_fmt_txt.c:213
[Warn]	(160.196, +0)	 draw_letter_cb: Couldn't get the bitmap of a glyph lv_draw_sw_letter.c:174
[Warn]	(160.197, +1)	 lv_font_get_bitmap_fmt_txt: Compressed fonts is used but LV_USE_FONT_COMPRESSED is not enabled in lv_conf.h lv_font_fmt_txt.c:213
[Warn]	(160.197, +0)	 draw_letter_cb: Couldn't get the bitmap of a glyph lv_draw_sw_letter.c:174
[Warn]	(160.197, +0)	 lv_font_get_bitmap_fmt_txt: Compressed fonts is used but LV_USE_FONT_COMPRESSED is not enabled in lv_conf.h lv_font_fmt_txt.c:213
[Warn]	(160.198, +1)	 draw_letter_cb: Couldn't get the bitmap of a glyph lv_draw_sw_letter.c:174
[Warn]	(160.198, +0)	 lv_font_get_bitmap_fmt_txt: Compressed fonts is used but LV_USE_FONT_COMPRESSED is not enabled in lv_conf.h lv_font_fmt_txt.c:213
[Warn]	(160.199, +1)	 draw_letter_cb: Couldn't get the bitmap of a glyph lv_draw_sw_letter.c:174
[Warn]	(160.199, +0)	 lv_font_get_bitmap_fmt_txt: Compressed fonts is used but LV_USE_FONT_COMPRESSED is not enabled in lv_conf.h lv_font_fmt_txt.c:213
[Warn]	(160.199, +0)	 draw_letter_cb: Couldn't get the bitmap of a glyph lv_draw_sw_letter.c:174
[Warn]	(160.199, +0)	 lv_font_get_bitmap_fmt_txt: Compressed fonts is used but LV_USE_FONT_COMPRESSED is not enabled in lv_conf.h lv_font_fmt_txt.c:213
[Warn]	(160.200, +1)	 draw_letter_cb: Couldn't get the bitmap of a glyph lv_draw_sw_letter.c:174
[Warn]	(160.200, +0)	 lv_font_get_bitmap_fmt_txt: Compressed fonts is used but LV_USE_FONT_COMPRESSED is not enabled in lv_conf.h lv_font_fmt_txt.c:213
[Warn]	(160.200, +0)	 draw_letter_cb: Couldn't get the bitmap of a glyph lv_draw_sw_letter.c:174
[Warn]	(160.327, +127)	 lv_font_get_bitmap_fmt_txt: Compressed fonts is used but LV_USE_FONT_COMPRESSED is not enabled in lv_conf.h lv_font_fmt_txt.c:213
[Warn]	(160.327, +0)	 draw_letter_cb: Couldn't get the bitmap of a glyph lv_draw_sw_letter.c:174
[Warn]	(160.327, +0)	 lv_font_get_bitmap_fmt_txt: Compressed fonts is used but LV_USE_FONT_COMPRESSED is not enabled in lv_conf.h lv_font_fmt_txt.c:213
[Warn]	(160.328, +1)	 draw_letter_cb: Couldn't get the bitmap of a glyph lv_draw_sw_letter.c:174
[Warn]	(160.328, +0)	 lv_font_get_bitmap_fmt_txt: Compressed fonts is used but LV_USE_FONT_COMPRESSED is not enabled in lv_conf.h lv_font_fmt_txt.c:213
[Warn]	(160.328, +0)	 draw_letter_cb: Couldn't get the bitmap of a glyph lv_draw_sw_letter.c:174
[Warn]	(160.329, +1)	 lv_font_get_bitmap_fmt_txt: Compressed fonts is used but LV_USE_FONT_COMPRESSED is not enabled in lv_conf.h lv_font_fmt_txt.c:213
[Warn]	(160.329, +0)	 draw_letter_cb: Couldn't get the bitmap of a glyph lv_draw_sw_letter.c:174
[Warn]	(160.329, +0)	 lv_font_get_bitmap_fmt_txt: Compressed fonts is used but LV_USE_FONT_COMPRESSED is not enabled in lv_conf.h lv_font_fmt_txt.c:213
[Warn]	(160.330, +1)	 draw_letter_cb: Couldn't get the bitmap of a glyph lv_draw_sw_letter.c:174
[Warn]	(160.330, +0)	 lv_font_get_bitmap_fmt_txt: Compressed fonts is used but LV_USE_FONT_COMPRESSED is not enabled in lv_conf.h lv_font_fmt_txt.c:213
[Warn]	(160.330, +0)	 draw_letter_cb: Couldn't get the bitmap of a glyph lv_draw_sw_letter.c:174
[Warn]	(160.331, +1)	 lv_font_get_bitmap_fmt_txt: Compressed fonts is used but LV_USE_FONT_COMPRESSED is not enabled in lv_conf.h lv_font_fmt_txt.c:213
[Warn]	(160.331, +0)	 draw_letter_cb: Couldn't get the bitmap of a glyph lv_draw_sw_letter.c:174
[Warn]	(160.331, +0)	 lv_font_get_bitmap_fmt_txt: Compressed fonts is used but LV_USE_FONT_COMPRESSED is not enabled in lv_conf.h lv_font_fmt_txt.c:213
[Warn]	(160.332, +1)	 draw_letter_cb: Couldn't get the bitmap of a glyph lv_draw_sw_letter.c:174
[Warn]	(160.332, +0)	 lv_font_get_bitmap_fmt_txt: Compressed fonts is used but LV_USE_FONT_COMPRESSED is not enabled in lv_conf.h lv_font_fmt_txt.c:213
[Warn]	(160.332, +0)	 draw_letter_cb: Couldn't get the bitmap of a glyph lv_draw_sw_letter.c:174
[Warn]	(160.332, +0)	 lv_font_get_bitmap_fmt_txt: Compressed fonts is used but LV_USE_FONT_COMPRESSED is not enabled in lv_conf.h lv_font_fmt_txt.c:213
[Warn]	(160.333, +1)	 draw_letter_cb: Couldn't get the bitmap of a glyph lv_draw_sw_letter.c:174
[Warn]	(160.333, +0)	 lv_font_get_bitmap_fmt_txt: Compressed fonts is used but LV_USE_FONT_COMPRESSED is not enabled in lv_conf.h lv_font_fmt_txt.c:213
[Warn]	(160.333, +0)	 draw_letter_cb: Couldn't get the bitmap of a glyph lv_draw_sw_letter.c:174
[Warn]	(160.334, +1)	 lv_font_get_bitmap_fmt_txt: Compressed fonts is used but LV_USE_FONT_COMPRESSED is not enabled in lv_conf.h lv_font_fmt_txt.c:213
[Warn]	(160.334, +0)	 draw_letter_cb: Couldn't get the bitmap of a glyph lv_draw_sw_letter.c:174
[Warn]	(160.334, +0)	 lv_font_get_bitmap_fmt_txt: Compressed fonts is used but LV_USE_FONT_COMPRESSED is not enabled in lv_conf.h lv_font_fmt_txt.c:213
[Warn]	(160.335, +1)	 draw_letter_cb: Couldn't get the bitmap of a glyph lv_draw_sw_letter.c:174
[Warn]	(160.335, +0)	 lv_font_get_bitmap_fmt_txt: Compressed fonts is used but LV_USE_FONT_COMPRESSED is not enabled in lv_conf.h lv_font_fmt_txt.c:213
[Warn]	(160.335, +0)	 draw_letter_cb: Couldn't get the bitmap of a glyph lv_draw_sw_letter.c:174
[Warn]	(160.335, +0)	 lv_font_get_bitmap_fmt_txt: Compressed fonts is used but LV_USE_FONT_COMPRESSED is not enabled in lv_conf.h lv_font_fmt_txt.c:213
[Warn]	(160.336, +1)	 draw_letter_cb: Couldn't get the bitmap of a glyph lv_draw_sw_letter.c:174
[Warn]	(160.360, +24)	 lv_font_get_bitmap_fmt_txt: Compressed fonts is used but LV_USE_FONT_COMPRESSED is not enabled in lv_conf.h lv_font_fmt_txt.c:213
[Warn]	(160.360, +0)	 draw_letter_cb: Couldn't get the bitmap of a glyph lv_draw_sw_letter.c:174
[Warn]	(160.361, +1)	 lv_font_get_bitmap_fmt_txt: Compressed fonts is used but LV_USE_FONT_COMPRESSED is not enabled in lv_conf.h lv_font_fmt_txt.c:213
[Warn]	(160.361, +0)	 draw_letter_cb: Couldn't get the bitmap of a glyph lv_draw_sw_letter.c:174
[Warn]	(160.361, +0)	 lv_font_get_bitmap_fmt_txt: Compressed fonts is used but LV_USE_FONT_COMPRESSED is not enabled in lv_conf.h lv_font_fmt_txt.c:213
[Warn]	(160.362, +1)	 draw_letter_cb: Couldn't get the bitmap of a glyph lv_draw_sw_letter.c:174
[Warn]	(160.362, +0)	 lv_font_get_bitmap_fmt_txt: Compressed fonts is used but LV_USE_FONT_COMPRESSED is not enabled in lv_conf.h lv_font_fmt_txt.c:213
[Warn]	(160.362, +0)	 draw_letter_cb: Couldn't get the bitmap of a glyph lv_draw_sw_letter.c:174
[Warn]	(160.363, +1)	 lv_font_get_bitmap_fmt_txt: Compressed fonts is used but LV_USE_FONT_COMPRESSED is not enabled in lv_conf.h lv_font_fmt_txt.c:213
[Warn]	(160.363, +0)	 draw_letter_cb: Couldn't get the bitmap of a glyph lv_draw_sw_letter.c:174
[Warn]	(160.363, +0)	 lv_font_get_bitmap_fmt_txt: Compressed fonts is used but LV_USE_FONT_COMPRESSED is not enabled in lv_conf.h lv_font_fmt_txt.c:213
[Warn]	(160.364, +1)	 draw_letter_cb: Couldn't get the bitmap of a glyph lv_draw_sw_letter.c:174
[Warn]	(160.364, +0)	 lv_font_get_bitmap_fmt_txt: Compressed fonts is used but LV_USE_FONT_COMPRESSED is not enabled in lv_conf.h lv_font_fmt_txt.c:213
[Warn]	(160.364, +0)	 draw_letter_cb: Couldn't get the bitmap of a glyph lv_draw_sw_letter.c:174
[Warn]	(160.364, +0)	 lv_font_get_bitmap_fmt_txt: Compressed fonts is used but LV_USE_FONT_COMPRESSED is not enabled in lv_conf.h lv_font_fmt_txt.c:213
[Warn]	(160.365, +1)	 draw_letter_cb: Couldn't get the bitmap of a glyph lv_draw_sw_letter.c:174
[Warn]	(160.365, +0)	 lv_font_get_bitmap_fmt_txt: Compressed fonts is used but LV_USE_FONT_COMPRESSED is not enabled in lv_conf.h lv_font_fmt_txt.c:213
[Warn]	(160.365, +0)	 draw_letter_cb: Couldn't get the bitmap of a glyph lv_draw_sw_letter.c:174
[Warn]	(160.366, +1)	 lv_font_get_bitmap_fmt_txt: Compressed fonts is used but LV_USE_FONT_COMPRESSED is not enabled in lv_conf.h lv_font_fmt_txt.c:213
[Warn]	(160.366, +0)	 draw_letter_cb: Couldn't get the bitmap of a glyph lv_draw_sw_letter.c:174
[Warn]	(160.366, +0)	 lv_font_get_bitmap_fmt_txt: Compressed fonts is used but LV_USE_FONT_COMPRESSED is not enabled in lv_conf.h lv_font_fmt_txt.c:213
[Warn]	(160.367, +1)	 draw_letter_cb: Couldn't get the bitmap of a glyph lv_draw_sw_letter.c:174
[Warn]	(160.367, +0)	 lv_font_get_bitmap_fmt_txt: Compressed fonts is used but LV_USE_FONT_COMPRESSED is not enabled in lv_conf.h lv_font_fmt_txt.c:213
[Warn]	(160.367, +0)	 draw_letter_cb: Couldn't get the bitmap of a glyph lv_draw_sw_letter.c:174
[Warn]	(160.368, +1)	 lv_font_get_bitmap_fmt_txt: Compressed fonts is used but LV_USE_FONT_COMPRESSED is not enabled in lv_conf.h lv_font_fmt_txt.c:213
[Warn]	(160.368, +0)	 draw_letter_cb: Couldn't get the bitmap of a glyph lv_draw_sw_letter.c:174
[Warn]	(160.368, +0)	 lv_font_get_bitmap_fmt_txt: Compressed fonts is used but LV_USE_FONT_COMPRESSED is not enabled in lv_conf.h lv_font_fmt_txt.c:213
[Warn]	(160.368, +0)	 draw_letter_cb: Couldn't get the bitmap of a glyph lv_draw_sw_letter.c:174
[Warn]	(160.369, +1)	 lv_font_get_bitmap_fmt_txt: Compressed fonts is used but LV_USE_FONT_COMPRESSED is not enabled in lv_conf.h lv_font_fmt_txt.c:213
[Warn]	(160.369, +0)	 draw_letter_cb: Couldn't get the bitmap of a glyph lv_draw_sw_letter.c:174
[Warn]	(160.441, +72)	 lv_font_get_bitmap_fmt_txt: Compressed fonts is used but LV_USE_FONT_COMPRESSED is not enabled in lv_conf.h lv_font_fmt_txt.c:213
[Warn]	(160.441, +0)	 draw_letter_cb: Couldn't get the bitmap of a glyph lv_draw_sw_letter.c:174
[Warn]	(160.442, +1)	 lv_font_get_bitmap_fmt_txt: Compressed fonts is used but LV_USE_FONT_COMPRESSED is not enabled in lv_conf.h lv_font_fmt_txt.c:213
[Warn]	(160.442, +0)	 draw_letter_cb: Couldn't get the bitmap of a glyph lv_draw_sw_letter.c:174
[Warn]	(160.442, +0)	 lv_font_get_bitmap_fmt_txt: Compressed fonts is used but LV_USE_FONT_COMPRESSED is not enabled in lv_conf.h lv_font_fmt_txt.c:213
[Warn]	(160.443, +1)	 draw_letter_cb: Couldn't get the bitmap of a glyph lv_draw_sw_letter.c:174
[Warn]	(160.443, +0)	 lv_font_get_bitmap_fmt_txt: Compressed fonts is used but LV_USE_FONT_COMPRESSED is not enabled in lv_conf.h lv_font_fmt_txt.c:213
[Warn]	(160.444, +1)	 draw_letter_cb: Couldn't get the bitmap of a glyph lv_draw_sw_letter.c:174
[Warn]	(160.444, +0)	 lv_font_get_bitmap_fmt_txt: Compressed fonts is used but LV_USE_FONT_COMPRESSED is not enabled in lv_conf.h lv_font_fmt_txt.c:213
[Warn]	(160.444, +0)	 draw_letter_cb: Couldn't get the bitmap of a glyph lv_draw_sw_letter.c:174
[Warn]	(160.444, +0)	 lv_font_get_bitmap_fmt_txt: Compressed fonts is used but LV_USE_FONT_COMPRESSED is not enabled in lv_conf.h lv_font_fmt_txt.c:213
[Warn]	(160.445, +1)	 draw_letter_cb: Couldn't get the bitmap of a glyph lv_draw_sw_letter.c:174
[Warn]	(160.445, +0)	 lv_font_get_bitmap_fmt_txt: Compressed fonts is used but LV_USE_FONT_COMPRESSED is not enabled in lv_conf.h lv_font_fmt_txt.c:213
[Warn]	(160.445, +0)	 draw_letter_cb: Couldn't get the bitmap of a glyph lv_draw_sw_letter.c:174
[Warn]	(160.446, +1)	 lv_font_get_bitmap_fmt_txt: Compressed fonts is used but LV_USE_FONT_COMPRESSED is not enabled in lv_conf.h lv_font_fmt_txt.c:213
[Warn]	(160.446, +0)	 draw_letter_cb: Couldn't get the bitmap of a glyph lv_draw_sw_letter.c:174
[Warn]	(160.446, +0)	 lv_font_get_bitmap_fmt_txt: Compressed fonts is used but LV_USE_FONT_COMPRESSED is not enabled in lv_conf.h lv_font_fmt_txt.c:213
[Warn]	(160.447, +1)	 draw_letter_cb: Couldn't get the bitmap of a glyph lv_draw_sw_letter.c:174
[Warn]	(160.447, +0)	 lv_font_get_bitmap_fmt_txt: Compressed fonts is used but LV_USE_FONT_COMPRESSED is not enabled in lv_conf.h lv_font_fmt_txt.c:213
[Warn]	(160.447, +0)	 draw_letter_cb: Couldn't get the bitmap of a glyph lv_draw_sw_letter.c:174
[Warn]	(160.448, +1)	 lv_font_get_bitmap_fmt_txt: Compressed fonts is used but LV_USE_FONT_COMPRESSED is not enabled in lv_conf.h lv_font_fmt_txt.c:213
[Warn]	(160.448, +0)	 draw_letter_cb: Couldn't get the bitmap of a glyph lv_draw_sw_letter.c:174
[Warn]	(160.448, +0)	 lv_font_get_bitmap_fmt_txt: Compressed fonts is used but LV_USE_FONT_COMPRESSED is not enabled in lv_conf.h lv_font_fmt_txt.c:213
[Warn]	(160.449, +1)	 draw_letter_cb: Couldn't get the bitmap of a glyph lv_draw_sw_letter.c:174
[Warn]	(160.449, +0)	 lv_font_get_bitmap_fmt_txt: Compressed fonts is used but LV_USE_FONT_COMPRESSED is not enabled in lv_conf.h lv_font_fmt_txt.c:213
[Warn]	(160.449, +0)	 draw_letter_cb: Couldn't get the bitmap of a glyph lv_draw_sw_letter.c:174
[Warn]	(160.449, +0)	 lv_font_get_bitmap_fmt_txt: Compressed fonts is used but LV_USE_FONT_COMPRESSED is not enabled in lv_conf.h lv_font_fmt_txt.c:213
[Warn]	(160.450, +1)	 draw_letter_cb: Couldn't get the bitmap of a glyph lv_draw_sw_letter.c:174
[Warn]	(160.450, +0)	 lv_font_get_bitmap_fmt_txt: Compressed fonts is used but LV_USE_FONT_COMPRESSED is not enabled in lv_conf.h lv_font_fmt_txt.c:213
[Warn]	(160.450, +0)	 draw_letter_cb: Couldn't get the bitmap of a glyph lv_draw_sw_letter.c:174
[Warn]	(160.474, +24)	 lv_font_get_bitmap_fmt_txt: Compressed fonts is used but LV_USE_FONT_COMPRESSED is not enabled in lv_conf.h lv_font_fmt_txt.c:213
[Warn]	(160.474, +0)	 draw_letter_cb: Couldn't get the bitmap of a glyph lv_draw_sw_letter.c:174
[Warn]	(160.475, +1)	 lv_font_get_bitmap_fmt_txt: Compressed fonts is used but LV_USE_FONT_COMPRESSED is not enabled in lv_conf.h lv_font_fmt_txt.c:213
[Warn]	(160.475, +0)	 draw_letter_cb: Couldn't get the bitmap of a glyph lv_draw_sw_letter.c:174
[Warn]	(160.475, +0)	 lv_font_get_bitmap_fmt_txt: Compressed fonts is used but LV_USE_FONT_COMPRESSED is not enabled in lv_conf.h lv_font_fmt_txt.c:213
[Warn]	(160.476, +1)	 draw_letter_cb: Couldn't get the bitmap of a glyph lv_draw_sw_letter.c:174
[Warn]	(160.476, +0)	 lv_font_get_bitmap_fmt_txt: Compressed fonts is used but LV_USE_FONT_COMPRESSED is not enabled in lv_conf.h lv_font_fmt_txt.c:213
[Warn]	(160.476, +0)	 draw_letter_cb: Couldn't get the bitmap of a glyph lv_draw_sw_letter.c:174
[Warn]	(160.476, +0)	 lv_font_get_bitmap_fmt_txt: Compressed fonts is used but LV_USE_FONT_COMPRESSED is not enabled in lv_conf.h lv_font_fmt_txt.c:213
[Warn]	(160.477, +1)	 draw_letter_cb: Couldn't get the bitmap of a glyph lv_draw_sw_letter.c:174
[Warn]	(160.477, +0)	 lv_font_get_bitmap_fmt_txt: Compressed fonts is used but LV_USE_FONT_COMPRESSED is not enabled in lv_conf.h lv_font_fmt_txt.c:213
[Warn]	(160.477, +0)	 draw_letter_cb: Couldn't get the bitmap of a glyph lv_draw_sw_letter.c:174
[Warn]	(160.478, +1)	 lv_font_get_bitmap_fmt_txt: Compressed fonts is used but LV_USE_FONT_COMPRESSED is not enabled in lv_conf.h lv_font_fmt_txt.c:213
[Warn]	(160.478, +0)	 draw_letter_cb: Couldn't get the bitmap of a glyph lv_draw_sw_letter.c:174
[Warn]	(160.478, +0)	 lv_font_get_bitmap_fmt_txt: Compressed fonts is used but LV_USE_FONT_COMPRESSED is not enabled in lv_conf.h lv_font_fmt_txt.c:213
[Warn]	(160.479, +1)	 draw_letter_cb: Couldn't get the bitmap of a glyph lv_draw_sw_letter.c:174
[Warn]	(160.479, +0)	 lv_font_get_bitmap_fmt_txt: Compressed fonts is used but LV_USE_FONT_COMPRESSED is not enabled in lv_conf.h lv_font_fmt_txt.c:213
[Warn]	(160.479, +0)	 draw_letter_cb: Couldn't get the bitmap of a glyph lv_draw_sw_letter.c:174
[Warn]	(160.480, +1)	 lv_font_get_bitmap_fmt_txt: Compressed fonts is used but LV_USE_FONT_COMPRESSED is not enabled in lv_conf.h lv_font_fmt_txt.c:213
[Warn]	(160.480, +0)	 draw_letter_cb: Couldn't get the bitmap of a glyph lv_draw_sw_letter.c:174
[Warn]	(160.480, +0)	 lv_font_get_bitmap_fmt_txt: Compressed fonts is used but LV_USE_FONT_COMPRESSED is not enabled in lv_conf.h lv_font_fmt_txt.c:213
[Warn]	(160.481, +1)	 draw_letter_cb: Couldn't get the bitmap of a glyph lv_draw_sw_letter.c:174
[Warn]	(160.481, +0)	 lv_font_get_bitmap_fmt_txt: Compressed fonts is used but LV_USE_FONT_COMPRESSED is not enabled in lv_conf.h lv_font_fmt_txt.c:213
[Warn]	(160.481, +0)	 draw_letter_cb: Couldn't get the bitmap of a glyph lv_draw_sw_letter.c:174
[Warn]	(160.481, +0)	 lv_font_get_bitmap_fmt_txt: Compressed fonts is used but LV_USE_FONT_COMPRESSED is not enabled in lv_conf.h lv_font_fmt_txt.c:213
[Warn]	(160.482, +1)	 draw_letter_cb: Couldn't get the bitmap of a glyph lv_draw_sw_letter.c:174
[Warn]	(160.482, +0)	 lv_font_get_bitmap_fmt_txt: Compressed fonts is used but LV_USE_FONT_COMPRESSED is not enabled in lv_conf.h lv_font_fmt_txt.c:213
[Warn]	(160.482, +0)	 draw_letter_cb: Couldn't get the bitmap of a glyph lv_draw_sw_letter.c:174
[Warn]	(160.483, +1)	 lv_font_get_bitmap_fmt_txt: Compressed fonts is used but LV_USE_FONT_COMPRESSED is not enabled in lv_conf.h lv_font_fmt_txt.c:213
[Warn]	(160.483, +0)	 draw_letter_cb: Couldn't get the bitmap of a glyph lv_draw_sw_letter.c:174
[Warn]	(160.507, +24)	 lv_font_get_bitmap_fmt_txt: Compressed fonts is used but LV_USE_FONT_COMPRESSED is not enabled in lv_conf.h lv_font_fmt_txt.c:213
[Warn]	(160.507, +0)	 draw_letter_cb: Couldn't get the bitmap of a glyph lv_draw_sw_letter.c:174
[Warn]	(160.508, +1)	 lv_font_get_bitmap_fmt_txt: Compressed fonts is used but LV_USE_FONT_COMPRESSED is not enabled in lv_conf.h lv_font_fmt_txt.c:213
[Warn]	(160.508, +0)	 draw_letter_cb: Couldn't get the bitmap of a glyph lv_draw_sw_letter.c:174
[Warn]	(160.508, +0)	 lv_font_get_bitmap_fmt_txt: Compressed fonts is used but LV_USE_FONT_COMPRESSED is not enabled in lv_conf.h lv_font_fmt_txt.c:213
[Warn]	(160.509, +1)	 draw_letter_cb: Couldn't get the bitmap of a glyph lv_draw_sw_letter.c:174
[Warn]	(160.509, +0)	 lv_font_get_bitmap_fmt_txt: Compressed fonts is used but LV_USE_FONT_COMPRESSED is not enabled in lv_conf.h lv_font_fmt_txt.c:213
[Warn]	(160.509, +0)	 draw_letter_cb: Couldn't get the bitmap of a glyph lv_draw_sw_letter.c:174
[Warn]	(160.509, +0)	 lv_font_get_bitmap_fmt_txt: Compressed fonts is used but LV_USE_FONT_COMPRESSED is not enabled in lv_conf.h lv_font_fmt_txt.c:213
[Warn]	(160.510, +1)	 draw_letter_cb: Couldn't get the bitmap of a glyph lv_draw_sw_letter.c:174
[Warn]	(160.510, +0)	 lv_font_get_bitmap_fmt_txt: Compressed fonts is used but LV_USE_FONT_COMPRESSED is not enabled in lv_conf.h lv_font_fmt_txt.c:213
[Warn]	(160.510, +0)	 draw_letter_cb: Couldn't get the bitmap of a glyph lv_draw_sw_letter.c:174
[Warn]	(160.511, +1)	 lv_font_get_bitmap_fmt_txt: Compressed fonts is used but LV_USE_FONT_COMPRESSED is not enabled in lv_conf.h lv_font_fmt_txt.c:213
[Warn]	(160.511, +0)	 draw_letter_cb: Couldn't get the bitmap of a glyph lv_draw_sw_letter.c:174
[Warn]	(160.511, +0)	 lv_font_get_bitmap_fmt_txt: Compressed fonts is used but LV_USE_FONT_COMPRESSED is not enabled in lv_conf.h lv_font_fmt_txt.c:213
[Warn]	(160.512, +1)	 draw_letter_cb: Couldn't get the bitmap of a glyph lv_draw_sw_letter.c:174
[Warn]	(160.512, +0)	 lv_font_get_bitmap_fmt_txt: Compressed fonts is used but LV_USE_FONT_COMPRESSED is not enabled in lv_conf.h lv_font_fmt_txt.c:213
[Warn]	(160.512, +0)	 draw_letter_cb: Couldn't get the bitmap of a glyph lv_draw_sw_letter.c:174
[Warn]	(160.513, +1)	 lv_font_get_bitmap_fmt_txt: Compressed fonts is used but LV_USE_FONT_COMPRESSED is not enabled in lv_conf.h lv_font_fmt_txt.c:213
[Warn]	(160.513, +0)	 draw_letter_cb: Couldn't get the bitmap of a glyph lv_draw_sw_letter.c:174
[Warn]	(160.513, +0)	 lv_font_get_bitmap_fmt_txt: Compressed fonts is used but LV_USE_FONT_COMPRESSED is not enabled in lv_conf.h lv_font_fmt_txt.c:213
[Warn]	(160.514, +1)	 draw_letter_cb: Couldn't get the bitmap of a glyph lv_draw_sw_letter.c:174
[Warn]	(160.517, +3)	 lv_font_get_bitmap_fmt_txt: Compressed fonts is used but LV_USE_FONT_COMPRESSED is not enabled in lv_conf.h lv_font_fmt_txt.c:213
[Warn]	(160.518, +1)	 draw_letter_cb: Couldn't get the bitmap of a glyph lv_draw_sw_letter.c:174
[Warn]	(160.518, +0)	 lv_font_get_bitmap_fmt_txt: Compressed fonts is used but LV_USE_FONT_COMPRESSED is not enabled in lv_conf.h lv_font_fmt_txt.c:213
[Warn]	(160.518, +0)	 draw_letter_cb: Couldn't get the bitmap of a glyph lv_draw_sw_letter.c:174
[Warn]	(160.519, +1)	 lv_font_get_bitmap_fmt_txt: Compressed fonts is used but LV_USE_FONT_COMPRESSED is not enabled in lv_conf.h lv_font_fmt_txt.c:213
[Warn]	(160.519, +0)	 draw_letter_cb: Couldn't get the bitmap of a glyph lv_draw_sw_letter.c:174
[Warn]	(160.519, +0)	 lv_font_get_bitmap_fmt_txt: Compressed fonts is used but LV_USE_FONT_COMPRESSED is not enabled in lv_conf.h lv_font_fmt_txt.c:213
[Warn]	(160.520, +1)	 draw_letter_cb: Couldn't get the bitmap of a glyph lv_draw_sw_letter.c:174
[Warn]	(160.542, +22)	 lv_font_get_bitmap_fmt_txt: Compressed fonts is used but LV_USE_FONT_COMPRESSED is not enabled in lv_conf.h lv_font_fmt_txt.c:213
[Warn]	(160.542, +0)	 draw_letter_cb: Couldn't get the bitmap of a glyph lv_draw_sw_letter.c:174
[Warn]	(160.542, +0)	 lv_font_get_bitmap_fmt_txt: Compressed fonts is used but LV_USE_FONT_COMPRESSED is not enabled in lv_conf.h lv_font_fmt_txt.c:213
[Warn]	(160.543, +1)	 draw_letter_cb: Couldn't get the bitmap of a glyph lv_draw_sw_letter.c:174
[Warn]	(160.543, +0)	 lv_font_get_bitmap_fmt_txt: Compressed fonts is used but LV_USE_FONT_COMPRESSED is not enabled in lv_conf.h lv_font_fmt_txt.c:213
[Warn]	(160.543, +0)	 draw_letter_cb: Couldn't get the bitmap of a glyph lv_draw_sw_letter.c:174
[Warn]	(160.544, +1)	 lv_font_get_bitmap_fmt_txt: Compressed fonts is used but LV_USE_FONT_COMPRESSED is not enabled in lv_conf.h lv_font_fmt_txt.c:213
[Warn]	(160.544, +0)	 draw_letter_cb: Couldn't get the bitmap of a glyph lv_draw_sw_letter.c:174
[Warn]	(160.544, +0)	 lv_font_get_bitmap_fmt_txt: Compressed fonts is used but LV_USE_FONT_COMPRESSED is not enabled in lv_conf.h lv_font_fmt_txt.c:213
[Warn]	(160.545, +1)	 draw_letter_cb: Couldn't get the bitmap of a glyph lv_draw_sw_letter.c:174
[Warn]	(160.545, +0)	 lv_font_get_bitmap_fmt_txt: Compressed fonts is used but LV_USE_FONT_COMPRESSED is not enabled in lv_conf.h lv_font_fmt_txt.c:213
[Warn]	(160.545, +0)	 draw_letter_cb: Couldn't get the bitmap of a glyph lv_draw_sw_letter.c:174
[Warn]	(160.546, +1)	 lv_font_get_bitmap_fmt_txt: Compressed fonts is used but LV_USE_FONT_COMPRESSED is not enabled in lv_conf.h lv_font_fmt_txt.c:213
[Warn]	(160.546, +0)	 draw_letter_cb: Couldn't get the bitmap of a glyph lv_draw_sw_letter.c:174
[Warn]	(160.546, +0)	 lv_font_get_bitmap_fmt_txt: Compressed fonts is used but LV_USE_FONT_COMPRESSED is not enabled in lv_conf.h lv_font_fmt_txt.c:213
[Warn]	(160.547, +1)	 draw_letter_cb: Couldn't get the bitmap of a glyph lv_draw_sw_letter.c:174
[Warn]	(160.547, +0)	 lv_font_get_bitmap_fmt_txt: Compressed fonts is used but LV_USE_FONT_COMPRESSED is not enabled in lv_conf.h lv_font_fmt_txt.c:213
[Warn]	(160.547, +0)	 draw_letter_cb: Couldn't get the bitmap of a glyph lv_draw_sw_letter.c:174
[Warn]	(160.547, +0)	 lv_font_get_bitmap_fmt_txt: Compressed fonts is used but LV_USE_FONT_COMPRESSED is not enabled in lv_conf.h lv_font_fmt_txt.c:213
[Warn]	(160.548, +1)	 draw_letter_cb: Couldn't get the bitmap of a glyph lv_draw_sw_letter.c:174
[Warn]	(160.548, +0)	 lv_font_get_bitmap_fmt_txt: Compressed fonts is used but LV_USE_FONT_COMPRESSED is not enabled in lv_conf.h lv_font_fmt_txt.c:213
[Warn]	(160.548, +0)	 draw_letter_cb: Couldn't get the bitmap of a glyph lv_draw_sw_letter.c:174
[Warn]	(160.549, +1)	 lv_font_get_bitmap_fmt_txt: Compressed fonts is used but LV_USE_FONT_COMPRESSED is not enabled in lv_conf.h lv_font_fmt_txt.c:213
[Warn]	(160.549, +0)	 draw_letter_cb: Couldn't get the bitmap of a glyph lv_draw_sw_letter.c:174
[Warn]	(160.549, +0)	 lv_font_get_bitmap_fmt_txt: Compressed fonts is used but LV_USE_FONT_COMPRESSED is not enabled in lv_conf.h lv_font_fmt_txt.c:213
[Warn]	(160.550, +1)	 draw_letter_cb: Couldn't get the bitmap of a glyph lv_draw_sw_letter.c:174
[Warn]	(160.550, +0)	 lv_font_get_bitmap_fmt_txt: Compressed fonts is used but LV_USE_FONT_COMPRESSED is not enabled in lv_conf.h lv_font_fmt_txt.c:213
[Warn]	(160.550, +0)	 draw_letter_cb: Couldn't get the bitmap of a glyph lv_draw_sw_letter.c:174
[Warn]	(160.550, +0)	 lv_font_get_bitmap_fmt_txt: Compressed fonts is used but LV_USE_FONT_COMPRESSED is not enabled in lv_conf.h lv_font_fmt_txt.c:213
[Warn]	(160.551, +1)	 draw_letter_cb: Couldn't get the bitmap of a glyph lv_draw_sw_letter.c:174
[Warn]	(160.575, +24)	 lv_font_get_bitmap_fmt_txt: Compressed fonts is used but LV_USE_FONT_COMPRESSED is not enabled in lv_conf.h lv_font_fmt_txt.c:213
[Warn]	(160.575, +0)	 draw_letter_cb: Couldn't get the bitmap of a glyph lv_draw_sw_letter.c:174
[Warn]	(160.576, +1)	 lv_font_get_bitmap_fmt_txt: Compressed fonts is used but LV_USE_FONT_COMPRESSED is not enabled in lv_conf.h lv_font_fmt_txt.c:213
[Warn]	(160.576, +0)	 draw_letter_cb: Couldn't get the bitmap of a glyph lv_draw_sw_letter.c:174
[Warn]	(160.576, +0)	 lv_font_get_bitmap_fmt_txt: Compressed fonts is used but LV_USE_FONT_COMPRESSED is not enabled in lv_conf.h lv_font_fmt_txt.c:213
[Warn]	(160.577, +1)	 draw_letter_cb: Couldn't get the bitmap of a glyph lv_draw_sw_letter.c:174
[Warn]	(160.577, +0)	 lv_font_get_bitmap_fmt_txt: Compressed fonts is used but LV_USE_FONT_COMPRESSED is not enabled in lv_conf.h lv_font_fmt_txt.c:213
[Warn]	(160.577, +0)	 draw_letter_cb: Couldn't get the bitmap of a glyph lv_draw_sw_letter.c:174
[Warn]	(160.577, +0)	 lv_font_get_bitmap_fmt_txt: Compressed fonts is used but LV_USE_FONT_COMPRESSED is not enabled in lv_conf.h lv_font_fmt_txt.c:213
[Warn]	(160.578, +1)	 draw_letter_cb: Couldn't get the bitmap of a glyph lv_draw_sw_letter.c:174
[Warn]	(160.578, +0)	 lv_font_get_bitmap_fmt_txt: Compressed fonts is used but LV_USE_FONT_COMPRESSED is not enabled in lv_conf.h lv_font_fmt_txt.c:213
[Warn]	(160.578, +0)	 draw_letter_cb: Couldn't get the bitmap of a glyph lv_draw_sw_letter.c:174
[Warn]	(160.579, +1)	 lv_font_get_bitmap_fmt_txt: Compressed fonts is used but LV_USE_FONT_COMPRESSED is not enabled in lv_conf.h lv_font_fmt_txt.c:213
[Warn]	(160.579, +0)	 draw_letter_cb: Couldn't get the bitmap of a glyph lv_draw_sw_letter.c:174
[Warn]	(160.579, +0)	 lv_font_get_bitmap_fmt_txt: Compressed fonts is used but LV_USE_FONT_COMPRESSED is not enabled in lv_conf.h lv_font_fmt_txt.c:213
[Warn]	(160.580, +1)	 draw_letter_cb: Couldn't get the bitmap of a glyph lv_draw_sw_letter.c:174
[Warn]	(160.580, +0)	 lv_font_get_bitmap_fmt_txt: Compressed fonts is used but LV_USE_FONT_COMPRESSED is not enabled in lv_conf.h lv_font_fmt_txt.c:213
[Warn]	(160.580, +0)	 draw_letter_cb: Couldn't get the bitmap of a glyph lv_draw_sw_letter.c:174
[Warn]	(160.581, +1)	 lv_font_get_bitmap_fmt_txt: Compressed fonts is used but LV_USE_FONT_COMPRESSED is not enabled in lv_conf.h lv_font_fmt_txt.c:213
[Warn]	(160.581, +0)	 draw_letter_cb: Couldn't get the bitmap of a glyph lv_draw_sw_letter.c:174
[Warn]	(160.581, +0)	 lv_font_get_bitmap_fmt_txt: Compressed fonts is used but LV_USE_FONT_COMPRESSED is not enabled in lv_conf.h lv_font_fmt_txt.c:213
[Warn]	(160.582, +1)	 draw_letter_cb: Couldn't get the bitmap of a glyph lv_draw_sw_letter.c:174
[Warn]	(160.582, +0)	 lv_font_get_bitmap_fmt_txt: Compressed fonts is used but LV_USE_FONT_COMPRESSED is not enabled in lv_conf.h lv_font_fmt_txt.c:213
[Warn]	(160.582, +0)	 draw_letter_cb: Couldn't get the bitmap of a glyph lv_draw_sw_letter.c:174
[Warn]	(160.582, +0)	 lv_font_get_bitmap_fmt_txt: Compressed fonts is used but LV_USE_FONT_COMPRESSED is not enabled in lv_conf.h lv_font_fmt_txt.c:213
[Warn]	(160.583, +1)	 draw_letter_cb: Couldn't get the bitmap of a glyph lv_draw_sw_letter.c:174
[Warn]	(160.583, +0)	 lv_font_get_bitmap_fmt_txt: Compressed fonts is used but LV_USE_FONT_COMPRESSED is not enabled in lv_conf.h lv_font_fmt_txt.c:213
[Warn]	(160.583, +0)	 draw_letter_cb: Couldn't get the bitmap of a glyph lv_draw_sw_letter.c:174
[Warn]	(160.584, +1)	 lv_font_get_bitmap_fmt_txt: Compressed fonts is used but LV_USE_FONT_COMPRESSED is not enabled in lv_conf.h lv_font_fmt_txt.c:213
[Warn]	(160.584, +0)	 draw_letter_cb: Couldn't get the bitmap of a glyph lv_draw_sw_letter.c:174
[Warn]	(160.609, +25)	 lv_font_get_bitmap_fmt_txt: Compressed fonts is used but LV_USE_FONT_COMPRESSED is not enabled in lv_conf.h lv_font_fmt_txt.c:213
[Warn]	(160.609, +0)	 draw_letter_cb: Couldn't get the bitmap of a glyph lv_draw_sw_letter.c:174
[Warn]	(160.610, +1)	 lv_font_get_bitmap_fmt_txt: Compressed fonts is used but LV_USE_FONT_COMPRESSED is not enabled in lv_conf.h lv_font_fmt_txt.c:213
[Warn]	(160.610, +0)	 draw_letter_cb: Couldn't get the bitmap of a glyph lv_draw_sw_letter.c:174
[Warn]	(160.610, +0)	 lv_font_get_bitmap_fmt_txt: Compressed fonts is used but LV_USE_FONT_COMPRESSED is not enabled in lv_conf.h lv_font_fmt_txt.c:213
[Warn]	(160.611, +1)	 draw_letter_cb: Couldn't get the bitmap of a glyph lv_draw_sw_letter.c:174
[Warn]	(160.611, +0)	 lv_font_get_bitmap_fmt_txt: Compressed fonts is used but LV_USE_FONT_COMPRESSED is not enabled in lv_conf.h lv_font_fmt_txt.c:213
[Warn]	(160.611, +0)	 draw_letter_cb: Couldn't get the bitmap of a glyph lv_draw_sw_letter.c:174
[Warn]	(160.612, +1)	 lv_font_get_bitmap_fmt_txt: Compressed fonts is used but LV_USE_FONT_COMPRESSED is not enabled in lv_conf.h lv_font_fmt_txt.c:213
[Warn]	(160.612, +0)	 draw_letter_cb: Couldn't get the bitmap of a glyph lv_draw_sw_letter.c:174
[Warn]	(160.612, +0)	 lv_font_get_bitmap_fmt_txt: Compressed fonts is used but LV_USE_FONT_COMPRESSED is not enabled in lv_conf.h lv_font_fmt_txt.c:213
[Warn]	(160.613, +1)	 draw_letter_cb: Couldn't get the bitmap of a glyph lv_draw_sw_letter.c:174
[Warn]	(160.613, +0)	 lv_font_get_bitmap_fmt_txt: Compressed fonts is used but LV_USE_FONT_COMPRESSED is not enabled in lv_conf.h lv_font_fmt_txt.c:213
[Warn]	(160.613, +0)	 draw_letter_cb: Couldn't get the bitmap of a glyph lv_draw_sw_letter.c:174
[Warn]	(160.613, +0)	 lv_font_get_bitmap_fmt_txt: Compressed fonts is used but LV_USE_FONT_COMPRESSED is not enabled in lv_conf.h lv_font_fmt_txt.c:213
[Warn]	(160.614, +1)	 draw_letter_cb: Couldn't get the bitmap of a glyph lv_draw_sw_letter.c:174
[Warn]	(160.614, +0)	 lv_font_get_bitmap_fmt_txt: Compressed fonts is used but LV_USE_FONT_COMPRESSED is not enabled in lv_conf.h lv_font_fmt_txt.c:213
[Warn]	(160.614, +0)	 draw_letter_cb: Couldn't get the bitmap of a glyph lv_draw_sw_letter.c:174
[Warn]	(160.615, +1)	 lv_font_get_bitmap_fmt_txt: Compressed fonts is used but LV_USE_FONT_COMPRESSED is not enabled in lv_conf.h lv_font_fmt_txt.c:213
[Warn]	(160.615, +0)	 draw_letter_cb: Couldn't get the bitmap of a glyph lv_draw_sw_letter.c:174
[Warn]	(160.615, +0)	 lv_font_get_bitmap_fmt_txt: Compressed fonts is used but LV_USE_FONT_COMPRESSED is not enabled in lv_conf.h lv_font_fmt_txt.c:213
[Warn]	(160.616, +1)	 draw_letter_cb: Couldn't get the bitmap of a glyph lv_draw_sw_letter.c:174
[Warn]	(160.616, +0)	 lv_font_get_bitmap_fmt_txt: Compressed fonts is used but LV_USE_FONT_COMPRESSED is not enabled in lv_conf.h lv_font_fmt_txt.c:213
[Warn]	(160.616, +0)	 draw_letter_cb: Couldn't get the bitmap of a glyph lv_draw_sw_letter.c:174
[Warn]	(160.617, +1)	 lv_font_get_bitmap_fmt_txt: Compressed fonts is used but LV_USE_FONT_COMPRESSED is not enabled in lv_conf.h lv_font_fmt_txt.c:213
[Warn]	(160.617, +0)	 draw_letter_cb: Couldn't get the bitmap of a glyph lv_draw_sw_letter.c:174
[Warn]	(160.617, +0)	 lv_font_get_bitmap_fmt_txt: Compressed fonts is used but LV_USE_FONT_COMPRESSED is not enabled in lv_conf.h lv_font_fmt_txt.c:213
[Warn]	(160.618, +1)	 draw_letter_cb: Couldn't get the bitmap of a glyph lv_draw_sw_letter.c:174
[Warn]	(160.618, +0)	 lv_font_get_bitmap_fmt_txt: Compressed fonts is used but LV_USE_FONT_COMPRESSED is not enabled in lv_conf.h lv_font_fmt_txt.c:213
[Warn]	(160.618, +0)	 draw_letter_cb: Couldn't get the bitmap of a glyph lv_draw_sw_letter.c:174
[Warn]	(160.642, +24)	 lv_font_get_bitmap_fmt_txt: Compressed fonts is used but LV_USE_FONT_COMPRESSED is not enabled in lv_conf.h lv_font_fmt_txt.c:213
[Warn]	(160.642, +0)	 draw_letter_cb: Couldn't get the bitmap of a glyph lv_draw_sw_letter.c:174
[Warn]	(160.643, +1)	 lv_font_get_bitmap_fmt_txt: Compressed fonts is used but LV_USE_FONT_COMPRESSED is not enabled in lv_conf.h lv_font_fmt_txt.c:213
[Warn]	(160.643, +0)	 draw_letter_cb: Couldn't get the bitmap of a glyph lv_draw_sw_letter.c:174
[Warn]	(160.643, +0)	 lv_font_get_bitmap_fmt_txt: Compressed fonts is used but LV_USE_FONT_COMPRESSED is not enabled in lv_conf.h lv_font_fmt_txt.c:213
[Warn]	(160.644, +1)	 draw_letter_cb: Couldn't get the bitmap of a glyph lv_draw_sw_letter.c:174
[Warn]	(160.644, +0)	 lv_font_get_bitmap_fmt_txt: Compressed fonts is used but LV_USE_FONT_COMPRESSED is not enabled in lv_conf.h lv_font_fmt_txt.c:213
[Warn]	(160.644, +0)	 draw_letter_cb: Couldn't get the bitmap of a glyph lv_draw_sw_letter.c:174
[Warn]	(160.644, +0)	 lv_font_get_bitmap_fmt_txt: Compressed fonts is used but LV_USE_FONT_COMPRESSED is not enabled in lv_conf.h lv_font_fmt_txt.c:213
[Warn]	(160.645, +1)	 draw_letter_cb: Couldn't get the bitmap of a glyph lv_draw_sw_letter.c:174
[Warn]	(160.645, +0)	 lv_font_get_bitmap_fmt_txt: Compressed fonts is used but LV_USE_FONT_COMPRESSED is not enabled in lv_conf.h lv_font_fmt_txt.c:213
[Warn]	(160.645, +0)	 draw_letter_cb: Couldn't get the bitmap of a glyph lv_draw_sw_letter.c:174
[Warn]	(160.646, +1)	 lv_font_get_bitmap_fmt_txt: Compressed fonts is used but LV_USE_FONT_COMPRESSED is not enabled in lv_conf.h lv_font_fmt_txt.c:213
[Warn]	(160.646, +0)	 draw_letter_cb: Couldn't get the bitmap of a glyph lv_draw_sw_letter.c:174
[Warn]	(160.646, +0)	 lv_font_get_bitmap_fmt_txt: Compressed fonts is used but LV_USE_FONT_COMPRESSED is not enabled in lv_conf.h lv_font_fmt_txt.c:213
[Warn]	(160.647, +1)	 draw_letter_cb: Couldn't get the bitmap of a glyph lv_draw_sw_letter.c:174
[Warn]	(160.647, +0)	 lv_font_get_bitmap_fmt_txt: Compressed fonts is used but LV_USE_FONT_COMPRESSED is not enabled in lv_conf.h lv_font_fmt_txt.c:213
[Warn]	(160.647, +0)	 draw_letter_cb: Couldn't get the bitmap of a glyph lv_draw_sw_letter.c:174
[Warn]	(160.648, +1)	 lv_font_get_bitmap_fmt_txt: Compressed fonts is used but LV_USE_FONT_COMPRESSED is not enabled in lv_conf.h lv_font_fmt_txt.c:213
[Warn]	(160.648, +0)	 draw_letter_cb: Couldn't get the bitmap of a glyph lv_draw_sw_letter.c:174
[Warn]	(160.648, +0)	 lv_font_get_bitmap_fmt_txt: Compressed fonts is used but LV_USE_FONT_COMPRESSED is not enabled in lv_conf.h lv_font_fmt_txt.c:213
[Warn]	(160.649, +1)	 draw_letter_cb: Couldn't get the bitmap of a glyph lv_draw_sw_letter.c:174
[Warn]	(160.649, +0)	 lv_font_get_bitmap_fmt_txt: Compressed fonts is used but LV_USE_FONT_COMPRESSED is not enabled in lv_conf.h lv_font_fmt_txt.c:213
[Warn]	(160.649, +0)	 draw_letter_cb: Couldn't get the bitmap of a glyph lv_draw_sw_letter.c:174
[Warn]	(160.649, +0)	 lv_font_get_bitmap_fmt_txt: Compressed fonts is used but LV_USE_FONT_COMPRESSED is not enabled in lv_conf.h lv_font_fmt_txt.c:213
[Warn]	(160.650, +1)	 draw_letter_cb: Couldn't get the bitmap of a glyph lv_draw_sw_letter.c:174
[Warn]	(160.650, +0)	 lv_font_get_bitmap_fmt_txt: Compressed fonts is used but LV_USE_FONT_COMPRESSED is not enabled in lv_conf.h lv_font_fmt_txt.c:213
[Warn]	(160.650, +0)	 draw_letter_cb: Couldn't get the bitmap of a glyph lv_draw_sw_letter.c:174
[Warn]	(160.651, +1)	 lv_font_get_bitmap_fmt_txt: Compressed fonts is used but LV_USE_FONT_COMPRESSED is not enabled in lv_conf.h lv_font_fmt_txt.c:213
[Warn]	(160.651, +0)	 draw_letter_cb: Couldn't get the bitmap of a glyph lv_draw_sw_letter.c:174
[Warn]	(160.675, +24)	 lv_font_get_bitmap_fmt_txt: Compressed fonts is used but LV_USE_FONT_COMPRESSED is not enabled in lv_conf.h lv_font_fmt_txt.c:213
[Warn]	(160.675, +0)	 draw_letter_cb: Couldn't get the bitmap of a glyph lv_draw_sw_letter.c:174
[Warn]	(160.676, +1)	 lv_font_get_bitmap_fmt_txt: Compressed fonts is used but LV_USE_FONT_COMPRESSED is not enabled in lv_conf.h lv_font_fmt_txt.c:213
[Warn]	(160.676, +0)	 draw_letter_cb: Couldn't get the bitmap of a glyph lv_draw_sw_letter.c:174
[Warn]	(160.676, +0)	 lv_font_get_bitmap_fmt_txt: Compressed fonts is used but LV_USE_FONT_COMPRESSED is not enabled in lv_conf.h lv_font_fmt_txt.c:213
[Warn]	(160.677, +1)	 draw_letter_cb: Couldn't get the bitmap of a glyph lv_draw_sw_letter.c:174
[Warn]	(160.677, +0)	 lv_font_get_bitmap_fmt_txt: Compressed fonts is used but LV_USE_FONT_COMPRESSED is not enabled in lv_conf.h lv_font_fmt_txt.c:213
[Warn]	(160.677, +0)	 draw_letter_cb: Couldn't get the bitmap of a glyph lv_draw_sw_letter.c:174
[Warn]	(160.677, +0)	 lv_font_get_bitmap_fmt_txt: Compressed fonts is used but LV_USE_FONT_COMPRESSED is not enabled in lv_conf.h lv_font_fmt_txt.c:213
[Warn]	(160.678, +1)	 draw_letter_cb: Couldn't get the bitmap of a glyph lv_draw_sw_letter.c:174
[Warn]	(160.678, +0)	 lv_font_get_bitmap_fmt_txt: Compressed fonts is used but LV_USE_FONT_COMPRESSED is not enabled in lv_conf.h lv_font_fmt_txt.c:213
[Warn]	(160.678, +0)	 draw_letter_cb: Couldn't get the bitmap of a glyph lv_draw_sw_letter.c:174
[Warn]	(160.679, +1)	 lv_font_get_bitmap_fmt_txt: Compressed fonts is used but LV_USE_FONT_COMPRESSED is not enabled in lv_conf.h lv_font_fmt_txt.c:213
[Warn]	(160.679, +0)	 draw_letter_cb: Couldn't get the bitmap of a glyph lv_draw_sw_letter.c:174
[Warn]	(160.679, +0)	 lv_font_get_bitmap_fmt_txt: Compressed fonts is used but LV_USE_FONT_COMPRESSED is not enabled in lv_conf.h lv_font_fmt_txt.c:213
[Warn]	(160.680, +1)	 draw_letter_cb: Couldn't get the bitmap of a glyph lv_draw_sw_letter.c:174
[Warn]	(160.680, +0)	 lv_font_get_bitmap_fmt_txt: Compressed fonts is used but LV_USE_FONT_COMPRESSED is not enabled in lv_conf.h lv_font_fmt_txt.c:213
[Warn]	(160.680, +0)	 draw_letter_cb: Couldn't get the bitmap of a glyph lv_draw_sw_letter.c:174
[Warn]	(160.681, +1)	 lv_font_get_bitmap_fmt_txt: Compressed fonts is used but LV_USE_FONT_COMPRESSED is not enabled in lv_conf.h lv_font_fmt_txt.c:213
[Warn]	(160.681, +0)	 draw_letter_cb: Couldn't get the bitmap of a glyph lv_draw_sw_letter.c:174
[Warn]	(160.681, +0)	 lv_font_get_bitmap_fmt_txt: Compressed fonts is used but LV_USE_FONT_COMPRESSED is not enabled in lv_conf.h lv_font_fmt_txt.c:213
[Warn]	(160.682, +1)	 draw_letter_cb: Couldn't get the bitmap of a glyph lv_draw_sw_letter.c:174
[Warn]	(160.682, +0)	 lv_font_get_bitmap_fmt_txt: Compressed fonts is used but LV_USE_FONT_COMPRESSED is not enabled in lv_conf.h lv_font_fmt_txt.c:213
[Warn]	(160.682, +0)	 draw_letter_cb: Couldn't get the bitmap of a glyph lv_draw_sw_letter.c:174
[Warn]	(160.682, +0)	 lv_font_get_bitmap_fmt_txt: Compressed fonts is used but LV_USE_FONT_COMPRESSED is not enabled in lv_conf.h lv_font_fmt_txt.c:213
[Warn]	(160.683, +1)	 draw_letter_cb: Couldn't get the bitmap of a glyph lv_draw_sw_letter.c:174
[Warn]	(160.683, +0)	 lv_font_get_bitmap_fmt_txt: Compressed fonts is used but LV_USE_FONT_COMPRESSED is not enabled in lv_conf.h lv_font_fmt_txt.c:213
[Warn]	(160.683, +0)	 draw_letter_cb: Couldn't get the bitmap of a glyph lv_draw_sw_letter.c:174
[Warn]	(160.684, +1)	 lv_font_get_bitmap_fmt_txt: Compressed fonts is used but LV_USE_FONT_COMPRESSED is not enabled in lv_conf.h lv_font_fmt_txt.c:213
[Warn]	(160.684, +0)	 draw_letter_cb: Couldn't get the bitmap of a glyph lv_draw_sw_letter.c:174
[Warn]	(160.708, +24)	 lv_font_get_bitmap_fmt_txt: Compressed fonts is used but LV_USE_FONT_COMPRESSED is not enabled in lv_conf.h lv_font_fmt_txt.c:213
[Warn]	(160.708, +0)	 draw_letter_cb: Couldn't get the bitmap of a glyph lv_draw_sw_letter.c:174
[Warn]	(160.709, +1)	 lv_font_get_bitmap_fmt_txt: Compressed fonts is used but LV_USE_FONT_COMPRESSED is not enabled in lv_conf.h lv_font_fmt_txt.c:213
[Warn]	(160.709, +0)	 draw_letter_cb: Couldn't get the bitmap of a glyph lv_draw_sw_letter.c:174
[Warn]	(160.709, +0)	 lv_font_get_bitmap_fmt_txt: Compressed fonts is used but LV_USE_FONT_COMPRESSED is not enabled in lv_conf.h lv_font_fmt_txt.c:213
[Warn]	(160.710, +1)	 draw_letter_cb: Couldn't get the bitmap of a glyph lv_draw_sw_letter.c:174
[Warn]	(160.710, +0)	 lv_font_get_bitmap_fmt_txt: Compressed fonts is used but LV_USE_FONT_COMPRESSED is not enabled in lv_conf.h lv_font_fmt_txt.c:213
[Warn]	(160.710, +0)	 draw_letter_cb: Couldn't get the bitmap of a glyph lv_draw_sw_letter.c:174
[Warn]	(160.710, +0)	 lv_font_get_bitmap_fmt_txt: Compressed fonts is used but LV_USE_FONT_COMPRESSED is not enabled in lv_conf.h lv_font_fmt_txt.c:213
[Warn]	(160.711, +1)	 draw_letter_cb: Couldn't get the bitmap of a glyph lv_draw_sw_letter.c:174
[Warn]	(160.711, +0)	 lv_font_get_bitmap_fmt_txt: Compressed fonts is used but LV_USE_FONT_COMPRESSED is not enabled in lv_conf.h lv_font_fmt_txt.c:213
[Warn]	(160.712, +1)	 draw_letter_cb: Couldn't get the bitmap of a glyph lv_draw_sw_letter.c:174
[Warn]	(160.712, +0)	 lv_font_get_bitmap_fmt_txt: Compressed fonts is used but LV_USE_FONT_COMPRESSED is not enabled in lv_conf.h lv_font_fmt_txt.c:213
[Warn]	(160.713, +1)	 draw_letter_cb: Couldn't get the bitmap of a glyph lv_draw_sw_letter.c:174
[Warn]	(160.713, +0)	 lv_font_get_bitmap_fmt_txt: Compressed fonts is used but LV_USE_FONT_COMPRESSED is not enabled in lv_conf.h lv_font_fmt_txt.c:213
[Warn]	(160.713, +0)	 draw_letter_cb: Couldn't get the bitmap of a glyph lv_draw_sw_letter.c:174
[Warn]	(160.713, +0)	 lv_font_get_bitmap_fmt_txt: Compressed fonts is used but LV_USE_FONT_COMPRESSED is not enabled in lv_conf.h lv_font_fmt_txt.c:213
[Warn]	(160.714, +1)	 draw_letter_cb: Couldn't get the bitmap of a glyph lv_draw_sw_letter.c:174
[Warn]	(160.716, +2)	 lv_font_get_bitmap_fmt_txt: Compressed fonts is used but LV_USE_FONT_COMPRESSED is not enabled in lv_conf.h lv_font_fmt_txt.c:213
[Warn]	(160.716, +0)	 draw_letter_cb: Couldn't get the bitmap of a glyph lv_draw_sw_letter.c:174
[Warn]	(160.717, +1)	 lv_font_get_bitmap_fmt_txt: Compressed fonts is used but LV_USE_FONT_COMPRESSED is not enabled in lv_conf.h lv_font_fmt_txt.c:213
[Warn]	(160.717, +0)	 draw_letter_cb: Couldn't get the bitmap of a glyph lv_draw_sw_letter.c:174
[Warn]	(160.717, +0)	 lv_font_get_bitmap_fmt_txt: Compressed fonts is used but LV_USE_FONT_COMPRESSED is not enabled in lv_conf.h lv_font_fmt_txt.c:213
[Warn]	(160.718, +1)	 draw_letter_cb: Couldn't get the bitmap of a glyph lv_draw_sw_letter.c:174
[Warn]	(160.718, +0)	 lv_font_get_bitmap_fmt_txt: Compressed fonts is used but LV_USE_FONT_COMPRESSED is not enabled in lv_conf.h lv_font_fmt_txt.c:213
[Warn]	(160.718, +0)	 draw_letter_cb: Couldn't get the bitmap of a glyph lv_draw_sw_letter.c:174
[Warn]	(160.718, +0)	 lv_font_get_bitmap_fmt_txt: Compressed fonts is used but LV_USE_FONT_COMPRESSED is not enabled in lv_conf.h lv_font_fmt_txt.c:213
[Warn]	(160.719, +1)	 draw_letter_cb: Couldn't get the bitmap of a glyph lv_draw_sw_letter.c:174
[Warn]	(160.719, +0)	 lv_font_get_bitmap_fmt_txt: Compressed fonts is used but LV_USE_FONT_COMPRESSED is not enabled in lv_conf.h lv_font_fmt_txt.c:213
[Warn]	(160.719, +0)	 draw_letter_cb: Couldn't get the bitmap of a glyph lv_draw_sw_letter.c:174
[Warn]	(160.743, +24)	 lv_font_get_bitmap_fmt_txt: Compressed fonts is used but LV_USE_FONT_COMPRESSED is not enabled in lv_conf.h lv_font_fmt_txt.c:213
[Warn]	(160.744, +1)	 draw_letter_cb: Couldn't get the bitmap of a glyph lv_draw_sw_letter.c:174
[Warn]	(160.744, +0)	 lv_font_get_bitmap_fmt_txt: Compressed fonts is used but LV_USE_FONT_COMPRESSED is not enabled in lv_conf.h lv_font_fmt_txt.c:213
[Warn]	(160.744, +0)	 draw_letter_cb: Couldn't get the bitmap of a glyph lv_draw_sw_letter.c:174
[Warn]	(160.745, +1)	 lv_font_get_bitmap_fmt_txt: Compressed fonts is used but LV_USE_FONT_COMPRESSED is not enabled in lv_conf.h lv_font_fmt_txt.c:213
[Warn]	(160.745, +0)	 draw_letter_cb: Couldn't get the bitmap of a glyph lv_draw_sw_letter.c:174
[Warn]	(160.745, +0)	 lv_font_get_bitmap_fmt_txt: Compressed fonts is used but LV_USE_FONT_COMPRESSED is not enabled in lv_conf.h lv_font_fmt_txt.c:213
[Warn]	(160.746, +1)	 draw_letter_cb: Couldn't get the bitmap of a glyph lv_draw_sw_letter.c:174
[Warn]	(160.746, +0)	 lv_font_get_bitmap_fmt_txt: Compressed fonts is used but LV_USE_FONT_COMPRESSED is not enabled in lv_conf.h lv_font_fmt_txt.c:213
[Warn]	(160.746, +0)	 draw_letter_cb: Couldn't get the bitmap of a glyph lv_draw_sw_letter.c:174
[Warn]	(160.747, +1)	 lv_font_get_bitmap_fmt_txt: Compressed fonts is used but LV_USE_FONT_COMPRESSED is not enabled in lv_conf.h lv_font_fmt_txt.c:213
[Warn]	(160.747, +0)	 draw_letter_cb: Couldn't get the bitmap of a glyph lv_draw_sw_letter.c:174
[Warn]	(160.747, +0)	 lv_font_get_bitmap_fmt_txt: Compressed fonts is used but LV_USE_FONT_COMPRESSED is not enabled in lv_conf.h lv_font_fmt_txt.c:213
[Warn]	(160.748, +1)	 draw_letter_cb: Couldn't get the bitmap of a glyph lv_draw_sw_letter.c:174
[Warn]	(160.748, +0)	 lv_font_get_bitmap_fmt_txt: Compressed fonts is used but LV_USE_FONT_COMPRESSED is not enabled in lv_conf.h lv_font_fmt_txt.c:213
[Warn]	(160.748, +0)	 draw_letter_cb: Couldn't get the bitmap of a glyph lv_draw_sw_letter.c:174
[Warn]	(160.748, +0)	 lv_font_get_bitmap_fmt_txt: Compressed fonts is used but LV_USE_FONT_COMPRESSED is not enabled in lv_conf.h lv_font_fmt_txt.c:213
[Warn]	(160.749, +1)	 draw_letter_cb: Couldn't get the bitmap of a glyph lv_draw_sw_letter.c:174
[Warn]	(160.749, +0)	 lv_font_get_bitmap_fmt_txt: Compressed fonts is used but LV_USE_FONT_COMPRESSED is not enabled in lv_conf.h lv_font_fmt_txt.c:213
[Warn]	(160.749, +0)	 draw_letter_cb: Couldn't get the bitmap of a glyph lv_draw_sw_letter.c:174
[Warn]	(160.750, +1)	 lv_font_get_bitmap_fmt_txt: Compressed fonts is used but LV_USE_FONT_COMPRESSED is not enabled in lv_conf.h lv_font_fmt_txt.c:213
[Warn]	(160.750, +0)	 draw_letter_cb: Couldn't get the bitmap of a glyph lv_draw_sw_letter.c:174
[Warn]	(160.750, +0)	 lv_font_get_bitmap_fmt_txt: Compressed fonts is used but LV_USE_FONT_COMPRESSED is not enabled in lv_conf.h lv_font_fmt_txt.c:213
[Warn]	(160.751, +1)	 draw_letter_cb: Couldn't get the bitmap of a glyph lv_draw_sw_letter.c:174
[Warn]	(160.751, +0)	 lv_font_get_bitmap_fmt_txt: Compressed fonts is used but LV_USE_FONT_COMPRESSED is not enabled in lv_conf.h lv_font_fmt_txt.c:213
[Warn]	(160.751, +0)	 draw_letter_cb: Couldn't get the bitmap of a glyph lv_draw_sw_letter.c:174
[Warn]	(160.752, +1)	 lv_font_get_bitmap_fmt_txt: Compressed fonts is used but LV_USE_FONT_COMPRESSED is not enabled in lv_conf.h lv_font_fmt_txt.c:213
[Warn]	(160.752, +0)	 draw_letter_cb: Couldn't get the bitmap of a glyph lv_draw_sw_letter.c:174
[Warn]	(160.752, +0)	 lv_font_get_bitmap_fmt_txt: Compressed fonts is used but LV_USE_FONT_COMPRESSED is not enabled in lv_conf.h lv_font_fmt_txt.c:213
[Warn]	(160.753, +1)	 draw_letter_cb: Couldn't get the bitmap of a glyph lv_draw_sw_letter.c:174
[Warn]	(160.780, +27)	 lv_font_get_bitmap_fmt_txt: Compressed fonts is used but LV_USE_FONT_COMPRESSED is not enabled in lv_conf.h lv_font_fmt_txt.c:213
[Warn]	(160.781, +1)	 draw_letter_cb: Couldn't get the bitmap of a glyph lv_draw_sw_letter.c:174
[Warn]	(160.781, +0)	 lv_font_get_bitmap_fmt_txt: Compressed fonts is used but LV_USE_FONT_COMPRESSED is not enabled in lv_conf.h lv_font_fmt_txt.c:213
[Warn]	(160.782, +1)	 draw_letter_cb: Couldn't get the bitmap of a glyph lv_draw_sw_letter.c:174
[Warn]	(160.782, +0)	 lv_font_get_bitmap_fmt_txt: Compressed fonts is used but LV_USE_FONT_COMPRESSED is not enabled in lv_conf.h lv_font_fmt_txt.c:213
[Warn]	(160.782, +0)	 draw_letter_cb: Couldn't get the bitmap of a glyph lv_draw_sw_letter.c:174
[Warn]	(160.782, +0)	 lv_font_get_bitmap_fmt_txt: Compressed fonts is used but LV_USE_FONT_COMPRESSED is not enabled in lv_conf.h lv_font_fmt_txt.c:213
[Warn]	(160.783, +1)	 draw_letter_cb: Couldn't get the bitmap of a glyph lv_draw_sw_letter.c:174
[Warn]	(160.783, +0)	 lv_font_get_bitmap_fmt_txt: Compressed fonts is used but LV_USE_FONT_COMPRESSED is not enabled in lv_conf.h lv_font_fmt_txt.c:213
[Warn]	(160.783, +0)	 draw_letter_cb: Couldn't get the bitmap of a glyph lv_draw_sw_letter.c:174
[Warn]	(160.784, +1)	 lv_font_get_bitmap_fmt_txt: Compressed fonts is used but LV_USE_FONT_COMPRESSED is not enabled in lv_conf.h lv_font_fmt_txt.c:213
[Warn]	(160.784, +0)	 draw_letter_cb: Couldn't get the bitmap of a glyph lv_draw_sw_letter.c:174
[Warn]	(160.784, +0)	 lv_font_get_bitmap_fmt_txt: Compressed fonts is used but LV_USE_FONT_COMPRESSED is not enabled in lv_conf.h lv_font_fmt_txt.c:213
[Warn]	(160.785, +1)	 draw_letter_cb: Couldn't get the bitmap of a glyph lv_draw_sw_letter.c:174
[Warn]	(160.785, +0)	 lv_font_get_bitmap_fmt_txt: Compressed fonts is used but LV_USE_FONT_COMPRESSED is not enabled in lv_conf.h lv_font_fmt_txt.c:213
[Warn]	(160.785, +0)	 draw_letter_cb: Couldn't get the bitmap of a glyph lv_draw_sw_letter.c:174
[Warn]	(160.786, +1)	 lv_font_get_bitmap_fmt_txt: Compressed fonts is used but LV_USE_FONT_COMPRESSED is not enabled in lv_conf.h lv_font_fmt_txt.c:213
[Warn]	(160.786, +0)	 draw_letter_cb: Couldn't get the bitmap of a glyph lv_draw_sw_letter.c:174
[Warn]	(160.786, +0)	 lv_font_get_bitmap_fmt_txt: Compressed fonts is used but LV_USE_FONT_COMPRESSED is not enabled in lv_conf.h lv_font_fmt_txt.c:213
[Warn]	(160.787, +1)	 draw_letter_cb: Couldn't get the bitmap of a glyph lv_draw_sw_letter.c:174
[Warn]	(160.787, +0)	 lv_font_get_bitmap_fmt_txt: Compressed fonts is used but LV_USE_FONT_COMPRESSED is not enabled in lv_conf.h lv_font_fmt_txt.c:213
[Warn]	(160.787, +0)	 draw_letter_cb: Couldn't get the bitmap of a glyph lv_draw_sw_letter.c:174
[Warn]	(160.787, +0)	 lv_font_get_bitmap_fmt_txt: Compressed fonts is used but LV_USE_FONT_COMPRESSED is not enabled in lv_conf.h lv_font_fmt_txt.c:213
[Warn]	(160.788, +1)	 draw_letter_cb: Couldn't get the bitmap of a glyph lv_draw_sw_letter.c:174
[Warn]	(160.788, +0)	 lv_font_get_bitmap_fmt_txt: Compressed fonts is used but LV_USE_FONT_COMPRESSED is not enabled in lv_conf.h lv_font_fmt_txt.c:213
[Warn]	(160.788, +0)	 draw_letter_cb: Couldn't get the bitmap of a glyph lv_draw_sw_letter.c:174
[Warn]	(160.789, +1)	 lv_font_get_bitmap_fmt_txt: Compressed fonts is used but LV_USE_FONT_COMPRESSED is not enabled in lv_conf.h lv_font_fmt_txt.c:213
[Warn]	(160.789, +0)	 draw_letter_cb: Couldn't get the bitmap of a glyph lv_draw_sw_letter.c:174
[Warn]	(160.789, +0)	 lv_font_get_bitmap_fmt_txt: Compressed fonts is used but LV_USE_FONT_COMPRESSED is not enabled in lv_conf.h lv_font_fmt_txt.c:213
[Warn]	(160.790, +1)	 draw_letter_cb: Couldn't get the bitmap of a glyph lv_draw_sw_letter.c:174
[Warn]	(160.814, +24)	 lv_font_get_bitmap_fmt_txt: Compressed fonts is used but LV_USE_FONT_COMPRESSED is not enabled in lv_conf.h lv_font_fmt_txt.c:213
[Warn]	(160.814, +0)	 draw_letter_cb: Couldn't get the bitmap of a glyph lv_draw_sw_letter.c:174
[Warn]	(160.815, +1)	 lv_font_get_bitmap_fmt_txt: Compressed fonts is used but LV_USE_FONT_COMPRESSED is not enabled in lv_conf.h lv_font_fmt_txt.c:213
[Warn]	(160.815, +0)	 draw_letter_cb: Couldn't get the bitmap of a glyph lv_draw_sw_letter.c:174
[Warn]	(160.815, +0)	 lv_font_get_bitmap_fmt_txt: Compressed fonts is used but LV_USE_FONT_COMPRESSED is not enabled in lv_conf.h lv_font_fmt_txt.c:213
[Warn]	(160.816, +1)	 draw_letter_cb: Couldn't get the bitmap of a glyph lv_draw_sw_letter.c:174
[Warn]	(160.816, +0)	 lv_font_get_bitmap_fmt_txt: Compressed fonts is used but LV_USE_FONT_COMPRESSED is not enabled in lv_conf.h lv_font_fmt_txt.c:213
[Warn]	(160.816, +0)	 draw_letter_cb: Couldn't get the bitmap of a glyph lv_draw_sw_letter.c:174
[Warn]	(160.816, +0)	 lv_font_get_bitmap_fmt_txt: Compressed fonts is used but LV_USE_FONT_COMPRESSED is not enabled in lv_conf.h lv_font_fmt_txt.c:213
[Warn]	(160.817, +1)	 draw_letter_cb: Couldn't get the bitmap of a glyph lv_draw_sw_letter.c:174
[Warn]	(160.817, +0)	 lv_font_get_bitmap_fmt_txt: Compressed fonts is used but LV_USE_FONT_COMPRESSED is not enabled in lv_conf.h lv_font_fmt_txt.c:213
[Warn]	(160.817, +0)	 draw_letter_cb: Couldn't get the bitmap of a glyph lv_draw_sw_letter.c:174
[Warn]	(160.818, +1)	 lv_font_get_bitmap_fmt_txt: Compressed fonts is used but LV_USE_FONT_COMPRESSED is not enabled in lv_conf.h lv_font_fmt_txt.c:213
[Warn]	(160.818, +0)	 draw_letter_cb: Couldn't get the bitmap of a glyph lv_draw_sw_letter.c:174
[Warn]	(160.818, +0)	 lv_font_get_bitmap_fmt_txt: Compressed fonts is used but LV_USE_FONT_COMPRESSED is not enabled in lv_conf.h lv_font_fmt_txt.c:213
[Warn]	(160.819, +1)	 draw_letter_cb: Couldn't get the bitmap of a glyph lv_draw_sw_letter.c:174
[Warn]	(160.819, +0)	 lv_font_get_bitmap_fmt_txt: Compressed fonts is used but LV_USE_FONT_COMPRESSED is not enabled in lv_conf.h lv_font_fmt_txt.c:213
[Warn]	(160.819, +0)	 draw_letter_cb: Couldn't get the bitmap of a glyph lv_draw_sw_letter.c:174
[Warn]	(160.820, +1)	 lv_font_get_bitmap_fmt_txt: Compressed fonts is used but LV_USE_FONT_COMPRESSED is not enabled in lv_conf.h lv_font_fmt_txt.c:213
[Warn]	(160.820, +0)	 draw_letter_cb: Couldn't get the bitmap of a glyph lv_draw_sw_letter.c:174
[Warn]	(160.820, +0)	 lv_font_get_bitmap_fmt_txt: Compressed fonts is used but LV_USE_FONT_COMPRESSED is not enabled in lv_conf.h lv_font_fmt_txt.c:213
[Warn]	(160.821, +1)	 draw_letter_cb: Couldn't get the bitmap of a glyph lv_draw_sw_letter.c:174
[Warn]	(160.821, +0)	 lv_font_get_bitmap_fmt_txt: Compressed fonts is used but LV_USE_FONT_COMPRESSED is not enabled in lv_conf.h lv_font_fmt_txt.c:213
[Warn]	(160.821, +0)	 draw_letter_cb: Couldn't get the bitmap of a glyph lv_draw_sw_letter.c:174
[Warn]	(160.821, +0)	 lv_font_get_bitmap_fmt_txt: Compressed fonts is used but LV_USE_FONT_COMPRESSED is not enabled in lv_conf.h lv_font_fmt_txt.c:213
[Warn]	(160.822, +1)	 draw_letter_cb: Couldn't get the bitmap of a glyph lv_draw_sw_letter.c:174
[Warn]	(160.822, +0)	 lv_font_get_bitmap_fmt_txt: Compressed fonts is used but LV_USE_FONT_COMPRESSED is not enabled in lv_conf.h lv_font_fmt_txt.c:213
[Warn]	(160.822, +0)	 draw_letter_cb: Couldn't get the bitmap of a glyph lv_draw_sw_letter.c:174
[Warn]	(160.823, +1)	 lv_font_get_bitmap_fmt_txt: Compressed fonts is used but LV_USE_FONT_COMPRESSED is not enabled in lv_conf.h lv_font_fmt_txt.c:213
[Warn]	(160.823, +0)	 draw_letter_cb: Couldn't get the bitmap of a glyph lv_draw_sw_letter.c:174
[Warn]	(160.847, +24)	 lv_font_get_bitmap_fmt_txt: Compressed fonts is used but LV_USE_FONT_COMPRESSED is not enabled in lv_conf.h lv_font_fmt_txt.c:213
[Warn]	(160.847, +0)	 draw_letter_cb: Couldn't get the bitmap of a glyph lv_draw_sw_letter.c:174
[Warn]	(160.848, +1)	 lv_font_get_bitmap_fmt_txt: Compressed fonts is used but LV_USE_FONT_COMPRESSED is not enabled in lv_conf.h lv_font_fmt_txt.c:213
[Warn]	(160.848, +0)	 draw_letter_cb: Couldn't get the bitmap of a glyph lv_draw_sw_letter.c:174
[Warn]	(160.848, +0)	 lv_font_get_bitmap_fmt_txt: Compressed fonts is used but LV_USE_FONT_COMPRESSED is not enabled in lv_conf.h lv_font_fmt_txt.c:213
[Warn]	(160.849, +1)	 draw_letter_cb: Couldn't get the bitmap of a glyph lv_draw_sw_letter.c:174
[Warn]	(160.849, +0)	 lv_font_get_bitmap_fmt_txt: Compressed fonts is used but LV_USE_FONT_COMPRESSED is not enabled in lv_conf.h lv_font_fmt_txt.c:213
[Warn]	(160.849, +0)	 draw_letter_cb: Couldn't get the bitmap of a glyph lv_draw_sw_letter.c:174
[Warn]	(160.849, +0)	 lv_font_get_bitmap_fmt_txt: Compressed fonts is used but LV_USE_FONT_COMPRESSED is not enabled in lv_conf.h lv_font_fmt_txt.c:213
[Warn]	(160.850, +1)	 draw_letter_cb: Couldn't get the bitmap of a glyph lv_draw_sw_letter.c:174
[Warn]	(160.850, +0)	 lv_font_get_bitmap_fmt_txt: Compressed fonts is used but LV_USE_FONT_COMPRESSED is not enabled in lv_conf.h lv_font_fmt_txt.c:213
[Warn]	(160.850, +0)	 draw_letter_cb: Couldn't get the bitmap of a glyph lv_draw_sw_letter.c:174
[Warn]	(160.851, +1)	 lv_font_get_bitmap_fmt_txt: Compressed fonts is used but LV_USE_FONT_COMPRESSED is not enabled in lv_conf.h lv_font_fmt_txt.c:213
[Warn]	(160.851, +0)	 draw_letter_cb: Couldn't get the bitmap of a glyph lv_draw_sw_letter.c:174
[Warn]	(160.851, +0)	 lv_font_get_bitmap_fmt_txt: Compressed fonts is used but LV_USE_FONT_COMPRESSED is not enabled in lv_conf.h lv_font_fmt_txt.c:213
[Warn]	(160.852, +1)	 draw_letter_cb: Couldn't get the bitmap of a glyph lv_draw_sw_letter.c:174
[Warn]	(160.852, +0)	 lv_font_get_bitmap_fmt_txt: Compressed fonts is used but LV_USE_FONT_COMPRESSED is not enabled in lv_conf.h lv_font_fmt_txt.c:213
[Warn]	(160.852, +0)	 draw_letter_cb: Couldn't get the bitmap of a glyph lv_draw_sw_letter.c:174
[Warn]	(160.853, +1)	 lv_font_get_bitmap_fmt_txt: Compressed fonts is used but LV_USE_FONT_COMPRESSED is not enabled in lv_conf.h lv_font_fmt_txt.c:213
[Warn]	(160.853, +0)	 draw_letter_cb: Couldn't get the bitmap of a glyph lv_draw_sw_letter.c:174
[Warn]	(160.853, +0)	 lv_font_get_bitmap_fmt_txt: Compressed fonts is used but LV_USE_FONT_COMPRESSED is not enabled in lv_conf.h lv_font_fmt_txt.c:213
[Warn]	(160.854, +1)	 draw_letter_cb: Couldn't get the bitmap of a glyph lv_draw_sw_letter.c:174
[Warn]	(160.856, +2)	 lv_font_get_bitmap_fmt_txt: Compressed fonts is used but LV_USE_FONT_COMPRESSED is not enabled in lv_conf.h lv_font_fmt_txt.c:213
[Warn]	(160.856, +0)	 draw_letter_cb: Couldn't get the bitmap of a glyph lv_draw_sw_letter.c:174
[Warn]	(160.856, +0)	 lv_font_get_bitmap_fmt_txt: Compressed fonts is used but LV_USE_FONT_COMPRESSED is not enabled in lv_conf.h lv_font_fmt_txt.c:213
[Warn]	(160.857, +1)	 draw_letter_cb: Couldn't get the bitmap of a glyph lv_draw_sw_letter.c:174
[Warn]	(160.857, +0)	 lv_font_get_bitmap_fmt_txt: Compressed fonts is used but LV_USE_FONT_COMPRESSED is not enabled in lv_conf.h lv_font_fmt_txt.c:213
[Warn]	(160.857, +0)	 draw_letter_cb: Couldn't get the bitmap of a glyph lv_draw_sw_letter.c:174
[Warn]	(160.858, +1)	 lv_font_get_bitmap_fmt_txt: Compressed fonts is used but LV_USE_FONT_COMPRESSED is not enabled in lv_conf.h lv_font_fmt_txt.c:213
[Warn]	(160.858, +0)	 draw_letter_cb: Couldn't get the bitmap of a glyph lv_draw_sw_letter.c:174
[Warn]	(160.880, +22)	 lv_font_get_bitmap_fmt_txt: Compressed fonts is used but LV_USE_FONT_COMPRESSED is not enabled in lv_conf.h lv_font_fmt_txt.c:213
[Warn]	(160.880, +0)	 draw_letter_cb: Couldn't get the bitmap of a glyph lv_draw_sw_letter.c:174
[Warn]	(160.881, +1)	 lv_font_get_bitmap_fmt_txt: Compressed fonts is used but LV_USE_FONT_COMPRESSED is not enabled in lv_conf.h lv_font_fmt_txt.c:213
[Warn]	(160.881, +0)	 draw_letter_cb: Couldn't get the bitmap of a glyph lv_draw_sw_letter.c:174
[Warn]	(160.881, +0)	 lv_font_get_bitmap_fmt_txt: Compressed fonts is used but LV_USE_FONT_COMPRESSED is not enabled in lv_conf.h lv_font_fmt_txt.c:213
[Warn]	(160.882, +1)	 draw_letter_cb: Couldn't get the bitmap of a glyph lv_draw_sw_letter.c:174
[Warn]	(160.882, +0)	 lv_font_get_bitmap_fmt_txt: Compressed fonts is used but LV_USE_FONT_COMPRESSED is not enabled in lv_conf.h lv_font_fmt_txt.c:213
[Warn]	(160.882, +0)	 draw_letter_cb: Couldn't get the bitmap of a glyph lv_draw_sw_letter.c:174
[Warn]	(160.882, +0)	 lv_font_get_bitmap_fmt_txt: Compressed fonts is used but LV_USE_FONT_COMPRESSED is not enabled in lv_conf.h lv_font_fmt_txt.c:213
[Warn]	(160.883, +1)	 draw_letter_cb: Couldn't get the bitmap of a glyph lv_draw_sw_letter.c:174
[Warn]	(160.883, +0)	 lv_font_get_bitmap_fmt_txt: Compressed fonts is used but LV_USE_FONT_COMPRESSED is not enabled in lv_conf.h lv_font_fmt_txt.c:213
[Warn]	(160.883, +0)	 draw_letter_cb: Couldn't get the bitmap of a glyph lv_draw_sw_letter.c:174
[Warn]	(160.884, +1)	 lv_font_get_bitmap_fmt_txt: Compressed fonts is used but LV_USE_FONT_COMPRESSED is not enabled in lv_conf.h lv_font_fmt_txt.c:213
[Warn]	(160.884, +0)	 draw_letter_cb: Couldn't get the bitmap of a glyph lv_draw_sw_letter.c:174
[Warn]	(160.884, +0)	 lv_font_get_bitmap_fmt_txt: Compressed fonts is used but LV_USE_FONT_COMPRESSED is not enabled in lv_conf.h lv_font_fmt_txt.c:213
[Warn]	(160.885, +1)	 draw_letter_cb: Couldn't get the bitmap of a glyph lv_draw_sw_letter.c:174
[Warn]	(160.885, +0)	 lv_font_get_bitmap_fmt_txt: Compressed fonts is used but LV_USE_FONT_COMPRESSED is not enabled in lv_conf.h lv_font_fmt_txt.c:213
[Warn]	(160.885, +0)	 draw_letter_cb: Couldn't get the bitmap of a glyph lv_draw_sw_letter.c:174
[Warn]	(160.886, +1)	 lv_font_get_bitmap_fmt_txt: Compressed fonts is used but LV_USE_FONT_COMPRESSED is not enabled in lv_conf.h lv_font_fmt_txt.c:213
[Warn]	(160.886, +0)	 draw_letter_cb: Couldn't get the bitmap of a glyph lv_draw_sw_letter.c:174
[Warn]	(160.887, +1)	 lv_font_get_bitmap_fmt_txt: Compressed fonts is used but LV_USE_FONT_COMPRESSED is not enabled in lv_conf.h lv_font_fmt_txt.c:213
[Warn]	(160.887, +0)	 draw_letter_cb: Couldn't get the bitmap of a glyph lv_draw_sw_letter.c:174
[Warn]	(160.887, +0)	 lv_font_get_bitmap_fmt_txt: Compressed fonts is used but LV_USE_FONT_COMPRESSED is not enabled in lv_conf.h lv_font_fmt_txt.c:213
[Warn]	(160.888, +1)	 draw_letter_cb: Couldn't get the bitmap of a glyph lv_draw_sw_letter.c:174
[Warn]	(160.888, +0)	 lv_font_get_bitmap_fmt_txt: Compressed fonts is used but LV_USE_FONT_COMPRESSED is not enabled in lv_conf.h lv_font_fmt_txt.c:213
[Warn]	(160.888, +0)	 draw_letter_cb: Couldn't get the bitmap of a glyph lv_draw_sw_letter.c:174
[Warn]	(160.888, +0)	 lv_font_get_bitmap_fmt_txt: Compressed fonts is used but LV_USE_FONT_COMPRESSED is not enabled in lv_conf.h lv_font_fmt_txt.c:213
[Warn]	(160.889, +1)	 draw_letter_cb: Couldn't get the bitmap of a glyph lv_draw_sw_letter.c:174
[Warn]	(160.889, +0)	 lv_font_get_bitmap_fmt_txt: Compressed fonts is used but LV_USE_FONT_COMPRESSED is not enabled in lv_conf.h lv_font_fmt_txt.c:213
[Warn]	(160.889, +0)	 draw_letter_cb: Couldn't get the bitmap of a glyph lv_draw_sw_letter.c:174
